{"type":"FeatureCollection","generator":"Tools/FetchBuildings.py","copyright":"Map data © OpenStreetMap contributors, ODbL 1.0","timestamp":"2026-09-18T21:53:59Z","features":[{"type":"Feature","properties":{"@id":"way/13704175","building":"train_station","building:levels":"2","roof:levels":"1","roof:shape":"many"},"geometry":{"type":"Polygon","coordinates":[[[11.9734944,57.7085118],[11.9737061,57.7085488],[11.9737014,57.7085557],[11.9738016,57.7085731],[11.9737751,57.7086167],[11.9737709,57.7086236],[11.9743348,57.7087214],[11.9743108,57.7087596],[11.9742871,57.7087969],[11.9742027,57.7087816],[11.9741176,57.7087661],[11.9739708,57.7087402],[11.9739165,57.7088235],[11.9738949,57.7088566],[11.9738695,57.7088987],[11.9738136,57.7089864],[11.9738059,57.708998],[11.9730925,57.70887],[11.9724079,57.7087499],[11.9723797,57.7087449],[11.9724626,57.7086101],[11.9725326,57.7084955],[11.9727214,57.7085286],[11.9727675,57.7084536],[11.9728289,57.7084643],[11.9728628,57.7084091],[11.9729636,57.7084273],[11.9729675,57.7084203],[11.9731813,57.7084578],[11.9731839,57.7084541],[11.9733318,57.7084798],[11.9734958,57.708509],[11.9734944,57.7085118]]]}},{"type":"Feature","properties":{"@id":"way/13704178","building":"train_station","building:levels":"4","name":"Centralhuset","roof:levels":"0"},"geometry":{"type":"Polygon","coordinates":[[[11.9719951,57.7093499],[11.9720183,57.7093115],[11.9723004,57.7088455],[11.9723452,57.7088527],[11.9723665,57.7088168],[11.9724079,57.7087499],[11.9730925,57.70887],[11.9738059,57.708998],[11.9737624,57.7090746],[11.973758,57.7090797],[11.9737791,57.7090843],[11.9737228,57.7091743],[11.9736855,57.7092347],[11.9736295,57.7093264],[11.9735946,57.7093834],[11.9735356,57.7094763],[11.9735022,57.7095382],[11.9734451,57.709639],[11.9734101,57.7097008],[11.9733741,57.709762],[11.9730026,57.7096953],[11.9729033,57.709677],[11.9728279,57.709664],[11.9727642,57.7096528],[11.9726318,57.7096292],[11.972444,57.7095957],[11.9719048,57.7094997],[11.9719951,57.7093499]]]}},{"type":"Feature","properties":{"@id":"way/13704190","building":"office","building:levels":"4","roof:levels":"0"},"geometry":{"type":"Polygon","coordinates":[[[11.9760132,57.7090433],[11.9761719,57.7087944],[11.9767419,57.7088981],[11.9767057,57.708955],[11.976646,57.7089441],[11.9765615,57.7090767],[11.9766094,57.7090854],[11.9765715,57.7091449],[11.9760132,57.7090433]]]}},{"type":"Feature","properties":{"@id":"way/22661277","building":"university","building:levels":"3","roof:levels":"1","roof:shape":"hipped"},"geometry":{"type":"Polygon","coordinates":[[[11.9708424,57.6985278],[11.9707098,57.6984719],[11.9709006,57.6983412],[11.9709205,57.6983276],[11.9710443,57.6983779],[11.9710528,57.6983814],[11.9710449,57.6983877],[11.9711373,57.698426],[11.9712437,57.6984703],[11.9713794,57.6983749],[11.9714712,57.6983103],[11.9714675,57.6982989],[11.9714942,57.6982826],[11.971517,57.6982808],[11.9715439,57.6982926],[11.9715455,57.6982969],[11.9715563,57.6982909],[11.9715733,57.698288],[11.9716046,57.6982899],[11.9716393,57.6982977],[11.9716822,57.6983157],[11.9717025,57.6983292],[11.9717171,57.6983455],[11.9717179,57.6983552],[11.9717107,57.6983623],[11.9717449,57.698376],[11.9717475,57.6983875],[11.9717233,57.6984046],[11.9717046,57.6984053],[11.9714729,57.6985651],[11.9715746,57.6986061],[11.971674,57.6986462],[11.9716832,57.6986414],[11.9718173,57.6986956],[11.9717949,57.6987107],[11.9717588,57.6987352],[11.9717526,57.6987539],[11.9717378,57.6987703],[11.9717152,57.6987849],[11.9716868,57.6987955],[11.9716626,57.6988017],[11.9716046,57.6988412],[11.9714705,57.6987855],[11.9715052,57.6987616],[11.9713044,57.6986809],[11.9712993,57.6986837],[11.9712927,57.698681],[11.9711947,57.6986402],[11.9710788,57.698592],[11.9710723,57.6985893],[11.9710773,57.6985842],[11.9708779,57.6985032],[11.9708463,57.698525],[11.9708424,57.6985278]]]}},{"type":"Feature","properties":{"@id":"way/24059735","building":"cathedral","name":"Göteborgs domkyrka"},"geometry":{"type":"Polygon","coordinates":[[[11.9656563,57.7044446],[11.9657254,57.7044709],[11.9657723,57.7044991],[11.9657969,57.704531],[11.9657984,57.7045628],[11.9657765,57.7046078],[11.965736,57.7046359],[11.9656744,57.7046559],[11.965609,57.7046634],[11.9654699,57.7046548],[11.9654625,57.7046933],[11.9653987,57.7046898],[11.9653905,57.7047276],[11.9652737,57.7047204],[11.965152,57.7047129],[11.9651686,57.7046362],[11.9650139,57.7046266],[11.9648015,57.7046133],[11.9648129,57.7045573],[11.9648228,57.7045114],[11.9648354,57.7044529],[11.9648479,57.7043916],[11.9650612,57.7044079],[11.9652159,57.7044174],[11.965231,57.7043474],[11.9654696,57.7043621],[11.9654544,57.7044321],[11.9656563,57.7044446]]]}},{"type":"Feature","properties":{"@id":"way/26251811","building":"retail","building:levels":"5","name":"Nordstan"},"geometry":{"type":"Polygon","coordinates":[[[11.9678583,57.7076168],[11.9682109,57.7076744],[11.9682172,57.7076605],[11.9682557,57.7076458],[11.9683549,57.7076105],[11.9683618,57.7075969],[11.968283,57.7075847],[11.9681855,57.7075695],[11.9678829,57.7075223],[11.9681277,57.7070741],[11.9681637,57.7070797],[11.9682037,57.7070859],[11.9682176,57.7070605],[11.968302,57.7070741],[11.9684768,57.7071009],[11.9685646,57.7071139],[11.9686506,57.707128],[11.9686787,57.7071332],[11.9687616,57.7071463],[11.9688883,57.7071662],[11.969006,57.7071848],[11.9690887,57.7071978],[11.9691161,57.7072022],[11.9692081,57.7072179],[11.9695676,57.7072733],[11.9696476,57.7072856],[11.9697238,57.7072973],[11.9699409,57.7073332],[11.9700283,57.7073462],[11.9700533,57.7073499],[11.9704262,57.7074135],[11.9704942,57.7074248],[11.9706935,57.7074552],[11.9708187,57.7074743],[11.9708283,57.7074758],[11.9709435,57.7074934],[11.9710192,57.707505],[11.9711059,57.7075195],[11.9711947,57.7075331],[11.9712928,57.7075489],[11.9715294,57.707587],[11.9715175,57.707607],[11.9714552,57.7077118],[11.9714427,57.7077327],[11.9714174,57.7077752],[11.9714243,57.7077755],[11.9713371,57.7079128],[11.9712235,57.7080918],[11.9709529,57.7080486],[11.9709427,57.7080456],[11.9708136,57.7080254],[11.9706918,57.7080063],[11.9706924,57.7080053],[11.9704283,57.7079614],[11.9704048,57.7079933],[11.9703876,57.7080269],[11.971177,57.7081488],[11.9710295,57.7083821],[11.9709392,57.7085249],[11.9709194,57.7085561],[11.9709012,57.7085816],[11.9708883,57.7086006],[11.9708543,57.7086515],[11.9708373,57.7086769],[11.9707225,57.7087874],[11.9706133,57.7088925],[11.9702953,57.7091985],[11.9701607,57.709328],[11.9700747,57.7094048],[11.9698063,57.7093611],[11.969295,57.7092778],[11.9692045,57.7092622],[11.9691264,57.7092503],[11.9690894,57.7093336],[11.9690597,57.7093981],[11.9690532,57.7094116],[11.9692707,57.7094434],[11.9697284,57.7095101],[11.9697195,57.7095295],[11.9699466,57.7095589],[11.969832,57.7096691],[11.9696526,57.7098423],[11.9696287,57.7098654],[11.9694453,57.7100469],[11.9694016,57.7100417],[11.9694009,57.7100617],[11.9693948,57.7100793],[11.9693699,57.7101039],[11.9693826,57.7101066],[11.9693812,57.7101079],[11.969361,57.7101303],[11.9693369,57.7101466],[11.9693254,57.710153],[11.9692962,57.7101652],[11.9692681,57.7101734],[11.9692421,57.7101786],[11.9692094,57.7101824],[11.9691833,57.7101835],[11.9691578,57.7101831],[11.9691357,57.7101797],[11.9688929,57.7101474],[11.9684282,57.7100857],[11.9682789,57.7100606],[11.9680925,57.7100355],[11.9678405,57.7100061],[11.9674216,57.7099506],[11.9673324,57.7099391],[11.9672254,57.7099289],[11.9667007,57.7098589],[11.9670767,57.7091067],[11.9682145,57.709282],[11.9683056,57.7092962],[11.9683642,57.7093052],[11.9683929,57.7092486],[11.9684108,57.7092174],[11.9684194,57.7091979],[11.9684276,57.7091815],[11.9683904,57.7091762],[11.9683096,57.7091646],[11.9673849,57.7090322],[11.9671253,57.7089939],[11.9671714,57.7089072],[11.9673325,57.7086025],[11.9673462,57.7085765],[11.9673645,57.708542],[11.9674332,57.7084133],[11.9674687,57.708344],[11.9676102,57.7080777],[11.9676335,57.7080365],[11.9676744,57.707955],[11.9677186,57.7078729],[11.9677576,57.7078002],[11.9677912,57.707734],[11.9678583,57.7076168]]]}},{"type":"Feature","properties":{"@id":"way/26634020","building":"school","building:levels":"5","roof:levels":"2","roof:shape":"gambrel"},"geometry":{"type":"Polygon","coordinates":[[[11.9737581,57.6957687],[11.9736888,57.6957514],[11.9740381,57.695352],[11.9742815,57.6954128],[11.9738985,57.6958506],[11.9748111,57.6960786],[11.9749425,57.6959284],[11.9751017,57.6959681],[11.9748161,57.6962947],[11.9746569,57.6962549],[11.9747245,57.6961776],[11.9744323,57.6961046],[11.9742525,57.6963102],[11.9739237,57.6962281],[11.9741035,57.6960225],[11.9738061,57.6959482],[11.973679,57.6960934],[11.9735108,57.6960514],[11.973546,57.6960112],[11.9737581,57.6957687]]]}},{"type":"Feature","properties":{"@id":"way/28360729","building":"civic","name":"Göteborgs Stadsteater"},"geometry":{"type":"Polygon","coordinates":[[[11.9798513,57.6974614],[11.9799707,57.6973783],[11.9802234,57.697204],[11.9802519,57.6971838],[11.9804499,57.6972659],[11.9804674,57.6972796],[11.9804721,57.6972881],[11.9807492,57.6974019],[11.9809505,57.6972642],[11.9810569,57.6973087],[11.9811397,57.6972487],[11.9817217,57.6975607],[11.9815851,57.6976334],[11.9815747,57.6976311],[11.9815389,57.6976556],[11.9815029,57.6976431],[11.9814963,57.6976374],[11.9814948,57.6976292],[11.9814865,57.697621],[11.9814565,57.6976085],[11.9814614,57.6976025],[11.9814676,57.6976048],[11.9814857,57.6975925],[11.9812142,57.6974788],[11.9809929,57.6976324],[11.9809509,57.6976327],[11.980841,57.6977083],[11.980847,57.6977316],[11.9808534,57.6977336],[11.9807557,57.697801],[11.9807463,57.6977984],[11.9807263,57.6978114],[11.9805441,57.6977359],[11.9805192,57.6977529],[11.9803781,57.6976945],[11.9804025,57.6976774],[11.9800951,57.6975498],[11.9800862,57.6975505],[11.9800713,57.6975489],[11.9800536,57.6975449],[11.9798513,57.6974614]]]}},{"type":"Feature","properties":{"@id":"way/28360753","building":"civic","name":"Lorensbergsteatern"},"geometry":{"type":"Polygon","coordinates":[[[11.9805147,57.6981276],[11.9805349,57.6981385],[11.9805234,57.6981442],[11.9800207,57.6984049],[11.9800017,57.6983954],[11.9798803,57.6984578],[11.9795897,57.698296],[11.9797093,57.6982328],[11.9796883,57.6982216],[11.9802034,57.6979548],[11.9802247,57.6979668],[11.9802605,57.6979608],[11.980299,57.6979593],[11.9803529,57.69796],[11.9804195,57.6979737],[11.9804785,57.6980008],[11.9805179,57.6980372],[11.9805298,57.6980896],[11.9805147,57.6981276]]]}},{"type":"Feature","properties":{"@id":"way/28901326","building":"retail","name":"Saluhallen"},"geometry":{"type":"Polygon","coordinates":[[[11.9681912,57.7038208],[11.9676627,57.7036701],[11.9673065,57.7035685],[11.9673099,57.7035616],[11.9672718,57.7035446],[11.9672627,57.7035277],[11.9672631,57.703508],[11.9673135,57.7034575],[11.9673213,57.7034498],[11.9673278,57.7034431],[11.9673845,57.7033864],[11.9674342,57.7033367],[11.9674411,57.7033289],[11.9674463,57.7033237],[11.9675011,57.7032688],[11.967535,57.7032543],[11.9675784,57.7032524],[11.9676136,57.7032576],[11.9676362,57.7032537],[11.9679383,57.7033389],[11.9684421,57.7034836],[11.9685061,57.7035019],[11.9685172,57.7035112],[11.9685212,57.7035172],[11.9685184,57.7035271],[11.9684938,57.7035517],[11.9685039,57.7035546],[11.9684632,57.7035953],[11.9683934,57.7036652],[11.9683153,57.7037434],[11.9682649,57.7037938],[11.9682548,57.703791],[11.9682321,57.7038137],[11.9682207,57.7038212],[11.9682084,57.7038222],[11.9681912,57.7038208]]]}},{"type":"Feature","properties":{"@id":"way/33608817","building":"yes","name":"Trädgår'n"},"geometry":{"type":"Polygon","coordinates":[[[11.9751715,57.7043398],[11.9754485,57.7041619],[11.9762988,57.7045397],[11.9760218,57.7047177],[11.9751715,57.7043398]]]}},{"type":"Feature","properties":{"@id":"way/37648189","building":"church","height":"15","name":"Tyska kyrkan"},"geometry":{"type":"Polygon","coordinates":[[[11.9650402,57.7068248],[11.9644379,57.7067272],[11.9645289,57.7065602],[11.9648788,57.7066137],[11.9651551,57.7066546],[11.9652334,57.706688],[11.9652415,57.7067086],[11.9653108,57.7067204],[11.9653303,57.7067517],[11.9653091,57.7067951],[11.9652508,57.7068147],[11.9651867,57.7068064],[11.9651543,57.7068223],[11.9651283,57.7068248],[11.9651274,57.7068559],[11.965093,57.7068653],[11.9650559,57.7068658],[11.9650352,57.706843],[11.9650402,57.7068248]]]}},{"type":"Feature","properties":{"@id":"way/40330178","building":"civic","building:levels":"3","name":"Stora Teatern","roof:levels":"1","roof:shape":"many"},"geometry":{"type":"Polygon","coordinates":[[[11.9708442,57.7027434],[11.9708195,57.7027594],[11.9707871,57.7027804],[11.9707079,57.7027455],[11.9703557,57.7025903],[11.9703349,57.7025811],[11.9703488,57.7025721],[11.9701857,57.7025002],[11.9702289,57.7024722],[11.9701778,57.7024497],[11.9704035,57.7023035],[11.9704546,57.702326],[11.970502,57.7022952],[11.9711174,57.7025664],[11.9710699,57.7025971],[11.9711525,57.7026335],[11.971117,57.7026565],[11.9710863,57.7026764],[11.9710445,57.7027035],[11.9710069,57.7027279],[11.9709745,57.7027489],[11.9709268,57.7027798],[11.9708442,57.7027434]]]}},{"type":"Feature","properties":{"@id":"way/41820780","building":"yes","roof:shape":"hipped"},"geometry":{"type":"Polygon","coordinates":[[[11.9726782,57.6963241],[11.9728725,57.6961148],[11.9734267,57.6962618],[11.9733165,57.6963806],[11.9729341,57.6962792],[11.97285,57.6963697],[11.9726782,57.6963241]]]}},{"type":"Feature","properties":{"@id":"way/41820794","building":"yes","roof:shape":"gabled"},"geometry":{"type":"Polygon","coordinates":[[[11.9735115,57.6964047],[11.9736129,57.6964311],[11.9736074,57.6964371],[11.9738955,57.6965123],[11.9739021,57.6965051],[11.9739971,57.6965299],[11.9739914,57.6965361],[11.9742235,57.6965966],[11.9741179,57.6967123],[11.9734013,57.6965253],[11.9735115,57.6964047]]]}},{"type":"Feature","properties":{"@id":"way/41820822","building":"yes","name":"Studenternas Hus"},"geometry":{"type":"Polygon","coordinates":[[[11.97498,57.69669],[11.9751357,57.696756],[11.9749554,57.6968806],[11.9746777,57.6970735],[11.9742813,57.6968804],[11.9743079,57.6968624],[11.9742833,57.6968531],[11.9742753,57.6968587],[11.9741748,57.6968192],[11.9745866,57.6965336],[11.9746826,57.6965715],[11.9747138,57.6965501],[11.9750082,57.6966713],[11.97498,57.69669]]]}},{"type":"Feature","properties":{"@id":"way/41820985","building":"school","building:levels":"4","roof:levels":"1","roof:shape":"quadruple_saltbox"},"geometry":{"type":"Polygon","coordinates":[[[11.9755074,57.6951932],[11.9756083,57.6950749],[11.9757005,57.6950974],[11.9757263,57.695067],[11.9757713,57.695078],[11.975953,57.694865],[11.9759194,57.6948568],[11.9760253,57.6947326],[11.9758337,57.6946859],[11.9758478,57.6946694],[11.9758356,57.6946662],[11.9758347,57.6946388],[11.9758668,57.6945997],[11.975911,57.6945789],[11.9759223,57.6945816],[11.9759271,57.694576],[11.9763868,57.694688],[11.9758787,57.6952837],[11.9755074,57.6951932]]]}},{"type":"Feature","properties":{"@id":"way/41821022","building":"yes","building:levels":"1","roof:shape":"hipped"},"geometry":{"type":"Polygon","coordinates":[[[11.9741746,57.6951602],[11.9738583,57.6950293],[11.9738718,57.6950199],[11.9740022,57.6949299],[11.9740277,57.6949123],[11.9741184,57.6949498],[11.9742506,57.6950045],[11.9743441,57.6950432],[11.9743,57.6950736],[11.9742148,57.6951324],[11.9741746,57.6951602]]]}},{"type":"Feature","properties":{"@id":"way/44500667","building":"retail","building:levels":"4"},"geometry":{"type":"Polygon","coordinates":[[[11.970126,57.7071105],[11.9702607,57.7068667],[11.9704431,57.7068955],[11.9707537,57.7069444],[11.9712803,57.7070275],[11.9711456,57.7072713],[11.9707908,57.7072153],[11.970126,57.7071105]]]}},{"type":"Feature","properties":{"@id":"way/45408367","building":"retail","building:levels":"1","name":"Lagerhuset","roof:levels":"1","roof:shape":"gabled"},"geometry":{"type":"Polygon","coordinates":[[[11.976234,57.7068603],[11.9764428,57.7066969],[11.9765904,57.7067507],[11.9763816,57.7069141],[11.976234,57.7068603]]]}},{"type":"Feature","properties":{"@id":"way/45408368","building":"yes","name":"Alfons Åbergs Kulturhus"},"geometry":{"type":"Polygon","coordinates":[[[11.975288,57.7068335],[11.9752361,57.7068987],[11.9752424,57.7069001],[11.9751893,57.7069669],[11.9751315,57.7069538],[11.9750673,57.7070346],[11.975129,57.7070487],[11.9750753,57.7071163],[11.9750597,57.7071127],[11.9750411,57.7071361],[11.9748796,57.7070994],[11.9748229,57.7070865],[11.9750645,57.7067827],[11.975288,57.7068335]]]}},{"type":"Feature","properties":{"@id":"way/45408369","building":"yes","building:levels":"2","name":"Frömagasinet","roof:shape":"gabled"},"geometry":{"type":"Polygon","coordinates":[[[11.9761572,57.7068702],[11.9765075,57.7069894],[11.9764028,57.7070772],[11.9760525,57.706958],[11.9761572,57.7068702]]]}},{"type":"Feature","properties":{"@id":"way/45408372","building":"greenhouse","name":"Palmhuset"},"geometry":{"type":"Polygon","coordinates":[[[11.976163,57.7056151],[11.9762367,57.7056437],[11.9762727,57.7056576],[11.9760878,57.7057939],[11.9759781,57.7057515],[11.9760134,57.7057255],[11.9758046,57.7056447],[11.9757048,57.7057183],[11.9755331,57.7056519],[11.9756329,57.7055783],[11.9754205,57.7054961],[11.9753864,57.7055213],[11.9752769,57.705479],[11.9754607,57.7053434],[11.9755171,57.7053652],[11.9755702,57.7053857],[11.9755347,57.7054119],[11.975747,57.7054941],[11.9758182,57.7054415],[11.9758494,57.7054536],[11.9758759,57.7054341],[11.9759484,57.7054621],[11.975986,57.7054766],[11.9759595,57.7054962],[11.9759899,57.705508],[11.9759187,57.7055605],[11.9761275,57.7056413],[11.976163,57.7056151]]]}},{"type":"Feature","properties":{"@id":"way/45408373","building":"greenhouse","name":"Växthuset"},"geometry":{"type":"Polygon","coordinates":[[[11.9765004,57.7058442],[11.9766156,57.7058852],[11.9764556,57.7060134],[11.9766311,57.706076],[11.9765306,57.7061565],[11.9763551,57.7060939],[11.9761932,57.7062236],[11.9760779,57.7061825],[11.9762398,57.7060529],[11.9762204,57.706046],[11.9763209,57.7059655],[11.9763404,57.7059724],[11.9765004,57.7058442]]]}},{"type":"Feature","properties":{"@id":"way/45408374","building":"retail"},"geometry":{"type":"Polygon","coordinates":[[[11.9757406,57.706586],[11.9758528,57.7064976],[11.9759839,57.706545],[11.9759694,57.7065565],[11.9762956,57.7066746],[11.9762123,57.7067403],[11.975886,57.7066222],[11.9758717,57.7066335],[11.9757406,57.706586]]]}},{"type":"Feature","properties":{"@id":"way/49131879","building":"university","building:levels":"3","name":"Humanistiska biblioteket","roof:levels":"0"},"geometry":{"type":"Polygon","coordinates":[[[11.9852322,57.695131],[11.985134,57.6951093],[11.9851577,57.6950787],[11.9852576,57.6951004],[11.9853096,57.6950402],[11.9853928,57.6950605],[11.9855131,57.6950893],[11.9855598,57.6950337],[11.985684,57.6950637],[11.9856701,57.6950815],[11.9857676,57.695105],[11.9857382,57.695143],[11.9858821,57.6951768],[11.9856368,57.6954697],[11.9858013,57.6955096],[11.9857371,57.6955867],[11.9858003,57.6956024],[11.9856532,57.6957754],[11.9854412,57.6957238],[11.9853783,57.6957997],[11.9847834,57.6956575],[11.9852322,57.695131]]]}},{"type":"Feature","properties":{"@id":"way/49365568","building":"school","building:levels":"4"},"geometry":{"type":"Polygon","coordinates":[[[11.9813069,57.704306],[11.9813026,57.7046048],[11.9808759,57.704603],[11.9808448,57.7045973],[11.9808225,57.7045888],[11.9808126,57.7045756],[11.9808145,57.7044305],[11.9808155,57.7043572],[11.9808282,57.7043572],[11.9808288,57.7043098],[11.9808746,57.70431],[11.9808747,57.7043042],[11.9809825,57.7043047],[11.9811133,57.7043052],[11.9813069,57.704306]]]}},{"type":"Feature","properties":{"@id":"way/49365594","building":"apartments","building:levels":"4","height":"24"},"geometry":{"type":"Polygon","coordinates":[[[11.9808044,57.7034847],[11.9811509,57.7036244],[11.9811534,57.7036519],[11.9809719,57.7037949],[11.980821,57.7039009],[11.9807217,57.7040205],[11.980553,57.7042828],[11.9805045,57.7045772],[11.9804654,57.7045962],[11.980055,57.7045943],[11.9800622,57.7044609],[11.9802573,57.7044642],[11.9802854,57.7043192],[11.980351,57.7041778],[11.9804224,57.7040522],[11.9805568,57.7039182],[11.9807098,57.7037779],[11.9808371,57.7036651],[11.980655,57.7035905],[11.98068,57.7035728],[11.9808044,57.7034847]]]}},{"type":"Feature","properties":{"@id":"way/49365602","building":"apartments","building:levels":"5","height":"25.1"},"geometry":{"type":"Polygon","coordinates":[[[11.9826911,57.704249],[11.9827499,57.7042749],[11.9827218,57.7042931],[11.9826542,57.7043369],[11.9824324,57.7043348],[11.9813743,57.7038943],[11.9812606,57.7038469],[11.9813847,57.7037618],[11.9814237,57.7037608],[11.9825323,57.7042209],[11.9825557,57.7042114],[11.9826708,57.7042621],[11.9826911,57.704249]]]}},{"type":"Feature","properties":{"@id":"way/49365603","building":"apartments","building:levels":"8","height":"36"},"geometry":{"type":"Polygon","coordinates":[[[11.9828925,57.7043358],[11.983096,57.7043366],[11.9830917,57.7046211],[11.9830067,57.7046208],[11.9830068,57.7046144],[11.981467,57.7046086],[11.9814717,57.704253],[11.9815288,57.7042266],[11.9817154,57.7042274],[11.9817115,57.7044864],[11.9828902,57.7044914],[11.9828925,57.7043358]]]}},{"type":"Feature","properties":{"@id":"way/49365604","building":"yes"},"geometry":{"type":"Polygon","coordinates":[[[11.9814677,57.704196],[11.9814048,57.7042404],[11.9810204,57.7040849],[11.9810834,57.7040405],[11.9811277,57.7040584],[11.9814677,57.704196]]]}},{"type":"Feature","properties":{"@id":"way/50336852","building":"yes","building:levels":"3"},"geometry":{"type":"Polygon","coordinates":[[[11.9716088,57.7058266],[11.9718189,57.7060978],[11.9719559,57.7062746],[11.9719413,57.7063187],[11.9718655,57.7063391],[11.9717167,57.7063164],[11.9714056,57.706269],[11.9704386,57.7061217],[11.9703323,57.7061055],[11.9705695,57.7056677],[11.9707708,57.7056985],[11.9708129,57.7057049],[11.9714816,57.7058071],[11.9716088,57.7058266]]]}},{"type":"Feature","properties":{"@id":"way/52564791","building":"apartments"},"geometry":{"type":"Polygon","coordinates":[[[11.9814677,57.6961474],[11.9815739,57.6960723],[11.9815849,57.6960767],[11.9820344,57.6957589],[11.9820234,57.6957545],[11.9822014,57.6956287],[11.9823964,57.6957074],[11.9816627,57.6962261],[11.9814677,57.6961474]]]}},{"type":"Feature","properties":{"@id":"way/52564793","building":"yes"},"geometry":{"type":"Polygon","coordinates":[[[11.981813,57.6952322],[11.9818781,57.6951965],[11.9821781,57.6953529],[11.9820216,57.6954386],[11.9817216,57.6952823],[11.9817343,57.6952753],[11.981813,57.6952322]]]}},{"type":"Feature","properties":{"@id":"way/52564823","building":"yes","name":"Carlanderska villan"},"geometry":{"type":"Polygon","coordinates":[[[11.9813956,57.6951043],[11.9812712,57.6949964],[11.9813156,57.6949818],[11.9811453,57.6948341],[11.9813435,57.6947689],[11.9814778,57.6948854],[11.9815456,57.6948631],[11.9816059,57.6949154],[11.981441,57.6949697],[11.981541,57.6950564],[11.9813956,57.6951043]]]}},{"type":"Feature","properties":{"@id":"way/52565042","building":"yes"},"geometry":{"type":"Polygon","coordinates":[[[11.9810412,57.6959259],[11.98091,57.6958703],[11.980927,57.6958588],[11.9807158,57.6957692],[11.9808566,57.6956744],[11.9810941,57.6957751],[11.9811805,57.6957169],[11.9812854,57.6957614],[11.9810412,57.6959259]]]}},{"type":"Feature","properties":{"@id":"way/52565047","building":"yes"},"geometry":{"type":"Polygon","coordinates":[[[11.9813509,57.6955688],[11.9813118,57.6955956],[11.9812068,57.6955519],[11.9812454,57.6955255],[11.9811035,57.6954663],[11.9812338,57.695377],[11.9815721,57.6955179],[11.9815236,57.6955511],[11.9814422,57.6956069],[11.9813509,57.6955688]]]}},{"type":"Feature","properties":{"@id":"way/52565055","building":"yes"},"geometry":{"type":"Polygon","coordinates":[[[11.980926,57.6953895],[11.9806886,57.6952903],[11.9808242,57.6951976],[11.9810616,57.6952968],[11.980926,57.6953895]]]}},{"type":"Feature","properties":{"@id":"way/52565063","building":"yes"},"geometry":{"type":"Polygon","coordinates":[[[11.9804182,57.6956751],[11.9802536,57.6956073],[11.9804551,57.6954676],[11.9806197,57.6955354],[11.9804182,57.6956751]]]}},{"type":"Feature","properties":{"@id":"way/52565065","building":"yes","name":"Göteborg Organ Art Center","roof:shape":"hipped"},"geometry":{"type":"Polygon","coordinates":[[[11.9801752,57.6954513],[11.9801678,57.6954485],[11.9801468,57.6954629],[11.9800087,57.6954062],[11.9800291,57.6953916],[11.9799089,57.695342],[11.9800462,57.6952449],[11.980313,57.6953554],[11.9801752,57.6954513]]]}},{"type":"Feature","properties":{"@id":"way/52565066","building":"detached"},"geometry":{"type":"Polygon","coordinates":[[[11.9796584,57.6956323],[11.9796432,57.6956057],[11.9796389,57.6956063],[11.9795414,57.6954381],[11.9797478,57.6954039],[11.9797741,57.6954505],[11.9798159,57.6954433],[11.9798323,57.6954731],[11.9798672,57.6954671],[11.9798691,57.6954711],[11.9799687,57.6954545],[11.9799979,57.6954752],[11.9800126,57.695532],[11.979914,57.6955481],[11.9799152,57.6955507],[11.9798552,57.6955607],[11.9798651,57.6955778],[11.9797891,57.6955905],[11.9797999,57.695609],[11.9797661,57.6956146],[11.9797557,57.6956282],[11.9797152,57.6956352],[11.9796902,57.6956272],[11.9796584,57.6956323]]]}},{"type":"Feature","properties":{"@id":"way/52565067","building":"yes","name":"Institutionen för filosofi, lingvistik och vetenskapsteori"},"geometry":{"type":"Polygon","coordinates":[[[11.9801517,57.695838],[11.9798814,57.6957248],[11.9800028,57.695642],[11.9802731,57.6957552],[11.9801517,57.695838]]]}},{"type":"Feature","properties":{"@id":"way/52565070","building":"yes","name":"Målarnas Hus","roof:shape":"gabled"},"geometry":{"type":"Polygon","coordinates":[[[11.9798346,57.6960334],[11.9796526,57.6959622],[11.9796665,57.695952],[11.979652,57.6959464],[11.9797139,57.6959012],[11.9797272,57.6959064],[11.9798013,57.6958523],[11.9799845,57.695924],[11.9798346,57.6960334]]]}},{"type":"Feature","properties":{"@id":"way/52565103","building":"detached","roof:shape":"gabled"},"geometry":{"type":"Polygon","coordinates":[[[11.9791942,57.6960021],[11.9792498,57.6958268],[11.9795163,57.6958437],[11.9794557,57.6960218],[11.9791942,57.6960021]]]}},{"type":"Feature","properties":{"@id":"way/52565110","building":"detached","roof:shape":"hipped"},"geometry":{"type":"Polygon","coordinates":[[[11.9789379,57.6956597],[11.979012,57.6955394],[11.9791063,57.6955561],[11.9791233,57.6955301],[11.9792314,57.6955489],[11.979216,57.6955737],[11.9792954,57.6955893],[11.9792213,57.6957096],[11.9789379,57.6956597]]]}},{"type":"Feature","properties":{"@id":"way/52565126","building":"detached","building:levels":"3","roof:levels":"1","roof:shape":"gabled"},"geometry":{"type":"Polygon","coordinates":[[[11.9784406,57.6955805],[11.9785495,57.695448],[11.9787758,57.6955011],[11.9786668,57.6956336],[11.9784406,57.6955805]]]}},{"type":"Feature","properties":{"@id":"way/52565146","building":"yes"},"geometry":{"type":"Polygon","coordinates":[[[11.9781369,57.69587],[11.978101,57.6957441],[11.9783604,57.6957229],[11.9783663,57.6957437],[11.9784354,57.6957381],[11.9784593,57.6958219],[11.9783902,57.6958275],[11.9783963,57.6958488],[11.9781369,57.69587]]]}},{"type":"Feature","properties":{"@id":"way/52565149","building":"yes","roof:shape":"hipped"},"geometry":{"type":"Polygon","coordinates":[[[11.9777174,57.6954715],[11.9778563,57.6953856],[11.9779454,57.6954269],[11.9780907,57.6954944],[11.9781798,57.6955346],[11.9781951,57.6955421],[11.9780561,57.695628],[11.9780294,57.6956157],[11.9778637,57.6955391],[11.9777174,57.6954715]]]}},{"type":"Feature","properties":{"@id":"way/52565150","building":"yes"},"geometry":{"type":"Polygon","coordinates":[[[11.9776603,57.6953319],[11.9774059,57.6951928],[11.9776809,57.6950491],[11.9779354,57.6951881],[11.9776603,57.6953319]]]}},{"type":"Feature","properties":{"@id":"way/52565151","building":"yes","roof:shape":"gabled"},"geometry":{"type":"Polygon","coordinates":[[[11.9772302,57.6956527],[11.9770258,57.6954536],[11.9771974,57.6954033],[11.9774017,57.6956024],[11.9772302,57.6956527]]]}},{"type":"Feature","properties":{"@id":"way/52565152","building":"yes","roof:shape":"hipped"},"geometry":{"type":"Polygon","coordinates":[[[11.9769073,57.6951634],[11.9770695,57.6949967],[11.9772811,57.6950566],[11.9771546,57.6951758],[11.9771703,57.6951817],[11.9771241,57.6952227],[11.9771513,57.6952558],[11.9770282,57.6952836],[11.9769799,57.6952331],[11.9770188,57.6951926],[11.9769073,57.6951634]]]}},{"type":"Feature","properties":{"@id":"way/54775888","building":"yes"},"geometry":{"type":"Polygon","coordinates":[[[11.9663869,57.7026676],[11.9668145,57.702652],[11.9671423,57.7026401],[11.9671873,57.7026677],[11.9672195,57.7026585],[11.9672429,57.7026768],[11.9672656,57.7026946],[11.9672453,57.7027015],[11.9672828,57.702733],[11.9672304,57.7028301],[11.9672181,57.7028528],[11.9671059,57.703065],[11.9668854,57.703482],[11.9660716,57.7032551],[11.9659997,57.703235],[11.9662631,57.7029545],[11.9664577,57.7030114],[11.9664409,57.7029118],[11.9668396,57.7029738],[11.9668926,57.7028755],[11.9669398,57.7028833],[11.9669774,57.7028054],[11.9669387,57.7027785],[11.9669016,57.7027806],[11.9669038,57.7027923],[11.9664153,57.7028066],[11.9663869,57.7026676]]]}},{"type":"Feature","properties":{"@id":"way/54775892","building":"yes","name":"Kinesiska generalkonsulatet"},"geometry":{"type":"Polygon","coordinates":[[[11.9659399,57.7028679],[11.9660092,57.7027921],[11.9661069,57.7026854],[11.9661562,57.7026779],[11.9663869,57.7026676],[11.9664153,57.7028066],[11.9664409,57.7029118],[11.9664577,57.7030114],[11.9662631,57.7029545],[11.9659399,57.7028679]]]}},{"type":"Feature","properties":{"@id":"way/56692655","building":"yes","name":"Lasse på Heden"},"geometry":{"type":"Polygon","coordinates":[[[11.9794347,57.7000495],[11.9795721,57.6999803],[11.979662,57.7000313],[11.9795245,57.7001005],[11.9794347,57.7000495]]]}},{"type":"Feature","properties":{"@id":"way/69178113","building":"apartments"},"geometry":{"type":"Polygon","coordinates":[[[11.9670946,57.6949368],[11.9670787,57.6950695],[11.9668801,57.6950662],[11.9668799,57.6950542],[11.9668169,57.6950531],[11.9668256,57.6949626],[11.9668451,57.6949625],[11.9668484,57.694929],[11.9670946,57.6949368]]]}},{"type":"Feature","properties":{"@id":"way/69178114","building":"apartments","roof:shape":"hipped"},"geometry":{"type":"Polygon","coordinates":[[[11.9678812,57.6950325],[11.9680516,57.6950641],[11.968322,57.6951143],[11.9685017,57.6951476],[11.9685495,57.6951059],[11.9686953,57.6949784],[11.9688422,57.6948501],[11.9688501,57.694838],[11.9689307,57.6947143],[11.9689925,57.6946196],[11.9692103,57.6946616],[11.9692457,57.6946684],[11.9690897,57.6949255],[11.9689088,57.6950727],[11.9686253,57.6953034],[11.9683356,57.6952517],[11.9678012,57.6951563],[11.9678436,57.6950906],[11.9678812,57.6950325]]]}},{"type":"Feature","properties":{"@id":"way/69178116","building":"apartments","building:levels":"6","roof:levels":"1"},"geometry":{"type":"Polygon","coordinates":[[[11.9666917,57.6952453],[11.9672635,57.6952728],[11.9675108,57.6953008],[11.9677665,57.6953298],[11.9682575,57.6954123],[11.9682704,57.695428],[11.9682338,57.6954992],[11.9682144,57.6954965],[11.9681898,57.6955336],[11.9677489,57.695457],[11.9672615,57.6953957],[11.9669393,57.695376],[11.9667102,57.6953621],[11.966691,57.6953609],[11.9666917,57.6952453]]]}},{"type":"Feature","properties":{"@id":"way/69178117","building":"apartments","building:levels":"8","roof:levels":"1"},"geometry":{"type":"Polygon","coordinates":[[[11.9678852,57.6956014],[11.9680989,57.6956557],[11.9679668,57.6958253],[11.9678411,57.6959866],[11.9674184,57.6959215],[11.9670331,57.6958808],[11.9666749,57.6958579],[11.9666409,57.6958557],[11.9666489,57.6957408],[11.9666727,57.6957422],[11.9670604,57.6957655],[11.9673867,57.6957955],[11.9677057,57.6958314],[11.9678852,57.6956014]]]}},{"type":"Feature","properties":{"@id":"way/69286349","building":"school","roof:shape":"hipped"},"geometry":{"type":"Polygon","coordinates":[[[11.968226,57.6971885],[11.9682751,57.6971964],[11.9684046,57.6969651],[11.96867,57.6970075],[11.9685408,57.6972383],[11.9685798,57.6972445],[11.9685454,57.697306],[11.9686756,57.6973268],[11.9687458,57.6972013],[11.968914,57.6972282],[11.9686984,57.6976134],[11.9685154,57.6975842],[11.968601,57.6974313],[11.9684763,57.6974113],[11.9684691,57.6974241],[11.968323,57.6974003],[11.9681737,57.6973769],[11.9681809,57.6973639],[11.9679662,57.6973296],[11.9678816,57.6974806],[11.9677252,57.6974556],[11.9679399,57.697072],[11.968149,57.6971054],[11.9680786,57.6972311],[11.968192,57.6972493],[11.968226,57.6971885]]]}},{"type":"Feature","properties":{"@id":"way/70877603","building":"apartments","building:levels":"5","roof:levels":"1"},"geometry":{"type":"Polygon","coordinates":[[[11.9654493,57.6976433],[11.9652843,57.6976174],[11.9653961,57.6974143],[11.9655295,57.6974353],[11.9655216,57.6974496],[11.9656293,57.6974665],[11.9656594,57.6974585],[11.96569,57.697492],[11.9656617,57.6974996],[11.9655856,57.6976379],[11.965463,57.6976187],[11.9654554,57.6976324],[11.9654493,57.6976433]]]}},{"type":"Feature","properties":{"@id":"way/70877604","building":"yes","name":"Odd Fellow Orden"},"geometry":{"type":"Polygon","coordinates":[[[11.9651539,57.697517],[11.96512,57.6975832],[11.9651449,57.6975869],[11.9651051,57.6976647],[11.9650781,57.6976608],[11.9650486,57.6977186],[11.9647879,57.6976805],[11.9647922,57.697672],[11.9645968,57.6976434],[11.9646272,57.697584],[11.9647225,57.6975979],[11.9647937,57.6974587],[11.9649056,57.6974751],[11.9649158,57.6974551],[11.9650822,57.6974794],[11.9650693,57.6975046],[11.9651539,57.697517]]]}},{"type":"Feature","properties":{"@id":"way/70877616","building":"apartments"},"geometry":{"type":"Polygon","coordinates":[[[11.9655341,57.6955692],[11.965557,57.6955968],[11.9654159,57.6958003],[11.9653189,57.6957776],[11.9653134,57.6957863],[11.9651261,57.6957522],[11.96513,57.6957416],[11.9650296,57.6957228],[11.96517,57.6955189],[11.9652185,57.6955069],[11.9655341,57.6955692]]]}},{"type":"Feature","properties":{"@id":"way/70877617","building":"apartments"},"geometry":{"type":"Polygon","coordinates":[[[11.9653987,57.6954589],[11.9652094,57.6954235],[11.9654124,57.6951275],[11.9656048,57.695163],[11.9655337,57.6952643],[11.9653987,57.6954589]]]}},{"type":"Feature","properties":{"@id":"way/70877619","building":"apartments"},"geometry":{"type":"Polygon","coordinates":[[[11.9658773,57.6962539],[11.9658368,57.696331],[11.9659868,57.6963535],[11.9660121,57.6963054],[11.9659998,57.6962952],[11.9660079,57.6962759],[11.9660296,57.6962692],[11.9662753,57.696306],[11.9662657,57.6963257],[11.9662548,57.696348],[11.9662447,57.6963465],[11.9662165,57.6964002],[11.9662422,57.696404],[11.9661869,57.6965093],[11.9661621,57.6965056],[11.9661325,57.696562],[11.9661436,57.6965637],[11.9661218,57.6966051],[11.9659979,57.6965865],[11.9660047,57.6965736],[11.96588,57.6965549],[11.9658676,57.6965438],[11.9658763,57.696526],[11.9658979,57.6965205],[11.9659217,57.6964752],[11.9657718,57.6964527],[11.9657315,57.6965294],[11.965532,57.6964995],[11.9656768,57.6962238],[11.9658773,57.6962539]]]}},{"type":"Feature","properties":{"@id":"way/70877622","building":"apartments"},"geometry":{"type":"Polygon","coordinates":[[[11.9660785,57.6966763],[11.9660359,57.6967572],[11.9659936,57.6968376],[11.9658762,57.6968194],[11.9658813,57.6968105],[11.9656482,57.6967735],[11.9656411,57.6967845],[11.965402,57.6967471],[11.9654088,57.6967363],[11.9653737,57.6967307],[11.9653546,57.6967397],[11.9651911,57.6967141],[11.9652814,57.6965492],[11.9654403,57.6965741],[11.9654554,57.6965883],[11.9657999,57.6966386],[11.9658047,57.6966311],[11.9658716,57.6966416],[11.9658913,57.6966579],[11.9659573,57.6966678],[11.965962,57.6966587],[11.9660785,57.6966763]]]}},{"type":"Feature","properties":{"@id":"way/70877623","building":"office"},"geometry":{"type":"Polygon","coordinates":[[[11.9655149,57.6972394],[11.9656509,57.6969886],[11.9656787,57.6969374],[11.9658896,57.69697],[11.9657894,57.6971549],[11.9656952,57.6973288],[11.9654842,57.6972961],[11.9655149,57.6972394]]]}},{"type":"Feature","properties":{"@id":"way/70877625","building":"apartments","building:levels":"5","roof:levels":"1"},"geometry":{"type":"Polygon","coordinates":[[[11.9681678,57.6966301],[11.9682524,57.696641],[11.9682684,57.6966373],[11.968298,57.6965904],[11.9683913,57.6966072],[11.9683708,57.6966411],[11.9682723,57.6967817],[11.9680184,57.6967392],[11.9679694,57.6967],[11.9679555,57.6966147],[11.9679444,57.6965252],[11.9681593,57.6965177],[11.9681658,57.6966024],[11.9681678,57.6966301]]]}},{"type":"Feature","properties":{"@id":"way/70877628","building":"apartments"},"geometry":{"type":"Polygon","coordinates":[[[11.9664471,57.6952382],[11.9664723,57.6952512],[11.9664211,57.6958487],[11.966391,57.6958603],[11.9661947,57.6958567],[11.9656715,57.6958423],[11.9656803,57.6957138],[11.9661866,57.6957266],[11.9662193,57.6953671],[11.9660006,57.6953608],[11.9660122,57.69523],[11.9662602,57.6952346],[11.9664471,57.6952382]]]}},{"type":"Feature","properties":{"@id":"way/70877694","building":"apartments","building:levels":"6","roof:levels":"1"},"geometry":{"type":"Polygon","coordinates":[[[11.9698852,57.696896],[11.970153,57.6969307],[11.9701902,57.6968651],[11.9704301,57.6969048],[11.9703383,57.6970554],[11.9703096,57.6971013],[11.9698614,57.6970352],[11.9698029,57.697026],[11.9698852,57.696896]]]}},{"type":"Feature","properties":{"@id":"way/70909858","building":"hotel"},"geometry":{"type":"Polygon","coordinates":[[[11.9785099,57.6986485],[11.9783838,57.6985947],[11.9782132,57.6987118],[11.9783673,57.6987753],[11.9782699,57.6988432],[11.978126,57.6987835],[11.9781819,57.6987449],[11.9781795,57.6987438],[11.9781401,57.69877],[11.9781269,57.6987642],[11.9781066,57.698769],[11.9780738,57.6987696],[11.9780142,57.6987635],[11.9779614,57.6987437],[11.9779344,57.698715],[11.9779326,57.6986805],[11.9779572,57.6986521],[11.9779491,57.6986493],[11.9787066,57.698124],[11.9788127,57.6981679],[11.9788377,57.6981507],[11.9789045,57.6981782],[11.9788819,57.6981948],[11.9790679,57.6982721],[11.9790656,57.6982736],[11.9785099,57.6986485]]]}},{"type":"Feature","properties":{"@id":"way/70909860","building":"apartments","building:levels":"5","roof:levels":"1"},"geometry":{"type":"Polygon","coordinates":[[[11.9756749,57.698359],[11.9758274,57.6982564],[11.9760065,57.6983314],[11.9761884,57.6984076],[11.9761922,57.6984222],[11.975972,57.6985717],[11.9759441,57.6985907],[11.9757419,57.6985077],[11.9757776,57.6984807],[11.9757733,57.6984656],[11.9757946,57.698449],[11.9758232,57.6984394],[11.9758573,57.6984382],[11.9758541,57.6984165],[11.9757165,57.6983891],[11.975689,57.6983913],[11.9756663,57.6983853],[11.97566,57.6983742],[11.9756749,57.698359]]]}},{"type":"Feature","properties":{"@id":"way/70909861","building":"apartments","building:levels":"6","roof:levels":"1"},"geometry":{"type":"Polygon","coordinates":[[[11.9761312,57.6986739],[11.9761699,57.6986463],[11.9763829,57.6984944],[11.9764192,57.6984916],[11.9765988,57.6985647],[11.9766114,57.6985554],[11.9767233,57.6986041],[11.9767115,57.6986128],[11.9769214,57.6986987],[11.9768413,57.6987627],[11.9768714,57.6987751],[11.976829,57.6988045],[11.9767818,57.6988372],[11.9767505,57.6988243],[11.9766543,57.6988921],[11.9764498,57.6988079],[11.9764309,57.698799],[11.9764653,57.6987741],[11.976459,57.6987625],[11.9764716,57.6987514],[11.9764972,57.6987472],[11.9765132,57.6987524],[11.9765789,57.6987086],[11.9764434,57.6986524],[11.9763507,57.6987146],[11.9763528,57.6987304],[11.9763356,57.6987417],[11.9763021,57.6987434],[11.9762752,57.6987332],[11.9761312,57.6986739]]]}},{"type":"Feature","properties":{"@id":"way/70909863","building":"apartments"},"geometry":{"type":"Polygon","coordinates":[[[11.9772273,57.69808],[11.9769501,57.6980888],[11.9769193,57.6979063],[11.9771997,57.6978935],[11.9772273,57.69808]]]}},{"type":"Feature","properties":{"@id":"way/70912935","building":"apartments","building:levels":"6","height":"24.6","name":"Öster om Heden"},"geometry":{"type":"Polygon","coordinates":[[[11.9833539,57.7025936],[11.9831959,57.7026989],[11.9821027,57.7022389],[11.982881,57.7017108],[11.9830031,57.7016279],[11.9829002,57.7015846],[11.9830293,57.7015018],[11.98423,57.7020071],[11.9843438,57.702055],[11.9847505,57.7022261],[11.9847585,57.7023034],[11.9847638,57.702355],[11.9837812,57.7030178],[11.9837159,57.7030619],[11.9833305,57.7033219],[11.9831023,57.7033364],[11.9825655,57.7031146],[11.9827078,57.703018],[11.9830479,57.7031571],[11.9832705,57.7031441],[11.9835268,57.7029704],[11.9844023,57.7023767],[11.9843124,57.7023353],[11.9842975,57.7022743],[11.9843738,57.7022235],[11.9840667,57.7020973],[11.9831447,57.7017183],[11.9830575,57.7017859],[11.9830132,57.7018203],[11.9830457,57.7018351],[11.9824751,57.7022238],[11.9833539,57.7025936]]]}},{"type":"Feature","properties":{"@id":"way/70912961","building":"apartments","building:levels":"6"},"geometry":{"type":"Polygon","coordinates":[[[11.9788437,57.6998407],[11.9786626,57.6997349],[11.9788316,57.6996353],[11.9782364,57.6993918],[11.97793,57.6996039],[11.9777333,57.6995261],[11.9778782,57.6994253],[11.977917,57.6993983],[11.9781607,57.6992286],[11.9781995,57.6992265],[11.9784666,57.6993361],[11.9787458,57.6994506],[11.9790112,57.6995594],[11.9792016,57.6996375],[11.9788884,57.6998186],[11.9788437,57.6998407]]]}},{"type":"Feature","properties":{"@id":"way/71246544","building":"yes"},"geometry":{"type":"Polygon","coordinates":[[[11.9696429,57.7005227],[11.9696646,57.7005082],[11.969638,57.7004964],[11.9696611,57.7004819],[11.9696879,57.7004926],[11.9697092,57.7004783],[11.9697097,57.7004621],[11.9696092,57.7004194],[11.9697258,57.7003397],[11.9698588,57.7003951],[11.9700089,57.7004577],[11.9698654,57.7005557],[11.9696959,57.7006715],[11.9690204,57.7003908],[11.9691271,57.7003179],[11.9691757,57.7002847],[11.9693334,57.700177],[11.9696105,57.7002915],[11.9694927,57.7003707],[11.9694752,57.7003721],[11.969447,57.7003604],[11.9694445,57.7003508],[11.9693933,57.7003282],[11.9693145,57.7003821],[11.9695465,57.7004814],[11.9695699,57.7004782],[11.9695985,57.7004904],[11.9695985,57.7005037],[11.9696429,57.7005227]]]}},{"type":"Feature","properties":{"@id":"way/71246553","building":"apartments","building:levels":"3","roof:levels":"0"},"geometry":{"type":"Polygon","coordinates":[[[11.9737731,57.700883],[11.973711,57.7009263],[11.9736538,57.7009662],[11.9733232,57.7011966],[11.9733054,57.7012091],[11.9731406,57.7011416],[11.9730992,57.7011246],[11.9732471,57.7010215],[11.9731937,57.7009996],[11.973421,57.7008411],[11.9734747,57.7008631],[11.9735671,57.7007986],[11.9735859,57.7008063],[11.9737731,57.700883]]]}},{"type":"Feature","properties":{"@id":"way/71246562","building":"yes"},"geometry":{"type":"Polygon","coordinates":[[[11.9706917,57.7008511],[11.9707889,57.700782],[11.9710325,57.7008815],[11.9710267,57.7008855],[11.971052,57.7008958],[11.9710548,57.7009116],[11.9710251,57.7009343],[11.9709979,57.7009362],[11.9709732,57.7009261],[11.9708757,57.7009942],[11.9707778,57.7010625],[11.9708006,57.7010718],[11.9708027,57.7010852],[11.9707707,57.7011076],[11.9707432,57.701109],[11.9707233,57.7011019],[11.9707136,57.7011069],[11.9706419,57.7010777],[11.9706552,57.7010684],[11.9705217,57.7010138],[11.9705077,57.7010235],[11.9703481,57.7009583],[11.9703607,57.7009495],[11.9702327,57.7008972],[11.9702195,57.7009064],[11.9701443,57.7008757],[11.9701578,57.7008661],[11.9701355,57.7008567],[11.9701352,57.7008471],[11.9701731,57.7008213],[11.970196,57.7008191],[11.9702167,57.7008276],[11.9703111,57.7007617],[11.9704114,57.7006917],[11.9703912,57.7006834],[11.9703893,57.700669],[11.9704156,57.7006495],[11.9704416,57.7006479],[11.9704592,57.7006551],[11.9704657,57.7006505],[11.970687,57.700741],[11.9705905,57.7008096],[11.9705691,57.7008135],[11.9705386,57.7008011],[11.9705395,57.7007887],[11.9705168,57.7007796],[11.9704084,57.7008553],[11.9706671,57.7009611],[11.9707603,57.700896],[11.9707546,57.7008814],[11.9707304,57.7008829],[11.9707097,57.7008733],[11.9707088,57.7008584],[11.9706917,57.7008511]]]}},{"type":"Feature","properties":{"@id":"way/71246576","building":"yes"},"geometry":{"type":"Polygon","coordinates":[[[11.9718604,57.7012258],[11.9719616,57.7012678],[11.971856,57.7013406],[11.9717651,57.7013029],[11.9717747,57.7012963],[11.9717643,57.7012921],[11.9718604,57.7012258]]]}},{"type":"Feature","properties":{"@id":"way/71246577","building":"office","building:levels":"5","roof:levels":"0"},"geometry":{"type":"Polygon","coordinates":[[[11.9733453,57.7018257],[11.9736053,57.7019353],[11.973966,57.7020874],[11.974044,57.7021203],[11.9741356,57.7021589],[11.9739147,57.7022622],[11.9737639,57.7023327],[11.9737325,57.7023322],[11.973491,57.7022361],[11.9733904,57.7021961],[11.9730306,57.7020529],[11.9731867,57.7019402],[11.9733453,57.7018257]]]}},{"type":"Feature","properties":{"@id":"way/72231320","building":"office"},"geometry":{"type":"Polygon","coordinates":[[[11.978217,57.7077147],[11.9787173,57.7077068],[11.9792698,57.7077111],[11.9792658,57.7079447],[11.9789225,57.7079361],[11.9788098,57.7079934],[11.9785899,57.7079848],[11.9784142,57.7079525],[11.978036,57.7079461],[11.9780521,57.7077698],[11.9780732,57.7077145],[11.978217,57.7077147]]]}},{"type":"Feature","properties":{"@id":"way/72231329","building":"yes"},"geometry":{"type":"Polygon","coordinates":[[[11.976218,57.7076438],[11.9764897,57.707645],[11.976769,57.7076462],[11.9767673,57.7077552],[11.9763281,57.7077532],[11.9763272,57.7078112],[11.9764085,57.7078115],[11.9764079,57.7078485],[11.9762148,57.7078477],[11.976218,57.7076438]]]}},{"type":"Feature","properties":{"@id":"way/72231334","building":"hotel","building:levels":"5","name":"Clarion Hotel Post","roof:levels":"1","roof:shape":"many"},"geometry":{"type":"Polygon","coordinates":[[[11.9758558,57.707667],[11.975855,57.7077776],[11.9758503,57.7078158],[11.9758424,57.7078541],[11.9758168,57.70792],[11.9757948,57.7079629],[11.9757679,57.7080103],[11.9757578,57.7080289],[11.9757467,57.7080277],[11.9756692,57.7081667],[11.9756435,57.7082137],[11.9755923,57.7083041],[11.9755596,57.7083629],[11.9755697,57.7083644],[11.9755066,57.7084795],[11.9754363,57.7086068],[11.9751028,57.7085538],[11.9742503,57.708418],[11.9743065,57.7083168],[11.9745213,57.7079298],[11.9746018,57.7077853],[11.9746526,57.7076942],[11.9746707,57.707659],[11.9758558,57.707667]]]}},{"type":"Feature","properties":{"@id":"way/73850320","building":"apartments"},"geometry":{"type":"Polygon","coordinates":[[[11.9648371,57.7092192],[11.9645153,57.7091746],[11.9644997,57.7090919],[11.9645143,57.7090658],[11.9645434,57.7090686],[11.9645512,57.7090554],[11.9646538,57.709068],[11.9646825,57.7090134],[11.9646563,57.7090095],[11.9646981,57.7089297],[11.9647243,57.7089336],[11.9647634,57.7088591],[11.9646786,57.7088453],[11.9646729,57.7088565],[11.964515,57.7088342],[11.9645205,57.7088223],[11.9644706,57.7088139],[11.9644735,57.7087962],[11.964457,57.7087934],[11.9644436,57.708695],[11.964474,57.708687],[11.9650662,57.7087754],[11.9648371,57.7092192]]]}},{"type":"Feature","properties":{"@id":"way/73850681","building":"government","height":"18","name":"Börsen","roof:height":"0.7","roof:shape":"hipped"},"geometry":{"type":"Polygon","coordinates":[[[11.9668486,57.7074432],[11.9671009,57.7074824],[11.9673504,57.7075212],[11.9672304,57.7077416],[11.9671137,57.707956],[11.9668653,57.7079173],[11.9668612,57.7079167],[11.9666229,57.7078797],[11.9666702,57.7077927],[11.9666592,57.707791],[11.966791,57.707549],[11.9668486,57.7074432]]]}},{"type":"Feature","properties":{"@id":"way/73850823","building":"yes"},"geometry":{"type":"Polygon","coordinates":[[[11.964466,57.7086141],[11.96443,57.7084869],[11.964606,57.7085131],[11.9646128,57.7085002],[11.9647622,57.7085224],[11.9647554,57.7085353],[11.9649229,57.7085602],[11.9649598,57.7084884],[11.964933,57.7084845],[11.964975,57.7084027],[11.9650018,57.7084067],[11.9650276,57.7083565],[11.964851,57.7083308],[11.9648433,57.708346],[11.964695,57.7083244],[11.9647027,57.7083093],[11.9645529,57.7082875],[11.9645453,57.7083024],[11.9643963,57.7082808],[11.9644039,57.7082659],[11.9643483,57.7082578],[11.9643395,57.708131],[11.9648314,57.7082032],[11.9653103,57.7082694],[11.9650861,57.708707],[11.964466,57.7086141]]]}},{"type":"Feature","properties":{"@id":"way/73851090","building":"yes"},"geometry":{"type":"Polygon","coordinates":[[[11.9737061,57.7066956],[11.9736522,57.7067868],[11.9736115,57.7068609],[11.9736298,57.7068838],[11.9735537,57.7070282],[11.9735114,57.7070448],[11.9734843,57.7070986],[11.9734262,57.7072017],[11.9725061,57.7070531],[11.9719572,57.7069644],[11.9722127,57.706501],[11.9722349,57.706493],[11.9722598,57.706484],[11.9737061,57.7066956]]]}},{"type":"Feature","properties":{"@id":"way/73851092","building":"retail","building:levels":"3"},"geometry":{"type":"Polygon","coordinates":[[[11.9715341,57.7057239],[11.9714954,57.7057509],[11.9712654,57.7057151],[11.9708321,57.7056476],[11.9707909,57.7056412],[11.9706046,57.7056122],[11.9706634,57.7055075],[11.9706907,57.7054558],[11.9707536,57.7053444],[11.9707806,57.705293],[11.9708534,57.7051652],[11.9709035,57.705173],[11.9710969,57.7052031],[11.9711517,57.7052116],[11.9711837,57.7052544],[11.971212,57.7052924],[11.9715341,57.7057239]]]}},{"type":"Feature","properties":{"@id":"way/73851093","building":"retail","building:levels":"2","roof:levels":"2","roof:shape":"mansard"},"geometry":{"type":"Polygon","coordinates":[[[11.9689577,57.7039157],[11.9691424,57.7037886],[11.9693234,57.7036639],[11.9695599,57.7037615],[11.96953,57.7037821],[11.9693705,57.7038919],[11.9691955,57.7040124],[11.9691942,57.7040133],[11.9689577,57.7039157]]]}},{"type":"Feature","properties":{"@id":"way/73851099","building":"yes"},"geometry":{"type":"Polygon","coordinates":[[[11.9707885,57.7049258],[11.9707199,57.7050535],[11.9695234,57.7048744],[11.9693006,57.7048387],[11.9693545,57.7047355],[11.9693573,57.7047301],[11.9694094,57.7046303],[11.9703973,57.7047842],[11.9704151,57.704787],[11.9704291,57.7047892],[11.9704413,57.7047911],[11.9705384,57.7048062],[11.9705291,57.7048278],[11.9706142,57.7048466],[11.9707885,57.7049258]]]}},{"type":"Feature","properties":{"@id":"way/79606000","building":"yes"},"geometry":{"type":"Polygon","coordinates":[[[11.9783869,57.7039533],[11.9784986,57.7038786],[11.9786629,57.7039487],[11.9786848,57.7039341],[11.9787673,57.7039693],[11.9787475,57.7039825],[11.9788193,57.7040131],[11.9784832,57.7042379],[11.978414,57.7042083],[11.9783475,57.7041799],[11.9785696,57.7040313],[11.9783869,57.7039533]]]}},{"type":"Feature","properties":{"@id":"way/79606001","building":"yes","name":"Werners bistro"},"geometry":{"type":"Polygon","coordinates":[[[11.9780693,57.703938],[11.9781943,57.7039905],[11.9780688,57.7040757],[11.9779439,57.7040232],[11.9780693,57.703938]]]}},{"type":"Feature","properties":{"@id":"way/79606002","building":"sports_centre","building:levels":"1","name":"Exercishuset","roof:levels":"1","roof:shape":"gabled"},"geometry":{"type":"Polygon","coordinates":[[[11.9755484,57.7027525],[11.9758527,57.7028751],[11.9759225,57.7029033],[11.976229,57.7030269],[11.9761577,57.7030774],[11.9761316,57.7030958],[11.9761154,57.7031073],[11.9760431,57.7031585],[11.9757351,57.7030343],[11.9756698,57.703008],[11.9753625,57.7028842],[11.975432,57.7028349],[11.9754519,57.7028208],[11.9754799,57.702801],[11.9755484,57.7027525]]]}},{"type":"Feature","properties":{"@id":"way/83724145","building":"synagogue","building:levels":"2","name":"Göteborgs synagoga","roof:levels":"0","roof:shape":"hipped"},"geometry":{"type":"Polygon","coordinates":[[[11.9725406,57.7056165],[11.9720675,57.7057188],[11.9719784,57.7056011],[11.9724515,57.7054988],[11.9725406,57.7056165]]]}},{"type":"Feature","properties":{"@id":"way/83724147","building":"yes"},"geometry":{"type":"Polygon","coordinates":[[[11.9707338,57.7047121],[11.9708657,57.7046245],[11.9709217,57.7045841],[11.9709685,57.704605],[11.9709771,57.7045986],[11.9710471,57.7046319],[11.9711265,57.7045967],[11.9711616,57.7046208],[11.9712586,57.7045779],[11.9712648,57.7045709],[11.9712404,57.7045556],[11.9713012,57.7045282],[11.971428,57.7046025],[11.9710759,57.7047615],[11.9709628,57.704813],[11.9707338,57.7047121]]]}},{"type":"Feature","properties":{"@id":"way/83724152","building":"yes"},"geometry":{"type":"Polygon","coordinates":[[[11.9711827,57.7050378],[11.9710668,57.7048916],[11.9710591,57.7048722],[11.9710642,57.7048569],[11.9710847,57.704843],[11.9711699,57.7048045],[11.9713516,57.7047223],[11.9716503,57.7049371],[11.9711827,57.7050378]]]}},{"type":"Feature","properties":{"@id":"way/83724154","building":"retail","height":"15","name":"NK-huset"},"geometry":{"type":"Polygon","coordinates":[[[11.9687678,57.7058723],[11.9689932,57.7054227],[11.969436,57.7054918],[11.9696915,57.7055317],[11.9701352,57.705601],[11.9704597,57.7056517],[11.9702222,57.7060923],[11.9700963,57.7060733],[11.9697622,57.7060227],[11.9693899,57.7059664],[11.9691834,57.7059352],[11.9687678,57.7058723]]]}},{"type":"Feature","properties":{"@id":"way/83724159","building":"retail","name":"Pressbyrån"},"geometry":{"type":"Polygon","coordinates":[[[11.9703697,57.7039817],[11.9704281,57.7040059],[11.9704383,57.7040467],[11.9703935,57.7040731],[11.9703235,57.7040767],[11.970263,57.7040529],[11.9702567,57.7040158],[11.9702804,57.7040001],[11.9703039,57.7039845],[11.9703697,57.7039817]]]}},{"type":"Feature","properties":{"@id":"way/83724168","building":"yes"},"geometry":{"type":"Polygon","coordinates":[[[11.9708657,57.7046245],[11.9706046,57.7045117],[11.9708967,57.7043184],[11.9711272,57.7044275],[11.9709217,57.7045841],[11.9708657,57.7046245]]]}},{"type":"Feature","properties":{"@id":"way/83724169","building":"yes"},"geometry":{"type":"Polygon","coordinates":[[[11.971517,57.7046469],[11.9717471,57.7045471],[11.9719432,57.7046525],[11.9718654,57.7048838],[11.971517,57.7046469]]]}},{"type":"Feature","properties":{"@id":"way/83724180","building":"yes"},"geometry":{"type":"Polygon","coordinates":[[[11.9713516,57.7047223],[11.971517,57.7046469],[11.9718654,57.7048838],[11.9716503,57.7049371],[11.9713516,57.7047223]]]}},{"type":"Feature","properties":{"@id":"way/83724190","building":"yes"},"geometry":{"type":"Polygon","coordinates":[[[11.9712472,57.7043417],[11.9714382,57.7043622],[11.9714354,57.7044001],[11.9713095,57.7043983],[11.9712677,57.7044184],[11.9713186,57.7044486],[11.9712767,57.7044684],[11.9713104,57.7044877],[11.9712664,57.7045077],[11.9711272,57.7044275],[11.9712472,57.7043417]]]}},{"type":"Feature","properties":{"@id":"way/83732822","building":"yes"},"geometry":{"type":"Polygon","coordinates":[[[11.9733614,57.7061351],[11.973115,57.7062886],[11.9728473,57.7062159],[11.9731313,57.7060279],[11.9733614,57.7061351]]]}},{"type":"Feature","properties":{"@id":"way/83732825","building":"yes"},"geometry":{"type":"Polygon","coordinates":[[[11.9724631,57.7071291],[11.9724137,57.7072189],[11.9723663,57.707305],[11.9722813,57.7072917],[11.9720509,57.7072555],[11.9720448,57.7072545],[11.9717801,57.707213],[11.9718256,57.7071304],[11.971877,57.707037],[11.9724631,57.7071291]]]}},{"type":"Feature","properties":{"@id":"way/83732826","building":"yes"},"geometry":{"type":"Polygon","coordinates":[[[11.9705356,57.706427],[11.9705646,57.7064315],[11.9705308,57.7064937],[11.9703479,57.7064652],[11.9702865,57.706578],[11.9704694,57.7066064],[11.9704047,57.7067253],[11.9703243,57.7067127],[11.9703031,57.7067095],[11.9702032,57.7066939],[11.9700726,57.7066736],[11.9700451,57.7066408],[11.9700716,57.7065929],[11.9701048,57.7065328],[11.9701928,57.7063737],[11.9705356,57.706427]]]}},{"type":"Feature","properties":{"@id":"way/83732831","building":"yes","building:levels":"4"},"geometry":{"type":"Polygon","coordinates":[[[11.9708151,57.7064327],[11.9707962,57.7064675],[11.9705646,57.7064315],[11.9705356,57.706427],[11.970647,57.7062225],[11.9709075,57.706263],[11.9708151,57.7064327]]]}},{"type":"Feature","properties":{"@id":"way/83732839","building":"commercial","building:levels":"3","name":"Kompassen"},"geometry":{"type":"Polygon","coordinates":[[[11.9704921,57.7055952],[11.9701644,57.7055453],[11.9701069,57.7055366],[11.9702249,57.7053151],[11.9702855,57.7052015],[11.9703511,57.7050786],[11.9706749,57.7051279],[11.9706962,57.7051311],[11.9707363,57.7051372],[11.9706619,57.7052752],[11.970635,57.7053266],[11.9705753,57.7054384],[11.970548,57.7054901],[11.9704921,57.7055952]]]}},{"type":"Feature","properties":{"@id":"way/83732841","building":"yes"},"geometry":{"type":"Polygon","coordinates":[[[11.9732003,57.7063195],[11.973115,57.7062886],[11.9733614,57.7061351],[11.973596,57.7062383],[11.9734194,57.7063459],[11.9733637,57.7063207],[11.9734076,57.7062926],[11.9733906,57.7062832],[11.9733793,57.7062896],[11.9733538,57.7062919],[11.9733319,57.7062824],[11.9733304,57.7062647],[11.9733375,57.7062597],[11.973312,57.7062488],[11.9732003,57.7063195]]]}},{"type":"Feature","properties":{"@id":"way/83732844","building":"yes"},"geometry":{"type":"Polygon","coordinates":[[[11.9739362,57.7070941],[11.973884,57.7071916],[11.9738427,57.7072687],[11.9737425,57.7072526],[11.9735999,57.7072296],[11.9734262,57.7072017],[11.9734843,57.7070986],[11.9736755,57.7071293],[11.9736672,57.7070851],[11.9736836,57.7070548],[11.9739362,57.7070941]]]}},{"type":"Feature","properties":{"@id":"way/83732847","building":"office","building:levels":"3","roof:levels":"0"},"geometry":{"type":"Polygon","coordinates":[[[11.9721281,57.7055049],[11.9720891,57.7054521],[11.9722098,57.7054267],[11.9721704,57.7053734],[11.9720505,57.7053987],[11.971981,57.7053032],[11.9721503,57.7052675],[11.972304,57.7052351],[11.9723748,57.7053316],[11.9724519,57.7054366],[11.9721281,57.7055049]]]}},{"type":"Feature","properties":{"@id":"way/83732848","building":"yes"},"geometry":{"type":"Polygon","coordinates":[[[11.9690513,57.7053745],[11.9691911,57.7051124],[11.9696339,57.7051812],[11.9696122,57.7052219],[11.9697358,57.7052407],[11.9696178,57.7054621],[11.9695424,57.7054505],[11.9693498,57.7054207],[11.9690513,57.7053745]]]}},{"type":"Feature","properties":{"@id":"way/83732850","building":"yes","building:levels":"3","roof:levels":"0"},"geometry":{"type":"Polygon","coordinates":[[[11.9721167,57.7057748],[11.9723253,57.7057305],[11.9723827,57.7058083],[11.9722588,57.7058348],[11.9722842,57.7058691],[11.9725159,57.7058203],[11.9724353,57.7057111],[11.9726287,57.7056704],[11.9727025,57.7057704],[11.9727795,57.7058747],[11.9726438,57.7059033],[11.9722696,57.7059821],[11.9721167,57.7057748]]]}},{"type":"Feature","properties":{"@id":"way/83732851","building":"construction","building:levels":"5"},"geometry":{"type":"Polygon","coordinates":[[[11.9705356,57.706427],[11.9701928,57.7063737],[11.9702015,57.7063577],[11.9703042,57.7061692],[11.9704647,57.7061941],[11.970647,57.7062225],[11.9705356,57.706427]]]}},{"type":"Feature","properties":{"@id":"way/83732853","building":"yes","name":"Modigo"},"geometry":{"type":"Polygon","coordinates":[[[11.9725221,57.7062441],[11.9727723,57.7062081],[11.9728473,57.7062159],[11.9727212,57.7064747],[11.9725273,57.7064448],[11.9724303,57.7064297],[11.9725221,57.7062441]]]}},{"type":"Feature","properties":{"@id":"way/83732854","building":"yes"},"geometry":{"type":"Polygon","coordinates":[[[11.9703511,57.7050786],[11.9702855,57.7052015],[11.9701415,57.7051796],[11.9701532,57.7051578],[11.9700137,57.7051366],[11.9699613,57.7052349],[11.9699415,57.705272],[11.9698539,57.7052587],[11.9699801,57.7050221],[11.97015,57.705048],[11.9703511,57.7050786]]]}},{"type":"Feature","properties":{"@id":"way/83732856","building":"retail","building:levels":"5","height":"15.5","name":"Arkaden"},"geometry":{"type":"Polygon","coordinates":[[[11.9691018,57.706518],[11.969076,57.7065139],[11.9689949,57.706501],[11.9689857,57.7064995],[11.968957,57.706495],[11.9689161,57.7064885],[11.9687877,57.7064681],[11.9687332,57.7064595],[11.9685783,57.7064349],[11.9684696,57.7064177],[11.9685576,57.7062593],[11.9685828,57.706214],[11.968592,57.7061973],[11.9686015,57.7061802],[11.9686117,57.7061619],[11.9686267,57.7061349],[11.9686803,57.7060385],[11.9687111,57.705983],[11.9687165,57.7059733],[11.9687433,57.705925],[11.96884,57.7059403],[11.9688698,57.7059451],[11.9689542,57.7059585],[11.969105,57.7059824],[11.9692563,57.7060064],[11.9693157,57.7060158],[11.969459,57.7060385],[11.9694716,57.7060405],[11.9695848,57.7060585],[11.9696712,57.7060722],[11.9696985,57.7060765],[11.9697362,57.7060825],[11.9697721,57.7060882],[11.9698689,57.7061036],[11.9701882,57.7061543],[11.9701905,57.7061547],[11.9701443,57.7062373],[11.9701237,57.7062741],[11.9701013,57.7063143],[11.9700834,57.7063463],[11.970078,57.7063559],[11.9700635,57.7063818],[11.9700489,57.706408],[11.9700225,57.7064552],[11.9699715,57.7065465],[11.969914,57.7066493],[11.9698069,57.7066317],[11.9697398,57.7066206],[11.9691018,57.706518]]]}},{"type":"Feature","properties":{"@id":"way/83732859","building":"yes"},"geometry":{"type":"Polygon","coordinates":[[[11.9740233,57.7069369],[11.9738407,57.7069043],[11.9738571,57.7068677],[11.9738441,57.7068653],[11.9738366,57.7068512],[11.9738541,57.7068212],[11.9736522,57.7067868],[11.9737061,57.7066956],[11.9741186,57.7067577],[11.9740561,57.7068752],[11.9740233,57.7069369]]]}},{"type":"Feature","properties":{"@id":"way/83732862","building":"yes"},"geometry":{"type":"Polygon","coordinates":[[[11.9691911,57.7051124],[11.9692956,57.7049165],[11.9699801,57.7050221],[11.9698539,57.7052587],[11.9697358,57.7052407],[11.9696122,57.7052219],[11.9696339,57.7051812],[11.9691911,57.7051124]]]}},{"type":"Feature","properties":{"@id":"way/83732864","building":"apartments","building:levels":"3","roof:levels":"0"},"geometry":{"type":"Polygon","coordinates":[[[11.9719892,57.7057723],[11.9717609,57.7058204],[11.971625,57.7056364],[11.9718557,57.7055877],[11.9718782,57.7056183],[11.971846,57.7056251],[11.9719405,57.7057531],[11.9719704,57.7057468],[11.9719892,57.7057723]]]}},{"type":"Feature","properties":{"@id":"way/83739492","building":"apartments","building:levels":"3","roof:levels":"1"},"geometry":{"type":"Polygon","coordinates":[[[11.9656531,57.7049072],[11.9655413,57.7051234],[11.9654159,57.7051049],[11.965434,57.7050698],[11.9654674,57.7050748],[11.9654967,57.7050674],[11.9655359,57.7049917],[11.9654788,57.7049833],[11.9655277,57.7048887],[11.9655559,57.7048929],[11.9655914,57.7048981],[11.9656531,57.7049072]]]}},{"type":"Feature","properties":{"@id":"way/83739494","building":"office","building:levels":"4","roof:levels":"1","roof:shape":"gabled"},"geometry":{"type":"Polygon","coordinates":[[[11.9652264,57.7059249],[11.964998,57.7058882],[11.9649595,57.7058821],[11.9647467,57.7058479],[11.9648318,57.7056962],[11.9649877,57.7057212],[11.9652216,57.7057586],[11.9653114,57.705773],[11.9652914,57.7058083],[11.9652264,57.7059249]]]}},{"type":"Feature","properties":{"@id":"way/83739498","building":"yes"},"geometry":{"type":"Polygon","coordinates":[[[11.9663508,57.7055478],[11.9663378,57.7055718],[11.9662805,57.7056691],[11.9661688,57.7056518],[11.9661509,57.7056486],[11.9661295,57.7056447],[11.9660647,57.7056346],[11.9660536,57.7056087],[11.9660358,57.7055976],[11.965989,57.7055903],[11.9659727,57.7056203],[11.9658705,57.7056043],[11.9659228,57.7055084],[11.965946,57.705501],[11.9659708,57.7054922],[11.9662009,57.7055247],[11.9662174,57.7055276],[11.9662404,57.7055314],[11.9662642,57.7055349],[11.9663508,57.7055478]]]}},{"type":"Feature","properties":{"@id":"way/83739518","building":"yes"},"geometry":{"type":"Polygon","coordinates":[[[11.965342,57.7052477],[11.9654142,57.7052584],[11.9654537,57.7052642],[11.9655301,57.7052755],[11.9657089,57.7053019],[11.9657389,57.7052438],[11.9657226,57.7052414],[11.9657067,57.7052285],[11.9657193,57.7052046],[11.9657449,57.7052025],[11.9657892,57.7052091],[11.9658128,57.7051635],[11.9659475,57.7051834],[11.9659065,57.7052627],[11.9658455,57.7053807],[11.9657971,57.7053934],[11.9653043,57.7053206],[11.965342,57.7052477]]]}},{"type":"Feature","properties":{"@id":"way/83739524","building":"office"},"geometry":{"type":"Polygon","coordinates":[[[11.9645262,57.7056473],[11.9644428,57.7057983],[11.9643366,57.7057816],[11.9639146,57.705715],[11.963891,57.7057113],[11.9639658,57.7055759],[11.9640405,57.7055876],[11.9640485,57.7055731],[11.96415,57.7055892],[11.9641435,57.7056009],[11.9643035,57.7056261],[11.9644249,57.7054064],[11.964268,57.7053816],[11.9641724,57.7053665],[11.9642486,57.7052286],[11.9643369,57.7052425],[11.9653652,57.7054043],[11.9654127,57.7054123],[11.9653351,57.7055526],[11.9651028,57.7055159],[11.9649468,57.7054913],[11.9645644,57.705431],[11.9645503,57.7054566],[11.9646251,57.7054684],[11.9645262,57.7056473]]]}},{"type":"Feature","properties":{"@id":"way/83739530","building":"apartments","building:levels":"2","roof:levels":"1"},"geometry":{"type":"Polygon","coordinates":[[[11.9651625,57.7050674],[11.9652744,57.7048513],[11.9653157,57.7048574],[11.9655277,57.7048887],[11.9654788,57.7049833],[11.965434,57.7050698],[11.9654159,57.7051049],[11.9651625,57.7050674]]]}},{"type":"Feature","properties":{"@id":"way/83739541","building":"yes"},"geometry":{"type":"Polygon","coordinates":[[[11.9658095,57.7054932],[11.9657332,57.7056161],[11.9655632,57.7055889],[11.9656015,57.7055216],[11.9655487,57.7055128],[11.9655355,57.7055208],[11.9655144,57.7055241],[11.9654927,57.705521],[11.965466,57.7055737],[11.9653351,57.7055526],[11.9654127,57.7054123],[11.965539,57.7054302],[11.965785,57.705465],[11.9658095,57.7054932]]]}},{"type":"Feature","properties":{"@id":"way/83739561","building":"office","building:levels":"3","roof:levels":"1"},"geometry":{"type":"Polygon","coordinates":[[[11.9656175,57.7058219],[11.9655499,57.7059433],[11.9655243,57.7059508],[11.965513,57.7059541],[11.9654768,57.7059647],[11.9653468,57.705944],[11.9652264,57.7059249],[11.9652914,57.7058083],[11.9654148,57.7058279],[11.9654343,57.7057928],[11.9656175,57.7058219]]]}},{"type":"Feature","properties":{"@id":"way/83739577","building":"yes"},"geometry":{"type":"Polygon","coordinates":[[[11.9648318,57.7056962],[11.9649468,57.7054913],[11.9651028,57.7055159],[11.9649877,57.7057212],[11.9648318,57.7056962]]]}},{"type":"Feature","properties":{"@id":"way/83747063","building":"yes"},"geometry":{"type":"Polygon","coordinates":[[[11.9745823,57.6951595],[11.9746128,57.6951673],[11.9745854,57.6951979],[11.9745548,57.69519],[11.9745417,57.6952045],[11.9744996,57.6952515],[11.9742714,57.695193],[11.9743071,57.6951533],[11.9743644,57.6950895],[11.9744618,57.694981],[11.97469,57.6950396],[11.9745823,57.6951595]]]}},{"type":"Feature","properties":{"@id":"way/83747067","building":"yes"},"geometry":{"type":"Polygon","coordinates":[[[11.9742148,57.6951324],[11.9743,57.6950736],[11.9743644,57.6950895],[11.9743071,57.6951533],[11.9742148,57.6951324]]]}},{"type":"Feature","properties":{"@id":"way/83747068","building":"yes"},"geometry":{"type":"Polygon","coordinates":[[[11.9734004,57.6967059],[11.9731216,57.6966681],[11.973107,57.6966991],[11.9724897,57.6966179],[11.9725304,57.6965287],[11.9731927,57.696616],[11.9731941,57.6966118],[11.9734288,57.6966436],[11.9734004,57.6967059]]]}},{"type":"Feature","properties":{"@id":"way/83771745","building":"apartments","building:levels":"6"},"geometry":{"type":"Polygon","coordinates":[[[11.9842618,57.6972104],[11.9836678,57.6974375],[11.9836617,57.6974356],[11.983657,57.6974392],[11.9835374,57.6974085],[11.9835422,57.6974039],[11.9835355,57.697403],[11.9835319,57.6973196],[11.9835262,57.6971854],[11.9835223,57.6970931],[11.9835284,57.6970931],[11.9837824,57.6970919],[11.9837859,57.697173],[11.9837656,57.6971727],[11.9837669,57.69718],[11.9837641,57.6971874],[11.9837556,57.6971938],[11.9837445,57.6971989],[11.9837432,57.6972332],[11.9837727,57.6972351],[11.9838288,57.6972165],[11.9838345,57.6972094],[11.9839761,57.6971572],[11.9839757,57.6971505],[11.9841428,57.697108],[11.9842618,57.6972104]]]}},{"type":"Feature","properties":{"@id":"way/83775137","building":"yes"},"geometry":{"type":"Polygon","coordinates":[[[11.9745881,57.7029928],[11.9744163,57.7029281],[11.9744167,57.702915],[11.9745395,57.7028396],[11.9747262,57.7029265],[11.9746172,57.7029934],[11.9745881,57.7029928]]]}},{"type":"Feature","properties":{"@id":"way/83775168","building":"church","name":"Sankt Jakobs kyrka"},"geometry":{"type":"Polygon","coordinates":[[[11.974476,57.7031399],[11.9745989,57.7030606],[11.9746415,57.7030794],[11.974778,57.7029913],[11.9747976,57.7029999],[11.974815,57.7029888],[11.9748954,57.7030243],[11.9748781,57.7030355],[11.9748906,57.7030411],[11.9748118,57.7030919],[11.9748663,57.703116],[11.975037,57.7030058],[11.9751846,57.703071],[11.9748333,57.7032979],[11.974476,57.7031399]]]}},{"type":"Feature","properties":{"@id":"way/83775178","building":"apartments","building:levels":"5","roof:levels":"1"},"geometry":{"type":"Polygon","coordinates":[[[11.9752804,57.7035433],[11.9749789,57.7034122],[11.9751309,57.7033124],[11.9752563,57.703367],[11.9755023,57.7032054],[11.9756784,57.703282],[11.9752804,57.7035433]]]}},{"type":"Feature","properties":{"@id":"way/83775185","building":"yes"},"geometry":{"type":"Polygon","coordinates":[[[11.9769777,57.704288],[11.9764826,57.7040762],[11.9766221,57.7039831],[11.9769047,57.7041041],[11.976925,57.7040905],[11.9771931,57.7039116],[11.9774055,57.7040025],[11.9769777,57.704288]]]}},{"type":"Feature","properties":{"@id":"way/83775193","building":"yes"},"geometry":{"type":"Polygon","coordinates":[[[11.977792,57.704652],[11.9771399,57.704366],[11.97726,57.7042878],[11.9779121,57.7045738],[11.977792,57.704652]]]}},{"type":"Feature","properties":{"@id":"way/83775202","building":"church","name":"Kristus Konungens katolska kyrka"},"geometry":{"type":"Polygon","coordinates":[[[11.9780504,57.7044642],[11.9776994,57.704319],[11.9777195,57.7043051],[11.9776708,57.7042849],[11.9775997,57.704334],[11.9774651,57.7042783],[11.9776911,57.7041224],[11.9778329,57.7041811],[11.9777705,57.7042241],[11.9777949,57.7042342],[11.9778159,57.7042197],[11.9780642,57.7043225],[11.978117,57.704286],[11.9782187,57.7043281],[11.9781818,57.7043536],[11.9781999,57.7043611],[11.9780504,57.7044642]]]}},{"type":"Feature","properties":{"@id":"way/83775206","building":"yes"},"geometry":{"type":"Polygon","coordinates":[[[11.9774651,57.7042783],[11.9774659,57.7042949],[11.9773096,57.7042298],[11.9775715,57.7040505],[11.9777278,57.7041157],[11.9776911,57.7041224],[11.9774651,57.7042783]]]}},{"type":"Feature","properties":{"@id":"way/83775210","building":"apartments"},"geometry":{"type":"Polygon","coordinates":[[[11.9759136,57.7037251],[11.9759864,57.7036782],[11.9759094,57.7036442],[11.9760731,57.7035424],[11.976034,57.7035244],[11.9761373,57.7034602],[11.9762941,57.7035323],[11.9762699,57.7035474],[11.9762539,57.703557],[11.9759539,57.7037436],[11.9759136,57.7037251]]]}},{"type":"Feature","properties":{"@id":"way/83775215","building":"yes","name":"Dicksonska palatset"},"geometry":{"type":"Polygon","coordinates":[[[11.974076,57.7027033],[11.9744466,57.7028635],[11.9741769,57.7030416],[11.9738045,57.7028806],[11.9738163,57.7028728],[11.9737803,57.7028572],[11.97403,57.7026922],[11.974068,57.7027086],[11.974076,57.7027033]]]}},{"type":"Feature","properties":{"@id":"way/83775219","building":"hotel"},"geometry":{"type":"Polygon","coordinates":[[[11.9762628,57.7039707],[11.9760598,57.7038824],[11.9764762,57.7036093],[11.9766442,57.7036824],[11.9766792,57.7036976],[11.9762628,57.7039707]]]}},{"type":"Feature","properties":{"@id":"way/84617682","building":"parking","building:levels":"3","roof:levels":"0"},"geometry":{"type":"Polygon","coordinates":[[[11.9840336,57.7031265],[11.9847882,57.7026037],[11.9848975,57.7026529],[11.9849241,57.7026821],[11.9849052,57.7027112],[11.9847946,57.7027822],[11.9848719,57.7028147],[11.9847574,57.7028979],[11.9848359,57.702932],[11.9848589,57.7029623],[11.9848548,57.7029913],[11.9847256,57.7030871],[11.9847894,57.7031107],[11.9845348,57.7032854],[11.9844962,57.7033118],[11.9840336,57.7031265]]]}},{"type":"Feature","properties":{"@id":"way/84617685","building":"yes"},"geometry":{"type":"Polygon","coordinates":[[[11.9824879,57.7031217],[11.9824018,57.7030868],[11.9828026,57.7028044],[11.9828887,57.7028393],[11.9824879,57.7031217]]]}},{"type":"Feature","properties":{"@id":"way/84617686","building":"hotel","building:levels":"14","roof:levels":"0"},"geometry":{"type":"Polygon","coordinates":[[[11.9853443,57.7013523],[11.9853433,57.7013574],[11.9853414,57.7013673],[11.9853325,57.7014136],[11.9853251,57.7014517],[11.9853206,57.7014749],[11.9850104,57.7014854],[11.984911,57.7015073],[11.9849094,57.7015076],[11.9848191,57.7015274],[11.9846441,57.7015963],[11.9845352,57.7016571],[11.9843416,57.7015791],[11.9844721,57.7015063],[11.9846448,57.7014326],[11.9848876,57.7013755],[11.9850918,57.701351],[11.9853443,57.7013523]]]}},{"type":"Feature","properties":{"@id":"way/84617835","building":"apartments"},"geometry":{"type":"Polygon","coordinates":[[[11.9690094,57.6955653],[11.9688734,57.6956428],[11.9687279,57.6956058],[11.9685427,57.6955591],[11.9686229,57.6954888],[11.9686965,57.6954727],[11.9689171,57.6955325],[11.9690094,57.6955653]]]}},{"type":"Feature","properties":{"@id":"way/84617836","building":"apartments"},"geometry":{"type":"Polygon","coordinates":[[[11.9686333,57.6962607],[11.9684342,57.6962249],[11.9684427,57.6962112],[11.9684728,57.6961628],[11.9685163,57.6960929],[11.9686675,57.6961261],[11.9687173,57.6961355],[11.9686333,57.6962607]]]}},{"type":"Feature","properties":{"@id":"way/84617837","building":"apartments"},"geometry":{"type":"Polygon","coordinates":[[[11.9689342,57.6962918],[11.9689962,57.6961847],[11.9691552,57.6962113],[11.9691996,57.6962128],[11.9692283,57.6962029],[11.9692301,57.6961902],[11.9692523,57.696156],[11.9694968,57.6961959],[11.969383,57.6963669],[11.9689342,57.6962918]]]}},{"type":"Feature","properties":{"@id":"way/84617838","building":"apartments"},"geometry":{"type":"Polygon","coordinates":[[[11.9692304,57.6958958],[11.969382,57.695784],[11.9696437,57.6959042],[11.9696772,57.6959537],[11.9695908,57.6960579],[11.9693909,57.696018],[11.9693641,57.6959986],[11.9693566,57.6959723],[11.9693548,57.6959508],[11.9692304,57.6958958]]]}},{"type":"Feature","properties":{"@id":"way/84617839","building":"apartments"},"geometry":{"type":"Polygon","coordinates":[[[11.9687018,57.6958044],[11.9688484,57.6958494],[11.9687188,57.6959742],[11.9686008,57.6959493],[11.9685699,57.6959415],[11.9687018,57.6958044]]]}},{"type":"Feature","properties":{"@id":"way/84617840","building":"apartments"},"geometry":{"type":"Polygon","coordinates":[[[11.9682521,57.6958552],[11.9684323,57.6959077],[11.9684113,57.6959214],[11.968392,57.6959339],[11.9684282,57.6959517],[11.9683768,57.6960095],[11.9683451,57.6960048],[11.968329,57.6960282],[11.9681388,57.6959911],[11.9682325,57.6958772],[11.9682521,57.6958552]]]}},{"type":"Feature","properties":{"@id":"way/84617841","building":"apartments"},"geometry":{"type":"Polygon","coordinates":[[[11.9694968,57.6961959],[11.9692523,57.696156],[11.9692651,57.6961299],[11.9693012,57.6961275],[11.9693289,57.6960965],[11.9693225,57.6960782],[11.9693408,57.6960656],[11.9693625,57.696063],[11.9693909,57.696018],[11.9695908,57.6960579],[11.9694968,57.6961959]]]}},{"type":"Feature","properties":{"@id":"way/84617842","building":"apartments"},"geometry":{"type":"Polygon","coordinates":[[[11.9685427,57.6955591],[11.9687279,57.6956058],[11.9686871,57.695649],[11.9685959,57.6957457],[11.9685827,57.6957597],[11.9684159,57.6956968],[11.968508,57.6955937],[11.9685427,57.6955591]]]}},{"type":"Feature","properties":{"@id":"way/84617843","building":"apartments"},"geometry":{"type":"Polygon","coordinates":[[[11.9682476,57.6962058],[11.9680331,57.6961684],[11.9680384,57.6961554],[11.9680677,57.6960831],[11.9681388,57.6959911],[11.968329,57.6960282],[11.9683512,57.6960377],[11.9683443,57.6960529],[11.9683224,57.6961011],[11.9683403,57.6961084],[11.9683018,57.6961712],[11.9682789,57.6961653],[11.9682476,57.6962058]]]}},{"type":"Feature","properties":{"@id":"way/84617844","building":"apartments","building:levels":"5","roof:levels":"1"},"geometry":{"type":"Polygon","coordinates":[[[11.968786,57.6967288],[11.9689389,57.6967491],[11.969014,57.6966135],[11.9692012,57.696643],[11.9690743,57.6968862],[11.9690298,57.696898],[11.9688737,57.6968736],[11.9687221,57.6968498],[11.968786,57.6967288]]]}},{"type":"Feature","properties":{"@id":"way/84617845","building":"apartments"},"geometry":{"type":"Polygon","coordinates":[[[11.9684159,57.6956968],[11.9685827,57.6957597],[11.9685296,57.695812],[11.9684323,57.6959077],[11.9682521,57.6958552],[11.9683431,57.6957617],[11.9684159,57.6956968]]]}},{"type":"Feature","properties":{"@id":"way/84617846","building":"apartments"},"geometry":{"type":"Polygon","coordinates":[[[11.969382,57.695784],[11.9692304,57.6958958],[11.9689769,57.6957727],[11.9689922,57.6957613],[11.9688403,57.695678],[11.9688734,57.6956428],[11.9690094,57.6955653],[11.969196,57.695651],[11.9691544,57.6956799],[11.969183,57.6956903],[11.969382,57.695784]]]}},{"type":"Feature","properties":{"@id":"way/84617847","building":"apartments"},"geometry":{"type":"Polygon","coordinates":[[[11.969014,57.6966135],[11.9690496,57.6965506],[11.9690279,57.6965223],[11.9687717,57.6964772],[11.9688197,57.6963825],[11.9693078,57.696463],[11.9692012,57.696643],[11.969014,57.6966135]]]}},{"type":"Feature","properties":{"@id":"way/84617848","building":"apartments"},"geometry":{"type":"Polygon","coordinates":[[[11.9680331,57.6961684],[11.9682476,57.6962058],[11.9682045,57.6962717],[11.9681644,57.6963329],[11.9681849,57.6963374],[11.9681994,57.6963274],[11.9682299,57.6963274],[11.9682521,57.6963349],[11.9683397,57.6963486],[11.9683639,57.6963208],[11.9683667,57.6963176],[11.9684342,57.6962249],[11.9686333,57.6962607],[11.9685263,57.696439],[11.9684761,57.6964318],[11.9681918,57.6963913],[11.9679383,57.6963905],[11.9679371,57.6963196],[11.9679665,57.6962845],[11.9679954,57.6962342],[11.9680331,57.6961684]]]}},{"type":"Feature","properties":{"@id":"way/84617849","building":"apartments"},"geometry":{"type":"Polygon","coordinates":[[[11.9681593,57.6965177],[11.9679444,57.6965252],[11.9679398,57.696465],[11.9679383,57.6963905],[11.9681918,57.6963913],[11.9684761,57.6964318],[11.9684477,57.6964836],[11.9682316,57.6964461],[11.9681494,57.6964469],[11.9681492,57.6964679],[11.9681593,57.6965177]]]}},{"type":"Feature","properties":{"@id":"way/84617850","building":"apartments","building:levels":"5","roof:levels":"1"},"geometry":{"type":"Polygon","coordinates":[[[11.9683708,57.6966411],[11.9684336,57.6966552],[11.9684964,57.6966671],[11.968526,57.6965368],[11.9686419,57.6965554],[11.9684989,57.6968149],[11.9683568,57.6967927],[11.9682723,57.6967817],[11.9683708,57.6966411]]]}},{"type":"Feature","properties":{"@id":"way/84617851","building":"apartments"},"geometry":{"type":"Polygon","coordinates":[[[11.9686675,57.6961261],[11.9685163,57.6960929],[11.9684946,57.6960882],[11.9686008,57.6959493],[11.9687188,57.6959742],[11.9687735,57.6959869],[11.9687523,57.6960126],[11.968785,57.6960198],[11.9687291,57.6960925],[11.9686985,57.6960858],[11.9686675,57.6961261]]]}},{"type":"Feature","properties":{"@id":"way/84617852","building":"apartments","building:levels":"5","roof:levels":"1"},"geometry":{"type":"Polygon","coordinates":[[[11.9686419,57.6965554],[11.9687182,57.696569],[11.9686452,57.6967136],[11.9687397,57.6967238],[11.968786,57.6967288],[11.9687221,57.6968498],[11.9686784,57.696843],[11.9684989,57.6968149],[11.9686419,57.6965554]]]}},{"type":"Feature","properties":{"@id":"way/85144759","building":"yes"},"geometry":{"type":"Polygon","coordinates":[[[11.9653024,57.7042208],[11.965148,57.7041974],[11.9650087,57.7041762],[11.965111,57.7039882],[11.965137,57.7039385],[11.9654285,57.7039824],[11.9653526,57.7041261],[11.9653024,57.7042208]]]}},{"type":"Feature","properties":{"@id":"way/85144766","building":"yes"},"geometry":{"type":"Polygon","coordinates":[[[11.9656423,57.7040147],[11.9657498,57.7038112],[11.965816,57.7038212],[11.966194,57.7038796],[11.9662427,57.7038872],[11.9661392,57.7040899],[11.9660386,57.7040744],[11.9656423,57.7040147]]]}},{"type":"Feature","properties":{"@id":"way/85144775","building":"retail","building:levels":"3","roof:levels":"1","roof:shape":"mansard"},"geometry":{"type":"Polygon","coordinates":[[[11.9659122,57.7043138],[11.965497,57.7042505],[11.9653024,57.7042208],[11.9653526,57.7041261],[11.9658232,57.704197],[11.9658824,57.7040851],[11.9656256,57.7040464],[11.9656423,57.7040147],[11.9660386,57.7040744],[11.9659813,57.7041829],[11.9659122,57.7043138]]]}},{"type":"Feature","properties":{"@id":"way/85144783","building":"yes"},"geometry":{"type":"Polygon","coordinates":[[[11.9649904,57.7039658],[11.9650153,57.7039194],[11.9651239,57.7037143],[11.9657498,57.7038112],[11.9656423,57.7040147],[11.9654285,57.7039824],[11.965137,57.7039385],[11.965111,57.7039882],[11.9651094,57.703984],[11.9649904,57.7039658]]]}},{"type":"Feature","properties":{"@id":"way/88425738","building":"school"},"geometry":{"type":"Polygon","coordinates":[[[11.9646126,57.69518],[11.9646342,57.6951478],[11.964736,57.6949958],[11.9650159,57.6950494],[11.9649408,57.6951615],[11.9648043,57.6951353],[11.964756,57.6952074],[11.9646126,57.69518]]]}},{"type":"Feature","properties":{"@id":"way/88425768","building":"apartments"},"geometry":{"type":"Polygon","coordinates":[[[11.9663434,57.6950447],[11.9663461,57.6950154],[11.9662748,57.6950135],[11.9662019,57.6950115],[11.9662128,57.694895],[11.9663401,57.6948983],[11.9663436,57.6948605],[11.9664744,57.694864],[11.9664713,57.6948978],[11.9664858,57.6948982],[11.9664718,57.6950481],[11.9663434,57.6950447]]]}},{"type":"Feature","properties":{"@id":"way/88823181","building":"apartments"},"geometry":{"type":"Polygon","coordinates":[[[11.9695582,57.69547],[11.9692516,57.6954135],[11.9690579,57.6953778],[11.9691375,57.6952544],[11.9694869,57.6947129],[11.9695851,57.6945606],[11.9698127,57.6946025],[11.969756,57.6946903],[11.9696543,57.6948481],[11.9695072,57.695076],[11.9694293,57.6951968],[11.969369,57.6952903],[11.9696417,57.6953405],[11.9695582,57.69547]]]}},{"type":"Feature","properties":{"@id":"way/88823186","building":"apartments"},"geometry":{"type":"Polygon","coordinates":[[[11.9701679,57.6955533],[11.9698045,57.6954917],[11.9698804,57.6953638],[11.9698635,57.6953609],[11.9699951,57.6951392],[11.9700158,57.6951428],[11.9700932,57.6950124],[11.9704529,57.6950734],[11.9703911,57.6951775],[11.9703374,57.6951684],[11.9702002,57.6951451],[11.9701152,57.6952882],[11.9700379,57.6954184],[11.9701838,57.6954431],[11.9702288,57.6954507],[11.9701679,57.6955533]]]}},{"type":"Feature","properties":{"@id":"way/112347235","building":"service"},"geometry":{"type":"Polygon","coordinates":[[[11.9824165,57.7099786],[11.9827953,57.710055],[11.982724,57.7101557],[11.9823453,57.7100793],[11.9823579,57.7100615],[11.9823799,57.7100303],[11.9824012,57.7100003],[11.9824165,57.7099786]]]}},{"type":"Feature","properties":{"@id":"way/115040351","building":"yes"},"geometry":{"type":"Polygon","coordinates":[[[11.9707403,57.6956659],[11.970815,57.6956003],[11.9708826,57.6956223],[11.970808,57.6956879],[11.9707403,57.6956659]]]}},{"type":"Feature","properties":{"@id":"way/115040352","building":"yes"},"geometry":{"type":"Polygon","coordinates":[[[11.9738718,57.6950199],[11.9738088,57.6949938],[11.9738345,57.6949606],[11.9738852,57.6949239],[11.973939,57.6949037],[11.9740022,57.6949299],[11.9738718,57.6950199]]]}},{"type":"Feature","properties":{"@id":"way/115040371","building":"retail"},"geometry":{"type":"Polygon","coordinates":[[[11.9708854,57.69628],[11.9709482,57.6962983],[11.9708757,57.696383],[11.9707656,57.6963843],[11.9706669,57.6963854],[11.9706032,57.6963209],[11.9706594,57.6962908],[11.97069,57.696309],[11.9708242,57.6963066],[11.9708854,57.69628]]]}},{"type":"Feature","properties":{"@id":"way/115040385","building":"yes"},"geometry":{"type":"Polygon","coordinates":[[[11.9741184,57.6949498],[11.9741319,57.6949405],[11.9742641,57.6949952],[11.9742506,57.6950045],[11.9741184,57.6949498]]]}},{"type":"Feature","properties":{"@id":"way/115040391","building":"school","building:levels":"4","roof:levels":"1"},"geometry":{"type":"Polygon","coordinates":[[[11.9677999,57.6961431],[11.9677314,57.696273],[11.9676687,57.6962633],[11.9676383,57.6963208],[11.9676631,57.6963246],[11.9675884,57.6964658],[11.9675586,57.6964613],[11.9675214,57.6965315],[11.9674991,57.6965282],[11.9674745,57.6965811],[11.9673794,57.6965688],[11.9674081,57.6965146],[11.9673709,57.6965088],[11.967143,57.6964735],[11.9671837,57.6964069],[11.9672276,57.6964141],[11.9672666,57.6963404],[11.9673068,57.6962643],[11.9672579,57.6962569],[11.9672913,57.6961938],[11.9674032,57.6962107],[11.9674655,57.6960929],[11.9677999,57.6961431]]]}},{"type":"Feature","properties":{"@id":"way/115610278","building":"yes"},"geometry":{"type":"Polygon","coordinates":[[[11.9843416,57.7015791],[11.9842238,57.7015373],[11.9849729,57.7010248],[11.9853165,57.7010465],[11.9853136,57.7010659],[11.9853122,57.7010754],[11.9853789,57.7010812],[11.9853636,57.7011537],[11.9853911,57.7011565],[11.985408,57.7011582],[11.9854385,57.7011974],[11.9854024,57.7013211],[11.9853443,57.7013523],[11.9850918,57.701351],[11.9848876,57.7013755],[11.9846448,57.7014326],[11.9844721,57.7015063],[11.9843416,57.7015791]]]}},{"type":"Feature","properties":{"@id":"way/115618861","building":"toilets","building:levels":"2","roof:shape":"gabled"},"geometry":{"type":"Polygon","coordinates":[[[11.9760206,57.706886],[11.9759307,57.7068534],[11.9760526,57.7067574],[11.9761426,57.70679],[11.9760206,57.706886]]]}},{"type":"Feature","properties":{"@id":"way/115618864","building":"civic","building:levels":"1","roof:levels":"1","roof:shape":"pyramidal"},"geometry":{"type":"Polygon","coordinates":[[[11.9765364,57.7047884],[11.9764935,57.7047361],[11.9765534,57.7046881],[11.9766587,57.7046932],[11.9767027,57.7047462],[11.9766417,57.7047935],[11.9765364,57.7047884]]]}},{"type":"Feature","properties":{"@id":"way/115618865","building":"yes","name":"Direktörsvillan","roof:shape":"gabled"},"geometry":{"type":"Polygon","coordinates":[[[11.9755453,57.7062037],[11.9756508,57.7061261],[11.9758265,57.7061943],[11.9757211,57.7062718],[11.9755453,57.7062037]]]}},{"type":"Feature","properties":{"@id":"way/115618866","building":"yes"},"geometry":{"type":"Polygon","coordinates":[[[11.9751995,57.7071881],[11.9751995,57.7071689],[11.9751995,57.707137],[11.9753521,57.707137],[11.975352,57.7071882],[11.9751995,57.7071881]]]}},{"type":"Feature","properties":{"@id":"way/116920680","building":"apartments","building:levels":"4","roof:levels":"0"},"geometry":{"type":"Polygon","coordinates":[[[11.9655244,57.6994816],[11.9654836,57.6995616],[11.965297,57.6995314],[11.9652537,57.6996079],[11.9654781,57.6996442],[11.9655,57.6996054],[11.9655405,57.6996119],[11.9656264,57.6996258],[11.9656047,57.6996642],[11.9658256,57.6996999],[11.9658692,57.6996228],[11.9656783,57.6995919],[11.9657136,57.6995132],[11.9661155,57.6995773],[11.9660876,57.6996258],[11.9660626,57.6996217],[11.9660301,57.6996791],[11.9660128,57.6997096],[11.9659784,57.6997705],[11.9659972,57.6997736],[11.9659584,57.6998421],[11.9658358,57.6998223],[11.9658413,57.6998126],[11.9656092,57.6997751],[11.9656024,57.6997872],[11.96535,57.6997464],[11.9653561,57.6997355],[11.9651137,57.6996964],[11.9651072,57.6997078],[11.9649821,57.6996876],[11.9650222,57.6996167],[11.9650434,57.6996202],[11.9650661,57.69958],[11.9650853,57.699546],[11.9651283,57.69947],[11.9651058,57.6994664],[11.9651303,57.6994177],[11.9655244,57.6994816]]]}},{"type":"Feature","properties":{"@id":"way/116920682","building":"apartments","building:levels":"5","roof:levels":"1","roof:shape":"gabled"},"geometry":{"type":"Polygon","coordinates":[[[11.9664841,57.6999408],[11.9665661,57.6997966],[11.9666386,57.6996612],[11.9667063,57.6996719],[11.9667977,57.6996863],[11.9669342,57.6997092],[11.9669037,57.6997649],[11.966858,57.6997595],[11.9667932,57.6998788],[11.9670318,57.699914],[11.9671063,57.6997975],[11.9670518,57.6997894],[11.9670873,57.6997351],[11.9673268,57.699772],[11.9673727,57.6997788],[11.9673664,57.6997948],[11.9672099,57.7000523],[11.9664841,57.6999408]]]}},{"type":"Feature","properties":{"@id":"way/121718749","building":"apartments","building:levels":"12"},"geometry":{"type":"Polygon","coordinates":[[[11.9851323,57.7003526],[11.9850226,57.7003073],[11.9849535,57.7002787],[11.984837,57.7002305],[11.9849828,57.7001298],[11.985259,57.700244],[11.9852746,57.7002505],[11.9852481,57.7002688],[11.9855342,57.7003872],[11.985483,57.7004226],[11.9854997,57.7004294],[11.9854037,57.7004957],[11.985349,57.7004731],[11.985304,57.7004545],[11.9851044,57.7003719],[11.9851323,57.7003526]]]}},{"type":"Feature","properties":{"@id":"way/130125810","building":"retail","building:levels":"1"},"geometry":{"type":"Polygon","coordinates":[[[11.9847641,57.7097998],[11.9848028,57.7098116],[11.9848361,57.7098913],[11.984808,57.7099115],[11.984707,57.709926],[11.9846649,57.7099091],[11.984635,57.7098303],[11.9846517,57.7098139],[11.9847641,57.7097998]]]}},{"type":"Feature","properties":{"@id":"way/134766810","building":"apartments"},"geometry":{"type":"Polygon","coordinates":[[[11.9794938,57.7080437],[11.9796654,57.7080445],[11.9796659,57.7080514],[11.9797025,57.7080518],[11.9796963,57.7082078],[11.9797066,57.7082091],[11.9797224,57.7082218],[11.9797208,57.7082247],[11.9799106,57.7082568],[11.979923,57.7082348],[11.979943,57.7082377],[11.9799526,57.7082214],[11.9800414,57.7082358],[11.980032,57.7082518],[11.9800537,57.708255],[11.9800416,57.708277],[11.9801662,57.7082954],[11.9802126,57.7082928],[11.9802285,57.7082494],[11.9802427,57.7082493],[11.9802405,57.7082049],[11.980204,57.7082039],[11.980203,57.7081727],[11.9801647,57.7081726],[11.980166,57.7081392],[11.9802031,57.7081397],[11.9802032,57.7081084],[11.9802424,57.7081085],[11.9802443,57.7080547],[11.980289,57.7080552],[11.98029,57.7080232],[11.9803948,57.7080239],[11.9803954,57.7080495],[11.9804504,57.7080494],[11.9804497,57.7081096],[11.980459,57.7081105],[11.9804586,57.7081494],[11.9804483,57.7081496],[11.9804485,57.7081592],[11.9804466,57.7082866],[11.9804464,57.7083039],[11.9804574,57.7083047],[11.9804552,57.7083482],[11.9804445,57.7083483],[11.9804438,57.708403],[11.9802268,57.7084026],[11.9802194,57.708418],[11.9801409,57.7084056],[11.9799386,57.7083742],[11.9796646,57.7083315],[11.9796595,57.7083402],[11.9796014,57.7083309],[11.9795713,57.7083262],[11.9795738,57.7083162],[11.9794877,57.7083057],[11.979487,57.708291],[11.9794864,57.7082762],[11.9794754,57.7082749],[11.9794771,57.7082347],[11.9794922,57.7082334],[11.9794916,57.7081562],[11.9794923,57.7081142],[11.9794816,57.708113],[11.9794804,57.708075],[11.9794944,57.7080749],[11.9794938,57.7080437]]]}},{"type":"Feature","properties":{"@id":"way/134766812","building":"hotel"},"geometry":{"type":"Polygon","coordinates":[[[11.9780577,57.7080435],[11.9787851,57.7081586],[11.9786782,57.7083521],[11.9787635,57.7083656],[11.9787889,57.7083197],[11.9791483,57.7083765],[11.9790859,57.7084895],[11.9791524,57.7085],[11.9790824,57.7086267],[11.9780287,57.70846],[11.9780812,57.7083649],[11.9778963,57.7083357],[11.9780577,57.7080435]]]}},{"type":"Feature","properties":{"@id":"way/134766813","building":"apartments"},"geometry":{"type":"Polygon","coordinates":[[[11.9806797,57.7080517],[11.9807342,57.7080515],[11.980736,57.708024],[11.9808425,57.7080236],[11.980842,57.708052],[11.980849,57.708052],[11.9808491,57.708058],[11.9808875,57.7080581],[11.9808896,57.7081123],[11.9809226,57.7081128],[11.9809253,57.7082095],[11.9808865,57.7082103],[11.9808864,57.7083971],[11.9808997,57.708408],[11.9809923,57.7084241],[11.9810212,57.7083733],[11.9812914,57.7084159],[11.9812627,57.7084649],[11.9813381,57.7084769],[11.9814199,57.7084257],[11.9814353,57.7082136],[11.9813839,57.7082125],[11.9813847,57.7081156],[11.9814279,57.7081178],[11.9814266,57.708064],[11.9814639,57.7080634],[11.9814641,57.708056],[11.9816358,57.7080578],[11.9816366,57.7081175],[11.9816445,57.7081176],[11.9816432,57.7081584],[11.9816344,57.7081584],[11.9816334,57.7081745],[11.9816255,57.7084724],[11.9816251,57.7084911],[11.9816337,57.7084913],[11.9816313,57.7085347],[11.9816251,57.7085347],[11.9816225,57.7085897],[11.9814006,57.708588],[11.9813942,57.7086004],[11.9813632,57.7085956],[11.9813105,57.7085872],[11.9812869,57.708587],[11.9811346,57.7085629],[11.9809512,57.7085342],[11.9809442,57.7085464],[11.980837,57.7085294],[11.9808402,57.7085237],[11.9807939,57.7085166],[11.9807512,57.7085105],[11.9807538,57.7085022],[11.9806692,57.7084909],[11.9806689,57.7084317],[11.9806598,57.7084319],[11.9806594,57.7083918],[11.9806703,57.7083914],[11.9806715,57.7083631],[11.9806749,57.7081762],[11.9806754,57.7081519],[11.9806645,57.7081517],[11.9806679,57.708111],[11.9806774,57.7081107],[11.9806797,57.7080517]]]}},{"type":"Feature","properties":{"@id":"way/134766815","building":"apartments"},"geometry":{"type":"Polygon","coordinates":[[[11.9804739,57.7077744],[11.9804703,57.7079062],[11.9802425,57.7079044],[11.9802416,57.707936],[11.9801049,57.7079349],[11.9801058,57.7079034],[11.97981,57.7079011],[11.9798092,57.7079327],[11.9796792,57.7079317],[11.97968,57.7078998],[11.9794922,57.7078984],[11.9794957,57.7077689],[11.9795509,57.7077693],[11.979685,57.7077703],[11.9796855,57.7077543],[11.9797419,57.7077547],[11.9799053,57.707756],[11.9799049,57.7077709],[11.9800689,57.7077722],[11.9800694,57.707754],[11.9801703,57.7077548],[11.9802903,57.7077558],[11.9802898,57.707773],[11.9804171,57.707774],[11.9804739,57.7077744]]]}},{"type":"Feature","properties":{"@id":"way/134766818","building":"commercial"},"geometry":{"type":"Polygon","coordinates":[[[11.97935,57.7086435],[11.9794728,57.7084207],[11.9797438,57.7084635],[11.9801859,57.7085333],[11.9804077,57.7085683],[11.9802849,57.7087912],[11.9800289,57.7087507],[11.979604,57.7086836],[11.97935,57.7086435]]]}},{"type":"Feature","properties":{"@id":"way/134767104","building":"yes"},"geometry":{"type":"Polygon","coordinates":[[[11.983825,57.7086869],[11.9838288,57.7085111],[11.9838604,57.7085113],[11.9838679,57.7081615],[11.9840632,57.7081627],[11.9840558,57.7085069],[11.9840756,57.708507],[11.9840717,57.7086884],[11.983825,57.7086869]]]}},{"type":"Feature","properties":{"@id":"way/136459067","building":"sports_hall","name":"Ullevi Tennishall"},"geometry":{"type":"Polygon","coordinates":[[[11.9810419,57.705249],[11.9812499,57.7052504],[11.981242,57.7056008],[11.9809516,57.7055989],[11.9807934,57.7055624],[11.9801199,57.705558],[11.9801373,57.704797],[11.9810521,57.7048029],[11.9810419,57.705249]]]}},{"type":"Feature","properties":{"@id":"way/136459069","building":"yes"},"geometry":{"type":"Polygon","coordinates":[[[11.9813631,57.7048959],[11.9813608,57.704777],[11.9814621,57.7047764],[11.9814644,57.7048954],[11.9813631,57.7048959]]]}},{"type":"Feature","properties":{"@id":"way/136459071","building":"public"},"geometry":{"type":"Polygon","coordinates":[[[11.9819507,57.706496],[11.9834045,57.7065024],[11.9833978,57.7067446],[11.9831604,57.7067482],[11.9831523,57.7068492],[11.982883,57.7068678],[11.9828866,57.7067465],[11.9824684,57.7067439],[11.982467,57.7068943],[11.9821989,57.7069201],[11.9822063,57.7067389],[11.9819413,57.7067389],[11.9819507,57.706496]]]}},{"type":"Feature","properties":{"@id":"way/136582782","building":"yes"},"geometry":{"type":"Polygon","coordinates":[[[11.9849358,57.7100423],[11.9850265,57.710032],[11.9851021,57.7100167],[11.9851893,57.7099952],[11.9855667,57.7101776],[11.9853274,57.7103234],[11.9851075,57.7102087],[11.9850002,57.7102317],[11.98485,57.7102374],[11.9847481,57.7102403],[11.9847427,57.7101686],[11.9846276,57.7101681],[11.9845142,57.7101595],[11.9844163,57.7101416],[11.9843149,57.7101199],[11.9842333,57.7100948],[11.9843514,57.7099887],[11.9844815,57.7100225],[11.9845786,57.7100406],[11.9847092,57.7100489],[11.9848173,57.7100499],[11.9849358,57.7100423]]]}},{"type":"Feature","properties":{"@id":"way/148157930","building":"yes","name":"Betlehemskyrkan"},"geometry":{"type":"Polygon","coordinates":[[[11.9672325,57.6988167],[11.9672038,57.6988677],[11.9669666,57.6988264],[11.9670024,57.6987615],[11.9671226,57.6985433],[11.9671673,57.6984621],[11.9671824,57.698458],[11.9672026,57.6984526],[11.9672769,57.6984659],[11.9672773,57.698466],[11.9679485,57.6985698],[11.9681662,57.6986035],[11.9681864,57.6986234],[11.9679822,57.6989915],[11.9677533,57.6989558],[11.9677819,57.6989048],[11.9678812,57.6987272],[11.9678694,57.6987154],[11.9677637,57.698696],[11.9676814,57.6987199],[11.9675054,57.6986907],[11.9674604,57.6986478],[11.9673488,57.6986285],[11.9673261,57.6986352],[11.9672325,57.6988167]]]}},{"type":"Feature","properties":{"@id":"way/148157931","building":"apartments"},"geometry":{"type":"Polygon","coordinates":[[[11.966468,57.6991738],[11.9662963,57.6991456],[11.9661898,57.6991278],[11.9660816,57.6991113],[11.9658467,57.6990755],[11.9658813,57.6990135],[11.966312,57.6990823],[11.9663173,57.6990727],[11.9663025,57.6990692],[11.9662942,57.699061],[11.9662948,57.6990505],[11.9663037,57.6990435],[11.9663213,57.6990396],[11.9663388,57.6990405],[11.9663546,57.6990141],[11.9665412,57.6990431],[11.9665279,57.6990669],[11.966468,57.6991738]]]}},{"type":"Feature","properties":{"@id":"way/148157938","building":"apartments","building:levels":"2","name":"Heymanska villan","roof:levels":"1"},"geometry":{"type":"Polygon","coordinates":[[[11.9648619,57.6982059],[11.9649229,57.6980882],[11.9649294,57.6980764],[11.9650345,57.698092],[11.9650262,57.6981073],[11.9650588,57.6981117],[11.9650603,57.6981121],[11.9650956,57.6981209],[11.965098,57.6981117],[11.9652268,57.6981225],[11.9652191,57.6981393],[11.9653111,57.698152],[11.9653082,57.6981599],[11.9653319,57.6981701],[11.9653539,57.6981739],[11.9653545,57.6981825],[11.9653432,57.6981882],[11.9653569,57.6981961],[11.965339,57.6982186],[11.965339,57.6982228],[11.9653224,57.6982348],[11.9653218,57.6982513],[11.9652797,57.6982621],[11.9652607,57.698284],[11.965247,57.698283],[11.9652185,57.6983328],[11.9652469,57.6983382],[11.9652317,57.6983656],[11.9652191,57.6983883],[11.9650207,57.698356],[11.9650615,57.6982882],[11.9650221,57.6982816],[11.9650366,57.6982543],[11.9650004,57.6982493],[11.9649769,57.698237],[11.9649761,57.6982217],[11.9648619,57.6982059]]]}},{"type":"Feature","properties":{"@id":"way/148157940","building":"hotel","building:levels":"5"},"geometry":{"type":"Polygon","coordinates":[[[11.9652558,57.6989797],[11.9653141,57.6988717],[11.9653263,57.6988492],[11.9655228,57.6988807],[11.9655075,57.6989059],[11.9655123,57.6989176],[11.9654986,57.6989306],[11.9654909,57.6989328],[11.9655114,57.6989544],[11.9657047,57.6989853],[11.9658813,57.6990135],[11.9658467,57.6990755],[11.9656402,57.6990453],[11.9655607,57.6990319],[11.9654327,57.6990096],[11.9652558,57.6989797]]]}},{"type":"Feature","properties":{"@id":"way/148157955","building":"apartments","building:levels":"4","roof:levels":"0"},"geometry":{"type":"Polygon","coordinates":[[[11.9684197,57.6990608],[11.9682189,57.6990295],[11.968293,57.6988974],[11.9685211,57.6989339],[11.9687762,57.698976],[11.9687024,57.699108],[11.9686206,57.6990946],[11.9686563,57.6990297],[11.9686442,57.6990158],[11.9684807,57.698989],[11.9684724,57.6990022],[11.9684819,57.6990089],[11.9684748,57.6990228],[11.9684671,57.6990317],[11.9684522,57.6990361],[11.968435,57.6990368],[11.9684197,57.6990608]]]}},{"type":"Feature","properties":{"@id":"way/148157958","building":"yes"},"geometry":{"type":"Polygon","coordinates":[[[11.96735,57.6988912],[11.9674694,57.6989106],[11.9674588,57.6989292],[11.9673944,57.6990425],[11.9673626,57.6990985],[11.9672916,57.699087],[11.9672715,57.6990695],[11.9673233,57.698981],[11.967301,57.6989774],[11.96735,57.6988912]]]}},{"type":"Feature","properties":{"@id":"way/148157964","building":"apartments"},"geometry":{"type":"Polygon","coordinates":[[[11.9669495,57.6992768],[11.9667425,57.6992446],[11.9667662,57.6991994],[11.9668138,57.6990896],[11.9670778,57.6991317],[11.9670645,57.6991555],[11.9670234,57.6991676],[11.9670577,57.6991997],[11.9671698,57.699218],[11.9671632,57.6992298],[11.9672699,57.6992486],[11.9672277,57.6993215],[11.9670948,57.6993003],[11.9669495,57.6992768]]]}},{"type":"Feature","properties":{"@id":"way/148157979","building":"apartments"},"geometry":{"type":"Polygon","coordinates":[[[11.9666833,57.6987896],[11.9666701,57.6988131],[11.966578,57.6989775],[11.9665412,57.6990431],[11.9663546,57.6990141],[11.9663421,57.6990126],[11.9663862,57.6989375],[11.9662253,57.6989109],[11.9661991,57.6989178],[11.9659746,57.6988838],[11.9660099,57.6988204],[11.9660413,57.6987656],[11.966142,57.6987805],[11.9661461,57.6987745],[11.9664013,57.6988175],[11.9663976,57.6988278],[11.9664506,57.6988354],[11.9664583,57.6988231],[11.9664448,57.6988186],[11.9664415,57.6988097],[11.9664453,57.698798],[11.9664629,57.6987892],[11.9664875,57.69879],[11.9665028,57.698761],[11.9666833,57.6987896]]]}},{"type":"Feature","properties":{"@id":"way/148157984","building":"apartments"},"geometry":{"type":"Polygon","coordinates":[[[11.9673944,57.6990425],[11.967916,57.6991228],[11.9678469,57.6992378],[11.9678395,57.6992501],[11.9676177,57.6992119],[11.9676111,57.6992103],[11.9676186,57.6991961],[11.9676248,57.6991846],[11.9676135,57.6991799],[11.96761,57.6991707],[11.9676141,57.6991605],[11.9676295,57.699152],[11.9676509,57.6991497],[11.9676693,57.6991523],[11.96768,57.6991332],[11.9675957,57.6991205],[11.9675921,57.6991282],[11.9674758,57.699112],[11.9674811,57.6991056],[11.967452,57.6991018],[11.9674372,57.6991053],[11.9674318,57.6991174],[11.9674517,57.6991202],[11.9674578,57.6991302],[11.9674271,57.6991795],[11.9674093,57.6991827],[11.9673207,57.6991666],[11.9673626,57.6990985],[11.9673944,57.6990425]]]}},{"type":"Feature","properties":{"@id":"way/148157988","building":"apartments"},"geometry":{"type":"Polygon","coordinates":[[[11.9656402,57.6990453],[11.9658467,57.6990755],[11.9658231,57.699121],[11.965721,57.6991051],[11.9656981,57.6991118],[11.9656914,57.6991271],[11.9657126,57.6991352],[11.9657202,57.6991436],[11.9657177,57.6991533],[11.9656984,57.6991607],[11.9656753,57.6991602],[11.9656458,57.6992084],[11.9656831,57.6992155],[11.9656898,57.6992065],[11.9657081,57.6992011],[11.9657336,57.6992058],[11.9657405,57.6992114],[11.9657452,57.6992152],[11.9657447,57.699225],[11.9657696,57.6992286],[11.9657093,57.6993322],[11.9656783,57.6993274],[11.9654926,57.6992984],[11.9656402,57.6990453]]]}},{"type":"Feature","properties":{"@id":"way/148157996","building":"apartments"},"geometry":{"type":"Polygon","coordinates":[[[11.9690347,57.699444],[11.9688306,57.6994097],[11.9688442,57.6993846],[11.9687976,57.6993767],[11.9687899,57.6993598],[11.9688,57.6993623],[11.9688252,57.6993605],[11.968834,57.6993481],[11.9688516,57.6993504],[11.9688647,57.6993311],[11.9686997,57.6993046],[11.9686733,57.6993543],[11.9686873,57.6993566],[11.9686989,57.6993635],[11.9687022,57.6993718],[11.9686963,57.6993807],[11.9686867,57.6993858],[11.9685595,57.6993671],[11.9686329,57.6992365],[11.9691078,57.6993121],[11.9690347,57.699444]]]}},{"type":"Feature","properties":{"@id":"way/148157999","building":"apartments","building:levels":"4","roof:levels":"1"},"geometry":{"type":"Polygon","coordinates":[[[11.9660099,57.6988204],[11.9653958,57.6987205],[11.9654543,57.6986123],[11.9654613,57.6985993],[11.9654671,57.6985885],[11.9656569,57.6986216],[11.9656526,57.6986313],[11.9656459,57.6986462],[11.9656652,57.6986542],[11.9656724,57.6986688],[11.965651,57.6986831],[11.965626,57.6986831],[11.9656157,57.6987039],[11.9657846,57.6987264],[11.9658013,57.6987209],[11.965837,57.6987264],[11.9658471,57.6987368],[11.9660413,57.6987656],[11.9660099,57.6988204]]]}},{"type":"Feature","properties":{"@id":"way/148158011","building":"service"},"geometry":{"type":"Polygon","coordinates":[[[11.9676118,57.6981083],[11.9677385,57.6981283],[11.9677079,57.6981836],[11.9675812,57.6981636],[11.9676118,57.6981083]]]}},{"type":"Feature","properties":{"@id":"way/148158015","building":"service","roof:shape":"gabled"},"geometry":{"type":"Polygon","coordinates":[[[11.9680301,57.698177],[11.9682042,57.6982041],[11.9681741,57.6982594],[11.9679999,57.6982322],[11.9680301,57.698177]]]}},{"type":"Feature","properties":{"@id":"way/148158022","building":"apartments"},"geometry":{"type":"Polygon","coordinates":[[[11.9684882,57.6994982],[11.968367,57.6994796],[11.9682785,57.6994653],[11.9679999,57.6994204],[11.968055,57.6993222],[11.9680754,57.6992858],[11.9683041,57.6993234],[11.9682673,57.6993963],[11.9684254,57.6994192],[11.9684623,57.6993524],[11.9685595,57.6993671],[11.9684882,57.6994982]]]}},{"type":"Feature","properties":{"@id":"way/148158025","building":"apartments","building:levels":"6","roof:levels":"1"},"geometry":{"type":"Polygon","coordinates":[[[11.9688219,57.6991285],[11.9687024,57.699108],[11.9687762,57.698976],[11.9690122,57.699015],[11.9692495,57.699056],[11.9691893,57.6991649],[11.969178,57.6991854],[11.9689542,57.6991466],[11.9689636,57.6991313],[11.968968,57.6991241],[11.9689423,57.6991194],[11.9689495,57.699105],[11.968967,57.6991078],[11.968971,57.6990988],[11.968982,57.6990932],[11.9689989,57.6990922],[11.9690072,57.6990769],[11.9688741,57.6990563],[11.9688593,57.6990459],[11.9688402,57.6990436],[11.9688323,57.6990368],[11.9688221,57.6990403],[11.9688145,57.6990543],[11.9688308,57.699057],[11.9688079,57.6990964],[11.9688244,57.699102],[11.9688323,57.6991106],[11.9688219,57.6991285]]]}},{"type":"Feature","properties":{"@id":"way/148158041","building":"apartments"},"geometry":{"type":"Polygon","coordinates":[[[11.9663767,57.6986001],[11.9661206,57.6985521],[11.9661422,57.6985118],[11.9662814,57.6985349],[11.9663245,57.6984597],[11.9663472,57.6984528],[11.9663589,57.6984286],[11.9662621,57.6984128],[11.9662278,57.6984072],[11.9662837,57.6983047],[11.9663094,57.6983087],[11.9665125,57.6983404],[11.9664413,57.6984702],[11.9663767,57.6986001]]]}},{"type":"Feature","properties":{"@id":"way/148158043","building":"apartments","building:levels":"4","roof:levels":"1"},"geometry":{"type":"Polygon","coordinates":[[[11.9683041,57.6993234],[11.9680754,57.6992858],[11.9680876,57.6992639],[11.9681458,57.6991601],[11.9686329,57.6992365],[11.9685595,57.6993671],[11.9684623,57.6993524],[11.9684673,57.6993426],[11.9684291,57.699337],[11.9684642,57.6992761],[11.9683398,57.6992567],[11.9683149,57.6993032],[11.9683041,57.6993234]]]}},{"type":"Feature","properties":{"@id":"way/148158052","building":"apartments","building:levels":"6","roof:levels":"1"},"geometry":{"type":"Polygon","coordinates":[[[11.967891,57.6998609],[11.9679237,57.6998654],[11.9679271,57.6998589],[11.9679913,57.6998689],[11.967999,57.6998549],[11.9680852,57.6998684],[11.9680775,57.6998825],[11.9681919,57.6999004],[11.9681426,57.6999843],[11.9681296,57.6999984],[11.9681184,57.7000032],[11.9680981,57.700003],[11.9680811,57.6999943],[11.9680779,57.6999836],[11.9680732,57.6999822],[11.9680112,57.7000772],[11.968037,57.7000825],[11.9680465,57.700074],[11.9680652,57.7000696],[11.9680827,57.7000715],[11.9680972,57.7000779],[11.9681041,57.7000885],[11.9682062,57.7001012],[11.968221,57.7000936],[11.9682447,57.7000939],[11.9682655,57.700099],[11.9682744,57.7001072],[11.9682708,57.7001215],[11.9682987,57.7001251],[11.9683599,57.7000247],[11.9683439,57.7000219],[11.9683391,57.7000304],[11.9683219,57.7000358],[11.9682993,57.7000346],[11.9682851,57.7000295],[11.9682785,57.7000208],[11.9682821,57.7000085],[11.9683368,57.6999234],[11.9684609,57.6999429],[11.9684686,57.6999288],[11.968511,57.6999355],[11.9685502,57.6999416],[11.9685446,57.699951],[11.968609,57.6999603],[11.9686063,57.6999679],[11.9686449,57.6999733],[11.9686217,57.7000165],[11.9686027,57.70002],[11.9685694,57.700015],[11.9685202,57.7001016],[11.968477,57.7001776],[11.968471,57.7001882],[11.9685082,57.7001949],[11.9685112,57.7002041],[11.9684858,57.7002429],[11.9684619,57.7002476],[11.9684515,57.7002461],[11.9683576,57.7002323],[11.9683648,57.7002194],[11.9682566,57.7002017],[11.9682494,57.7002146],[11.9679949,57.700178],[11.9680021,57.7001651],[11.9678614,57.7001426],[11.9678542,57.7001556],[11.9677585,57.7001405],[11.9677626,57.7001307],[11.9677341,57.7001262],[11.9677264,57.7001177],[11.9677448,57.7000809],[11.9677644,57.7000752],[11.9678042,57.7000802],[11.9678478,57.7000001],[11.9678932,57.6999165],[11.9678612,57.6999099],[11.9678541,57.6999023],[11.9678731,57.6998666],[11.967891,57.6998609]]]}},{"type":"Feature","properties":{"@id":"way/148158063","building":"apartments","building:levels":"4","roof:levels":"0"},"geometry":{"type":"Polygon","coordinates":[[[11.9661206,57.6985521],[11.96591,57.6985183],[11.9659904,57.698383],[11.9660576,57.6982677],[11.9662558,57.6983001],[11.9662837,57.6983047],[11.9662278,57.6984072],[11.9662039,57.6984025],[11.9661991,57.6984016],[11.9661896,57.6984103],[11.9661703,57.6984157],[11.9661494,57.6984151],[11.9661302,57.6984086],[11.9661215,57.6983986],[11.9661225,57.6983886],[11.9661014,57.698385],[11.9660881,57.6984111],[11.9661002,57.6984237],[11.9660583,57.6984978],[11.9661422,57.6985118],[11.9661206,57.6985521]]]}},{"type":"Feature","properties":{"@id":"way/150279285","building":"yes","name":"Floating Saigon"},"geometry":{"type":"Polygon","coordinates":[[[11.9695434,57.703296],[11.9696495,57.703264],[11.9699056,57.7035105],[11.9699169,57.7035263],[11.9699162,57.7035469],[11.9699033,57.7035627],[11.9698609,57.7035583],[11.9698275,57.7035477],[11.9698067,57.7035317],[11.9696935,57.7034303],[11.9695434,57.703296]]]}},{"type":"Feature","properties":{"@id":"way/150279286","building":"yes"},"geometry":{"type":"Polygon","coordinates":[[[11.969982,57.7052781],[11.9702249,57.7053151],[11.9701069,57.7055366],[11.9698639,57.7054996],[11.969982,57.7052781]]]}},{"type":"Feature","properties":{"@id":"way/150279287","building":"yes"},"geometry":{"type":"Polygon","coordinates":[[[11.9701415,57.7051796],[11.9702855,57.7052015],[11.9702249,57.7053151],[11.969982,57.7052781],[11.9699415,57.705272],[11.9699613,57.7052349],[11.9701008,57.7052561],[11.9701415,57.7051796]]]}},{"type":"Feature","properties":{"@id":"way/158206676","building":"office","building:levels":"5","height":"23.1"},"geometry":{"type":"Polygon","coordinates":[[[11.9807924,57.7030764],[11.9813004,57.7027303],[11.9814236,57.702782],[11.9816051,57.7026584],[11.9817912,57.7025317],[11.9816686,57.7024803],[11.9818698,57.7023433],[11.9825123,57.7026126],[11.9823111,57.7027496],[11.9820636,57.7026459],[11.9816961,57.7028962],[11.9819499,57.7030026],[11.9814419,57.7033486],[11.9807924,57.7030764]]]}},{"type":"Feature","properties":{"@id":"way/158286976","building":"yes"},"geometry":{"type":"Polygon","coordinates":[[[11.9758838,57.697073],[11.9759559,57.6970222],[11.9759474,57.6970187],[11.9759483,57.6970178],[11.9759449,57.6970163],[11.9759476,57.6970143],[11.97596,57.6970196],[11.9759615,57.6970185],[11.9759661,57.6970205],[11.975981,57.6970102],[11.9759763,57.6970081],[11.9759775,57.6970073],[11.975965,57.6970021],[11.9759677,57.6970001],[11.9759718,57.6970017],[11.9759726,57.697001],[11.9759962,57.6970106],[11.9760689,57.6969597],[11.9761891,57.6970118],[11.9760975,57.6970762],[11.9761127,57.6970824],[11.9760368,57.6971356],[11.9760268,57.6971315],[11.9760195,57.6971315],[11.9760122,57.697131],[11.9760054,57.6971297],[11.975999,57.6971277],[11.9759931,57.6971247],[11.9759886,57.6971213],[11.9759858,57.6971177],[11.9759843,57.6971141],[11.9759817,57.6971131],[11.9759631,57.6971263],[11.9759568,57.6971236],[11.9759756,57.6971105],[11.9759694,57.6971078],[11.9759722,57.6971058],[11.9759536,57.697098],[11.9759506,57.6971],[11.9759441,57.6970974],[11.9759251,57.6971105],[11.9759191,57.6971081],[11.9759377,57.6970947],[11.9758838,57.697073]]]}},{"type":"Feature","properties":{"@id":"way/158286977","building":"residential"},"geometry":{"type":"Polygon","coordinates":[[[11.9735462,57.6983754],[11.97357,57.698359],[11.9737239,57.6982531],[11.9741074,57.6984121],[11.9740136,57.6984767],[11.9738934,57.6984269],[11.9739063,57.698418],[11.9738375,57.6983894],[11.9738133,57.6984061],[11.9738364,57.6984157],[11.9737858,57.6984506],[11.9737639,57.6984657],[11.9735462,57.6983754]]]}},{"type":"Feature","properties":{"@id":"way/158286980","building":"residential"},"geometry":{"type":"Polygon","coordinates":[[[11.9744847,57.6985685],[11.9743732,57.6986453],[11.9743028,57.6986937],[11.9741135,57.6986152],[11.9741522,57.6985885],[11.9741796,57.6985697],[11.9742019,57.6985789],[11.9742162,57.6985691],[11.9742416,57.6985516],[11.974153,57.6985149],[11.9741352,57.6985272],[11.9740535,57.6984933],[11.9740136,57.6984767],[11.9741074,57.6984121],[11.9744847,57.6985685]]]}},{"type":"Feature","properties":{"@id":"way/158286981","building":"church","building:levels":"4","name":"Tabernaklet"},"geometry":{"type":"Polygon","coordinates":[[[11.9709274,57.7006345],[11.9708242,57.7005918],[11.9705695,57.7004866],[11.9705531,57.7004665],[11.9705723,57.7004474],[11.9706659,57.7003827],[11.970784,57.7003011],[11.9709363,57.7003639],[11.9708926,57.7003941],[11.970871,57.7004091],[11.9709931,57.7004595],[11.9711104,57.700508],[11.9709274,57.7006345]]]}},{"type":"Feature","properties":{"@id":"way/158286984","building":"residential"},"geometry":{"type":"Polygon","coordinates":[[[11.9727122,57.6993961],[11.9726347,57.6993636],[11.9727923,57.6992556],[11.9726718,57.6992055],[11.9726322,57.6992326],[11.9725855,57.6992646],[11.9725507,57.6992773],[11.9725026,57.6993102],[11.9723048,57.6992278],[11.9724257,57.6991455],[11.9725386,57.6990676],[11.9729447,57.6992368],[11.9727122,57.6993961]]]}},{"type":"Feature","properties":{"@id":"way/158286985","building":"apartments"},"geometry":{"type":"Polygon","coordinates":[[[11.9718223,57.7002195],[11.9717706,57.7001982],[11.9718325,57.7001554],[11.9719265,57.7001942],[11.9719521,57.7001765],[11.9719484,57.7001637],[11.9719638,57.7001531],[11.9719879,57.7001517],[11.9719927,57.7001484],[11.972017,57.7001316],[11.9721976,57.7002062],[11.9721739,57.7002226],[11.9720451,57.7003116],[11.9718223,57.7002195]]]}},{"type":"Feature","properties":{"@id":"way/158286987","building":"yes"},"geometry":{"type":"Polygon","coordinates":[[[11.9715785,57.700191],[11.9716437,57.7001459],[11.9717706,57.7001982],[11.9718223,57.7002195],[11.9717781,57.7002501],[11.9717954,57.7002572],[11.971773,57.7002727],[11.9717201,57.7002509],[11.9717044,57.7002617],[11.9716027,57.7002197],[11.9716196,57.700208],[11.9715785,57.700191]]]}},{"type":"Feature","properties":{"@id":"way/158286990","building":"hotel","name":"Hotel Poseidon"},"geometry":{"type":"Polygon","coordinates":[[[11.9701009,57.700134],[11.9699576,57.7002326],[11.969737,57.7001402],[11.9698771,57.7000438],[11.9699096,57.7000571],[11.9699222,57.7000492],[11.9699441,57.7000491],[11.9699728,57.7000607],[11.9700011,57.7000434],[11.970078,57.7000753],[11.9700342,57.7001054],[11.9701009,57.700134]]]}},{"type":"Feature","properties":{"@id":"way/158286991","building":"yes"},"geometry":{"type":"Polygon","coordinates":[[[11.971714,57.7003436],[11.9717303,57.7003323],[11.9717395,57.700326],[11.9717311,57.7003097],[11.971755,57.7002936],[11.9717847,57.7002948],[11.9718227,57.7002685],[11.9717954,57.7002572],[11.9717781,57.7002501],[11.9718223,57.7002195],[11.9720451,57.7003116],[11.9719107,57.7004046],[11.9718923,57.7004173],[11.971714,57.7003436]]]}},{"type":"Feature","properties":{"@id":"way/158286995","building":"apartments"},"geometry":{"type":"Polygon","coordinates":[[[11.9759441,57.6985907],[11.9757911,57.6986972],[11.9755226,57.698884],[11.9753019,57.6990376],[11.9752526,57.6990719],[11.9750504,57.6989889],[11.9751716,57.6989046],[11.9751953,57.6989143],[11.9753658,57.6987957],[11.9753421,57.698786],[11.9754544,57.6987078],[11.9754781,57.6987175],[11.9756463,57.6986005],[11.9756226,57.6985908],[11.9757419,57.6985077],[11.9759441,57.6985907]]]}},{"type":"Feature","properties":{"@id":"way/158286996","building":"yes"},"geometry":{"type":"Polygon","coordinates":[[[11.9711478,57.6997931],[11.9711233,57.6998103],[11.9710072,57.6998917],[11.9705944,57.6997187],[11.9707423,57.6996173],[11.9708278,57.6996531],[11.9707404,57.6997132],[11.9708819,57.6997729],[11.9708987,57.6997615],[11.9708968,57.6997498],[11.9709221,57.6997355],[11.9709564,57.6997381],[11.9709829,57.6997227],[11.9711478,57.6997931]]]}},{"type":"Feature","properties":{"@id":"way/158286998","building":"yes"},"geometry":{"type":"Polygon","coordinates":[[[11.976197,57.6967274],[11.9758717,57.6969545],[11.9758957,57.6969643],[11.9758886,57.6969686],[11.9758677,57.696983],[11.9758453,57.6969971],[11.9758268,57.6969906],[11.9758018,57.6970069],[11.9756308,57.6969371],[11.9757037,57.6968863],[11.9757106,57.6968886],[11.9760356,57.6966614],[11.976197,57.6967274]]]}},{"type":"Feature","properties":{"@id":"way/158287003","building":"residential","building:levels":"5","roof:levels":"1"},"geometry":{"type":"Polygon","coordinates":[[[11.9720186,57.6994247],[11.9722099,57.6992931],[11.9723048,57.6992278],[11.9725026,57.6993102],[11.9723435,57.6994193],[11.9724397,57.6994597],[11.9724734,57.6994585],[11.972621,57.699358],[11.9726347,57.6993636],[11.9727122,57.6993961],[11.9725843,57.6994837],[11.9723966,57.6996124],[11.9722144,57.6995374],[11.9720253,57.6994595],[11.9720186,57.6994247]]]}},{"type":"Feature","properties":{"@id":"way/158287004","building":"apartments"},"geometry":{"type":"Polygon","coordinates":[[[11.9747051,57.69885],[11.9745086,57.6987694],[11.9745722,57.6987251],[11.9749012,57.6984962],[11.9750608,57.6983851],[11.9752011,57.6982875],[11.9753975,57.6983682],[11.975288,57.6984444],[11.9752656,57.6984352],[11.975089,57.6985581],[11.9751114,57.6985673],[11.9750007,57.6986443],[11.9749782,57.6986351],[11.9748037,57.6987565],[11.9748262,57.6987657],[11.9747051,57.69885]]]}},{"type":"Feature","properties":{"@id":"way/158287006","building":"university"},"geometry":{"type":"Polygon","coordinates":[[[11.9719814,57.7006826],[11.9718418,57.7006231],[11.9723628,57.7002599],[11.9725151,57.7003231],[11.9724777,57.7003491],[11.9725183,57.7003659],[11.9725392,57.7003744],[11.9725212,57.7003869],[11.9724755,57.7004186],[11.9724244,57.7004541],[11.9724114,57.7004631],[11.9723398,57.7004337],[11.9722325,57.7005083],[11.9719814,57.7006826]]]}},{"type":"Feature","properties":{"@id":"way/158287008","building":"apartments","building:levels":"6","roof:levels":"1"},"geometry":{"type":"Polygon","coordinates":[[[11.9759606,57.6993731],[11.9758319,57.6994623],[11.9756889,57.6995614],[11.9754258,57.6994531],[11.9751889,57.6993555],[11.9751818,57.6993342],[11.9754384,57.6991557],[11.9755638,57.6992074],[11.9755865,57.699218],[11.9754451,57.699316],[11.9756339,57.6993917],[11.9757103,57.6993403],[11.9756987,57.6993333],[11.9757021,57.6993224],[11.9757561,57.6992889],[11.9759606,57.6993731]]]}},{"type":"Feature","properties":{"@id":"way/158287010","building":"apartments"},"geometry":{"type":"Polygon","coordinates":[[[11.9701973,57.6999919],[11.9701505,57.7000241],[11.9700606,57.6999868],[11.9701016,57.6999586],[11.9700897,57.6999536],[11.9702217,57.6998628],[11.9702387,57.6998699],[11.9702999,57.6998277],[11.9702984,57.6998149],[11.970261,57.6997994],[11.9703064,57.6997682],[11.9704412,57.6998242],[11.9703021,57.6999198],[11.9701973,57.6999919]]]}},{"type":"Feature","properties":{"@id":"way/158287011","building":"residential"},"geometry":{"type":"Polygon","coordinates":[[[11.9725386,57.6990676],[11.9726594,57.6989848],[11.9727751,57.6989055],[11.9729726,57.6989878],[11.9728577,57.6990666],[11.9728772,57.6990747],[11.9728701,57.6990796],[11.9728556,57.6990895],[11.9728449,57.699085],[11.97282,57.6990854],[11.9728153,57.6991047],[11.9729369,57.6991554],[11.9731078,57.6990382],[11.9731865,57.699071],[11.9729447,57.6992368],[11.9725386,57.6990676]]]}},{"type":"Feature","properties":{"@id":"way/158287015","building":"residential"},"geometry":{"type":"Polygon","coordinates":[[[11.9735137,57.6995827],[11.9734065,57.6995383],[11.973458,57.6995029],[11.9737227,57.6993206],[11.9737716,57.6993409],[11.9737636,57.6993464],[11.9739432,57.6994208],[11.9740443,57.6993512],[11.9743092,57.699461],[11.9742078,57.6995308],[11.9743823,57.6996032],[11.9743901,57.6995978],[11.9744333,57.6996157],[11.9741527,57.6998089],[11.9735489,57.6995585],[11.9735137,57.6995827]]]}},{"type":"Feature","properties":{"@id":"way/158287016","building":"apartments"},"geometry":{"type":"Polygon","coordinates":[[[11.9775597,57.6970748],[11.9774707,57.6971375],[11.9774462,57.6971262],[11.9773801,57.6971705],[11.9773002,57.6971669],[11.9772623,57.69719],[11.9772752,57.6972032],[11.9774031,57.6972086],[11.977422,57.6971997],[11.9774546,57.6972014],[11.9774708,57.6972113],[11.9775167,57.6972133],[11.9775207,57.6971852],[11.9776466,57.697191],[11.9776271,57.6973321],[11.9774714,57.6973246],[11.9772136,57.6973124],[11.9771999,57.6973186],[11.9771688,57.6973175],[11.9771594,57.6973098],[11.9771206,57.697308],[11.9769939,57.6973022],[11.9769649,57.6972605],[11.9771538,57.6971285],[11.9771504,57.6971132],[11.9771721,57.6970986],[11.9772008,57.6970959],[11.9773512,57.6969907],[11.9775597,57.6970748]]]}},{"type":"Feature","properties":{"@id":"way/158287017","building":"residential"},"geometry":{"type":"Polygon","coordinates":[[[11.9731865,57.699071],[11.9732566,57.6991002],[11.9731114,57.6991998],[11.9730704,57.6992279],[11.9732091,57.6992856],[11.9732833,57.6992347],[11.9733929,57.6991596],[11.9735755,57.6992357],[11.9735461,57.6992559],[11.9735201,57.6992737],[11.9734966,57.699264],[11.9734604,57.6992889],[11.9734124,57.6993218],[11.9734267,57.6993355],[11.9733935,57.699358],[11.9733678,57.6993552],[11.9733155,57.6993912],[11.9729447,57.6992368],[11.9731865,57.699071]]]}},{"type":"Feature","properties":{"@id":"way/158287024","building":"yes","building:levels":"3"},"geometry":{"type":"Polygon","coordinates":[[[11.9724385,57.7012246],[11.9725177,57.7011731],[11.9725916,57.7011289],[11.9729428,57.7012759],[11.9730479,57.7012042],[11.9731406,57.7011416],[11.9733054,57.7012091],[11.97329,57.701221],[11.9732765,57.7012303],[11.9732153,57.7012729],[11.9732074,57.7012786],[11.9731879,57.7012927],[11.972944,57.7014628],[11.9729371,57.7014681],[11.9724481,57.7012662],[11.9724334,57.7012538],[11.97243,57.7012393],[11.9724385,57.7012246]]]}},{"type":"Feature","properties":{"@id":"way/158287026","building":"university"},"geometry":{"type":"Polygon","coordinates":[[[11.9726205,57.7009358],[11.9724684,57.7008728],[11.9725475,57.7008183],[11.9726288,57.7007623],[11.9728205,57.7006302],[11.9727841,57.7006151],[11.9728505,57.7005694],[11.9728285,57.7005603],[11.9728234,57.7005451],[11.9728532,57.7005246],[11.9728838,57.7005243],[11.9729235,57.7005407],[11.9729674,57.7005104],[11.9731313,57.7005786],[11.9726205,57.7009358]]]}},{"type":"Feature","properties":{"@id":"way/158287028","building":"apartments"},"geometry":{"type":"Polygon","coordinates":[[[11.972017,57.7001316],[11.9720387,57.7001166],[11.9721213,57.7000595],[11.9721285,57.7000625],[11.9721405,57.7000542],[11.9720804,57.7000294],[11.9720723,57.700035],[11.971964,57.6999902],[11.9719377,57.7000084],[11.9718782,57.6999838],[11.9718923,57.6999741],[11.9719248,57.6999516],[11.9720509,57.6998644],[11.972213,57.6999314],[11.9724161,57.7000153],[11.9724188,57.7000343],[11.9724213,57.7000516],[11.9722217,57.7001896],[11.9721976,57.7002062],[11.972017,57.7001316]]]}},{"type":"Feature","properties":{"@id":"way/158287031","building":"apartments"},"geometry":{"type":"Polygon","coordinates":[[[11.9720509,57.6998644],[11.9719248,57.6999516],[11.9717244,57.6998688],[11.9717042,57.6998779],[11.9716748,57.6998794],[11.9716515,57.6998747],[11.9715887,57.699918],[11.9716057,57.699925],[11.9716088,57.6999395],[11.9715902,57.6999519],[11.9715693,57.6999537],[11.9715592,57.6999496],[11.9713923,57.6998806],[11.9716265,57.6997188],[11.9716511,57.6997174],[11.9716848,57.6997154],[11.9718865,57.6997975],[11.9720509,57.6998644]]]}},{"type":"Feature","properties":{"@id":"way/158287033","building":"residential"},"geometry":{"type":"Polygon","coordinates":[[[11.9733929,57.6991596],[11.9734342,57.6991313],[11.9733902,57.699113],[11.973423,57.6990905],[11.973452,57.6990707],[11.9734975,57.6990896],[11.9735616,57.6990456],[11.9734931,57.6990171],[11.973439,57.6990542],[11.9733568,57.6990199],[11.9734073,57.6989853],[11.9733422,57.6989581],[11.9734923,57.6988553],[11.9737058,57.6989442],[11.9738527,57.6990054],[11.9738597,57.699041],[11.973672,57.6991696],[11.9735755,57.6992357],[11.9733929,57.6991596]]]}},{"type":"Feature","properties":{"@id":"way/158287035","building":"apartments"},"geometry":{"type":"Polygon","coordinates":[[[11.9752526,57.6990719],[11.9752171,57.6990966],[11.974986,57.6992573],[11.9749632,57.6992581],[11.9747488,57.6991702],[11.9746031,57.6991104],[11.9747768,57.6989897],[11.9747956,57.6989976],[11.9748325,57.6990132],[11.974831,57.6990279],[11.974912,57.699088],[11.9749555,57.699059],[11.9749415,57.6990489],[11.974941,57.699037],[11.9749594,57.6990238],[11.9749827,57.6990207],[11.9749947,57.699012],[11.9750248,57.6989901],[11.9750345,57.6989831],[11.9750504,57.6989889],[11.9752526,57.6990719]]]}},{"type":"Feature","properties":{"@id":"way/158287039","building":"university","building:levels":"3","roof:levels":"1"},"geometry":{"type":"Polygon","coordinates":[[[11.9729674,57.7005104],[11.9728254,57.7004517],[11.9728156,57.7004584],[11.9726385,57.7003851],[11.9726483,57.7003783],[11.9725151,57.7003231],[11.9723628,57.7002599],[11.9723509,57.700255],[11.9725633,57.7001056],[11.9728627,57.7002305],[11.9728771,57.7002206],[11.9729677,57.7002581],[11.9729715,57.7002597],[11.9730518,57.7002929],[11.9730374,57.7003028],[11.9733442,57.7004304],[11.9731313,57.7005786],[11.9729674,57.7005104]]]}},{"type":"Feature","properties":{"@id":"way/158287040","building":"apartments"},"geometry":{"type":"Polygon","coordinates":[[[11.9698771,57.7000438],[11.969737,57.7001402],[11.969648,57.7001026],[11.9694214,57.7000069],[11.9694221,57.6999844],[11.9695096,57.6999242],[11.9696081,57.6998564],[11.9696675,57.6998156],[11.9698534,57.6998927],[11.9698076,57.6999243],[11.9698122,57.6999399],[11.9697899,57.6999559],[11.9697646,57.6999542],[11.9697276,57.6999793],[11.9697766,57.700002],[11.9697933,57.6999968],[11.9698195,57.6999996],[11.9698306,57.7000121],[11.969826,57.7000225],[11.9698771,57.7000438]]]}},{"type":"Feature","properties":{"@id":"way/158287044","building":"apartments"},"geometry":{"type":"Polygon","coordinates":[[[11.9702259,57.6997347],[11.9703018,57.6996823],[11.9703723,57.6997116],[11.970354,57.6997241],[11.9704182,57.6997508],[11.9704809,57.6997077],[11.9704762,57.6996943],[11.970498,57.6996793],[11.9705236,57.6996783],[11.9706286,57.699606],[11.9705522,57.6995743],[11.9705846,57.699552],[11.9707423,57.6996173],[11.9705944,57.6997187],[11.9704412,57.6998242],[11.9703064,57.6997682],[11.9702259,57.6997347]]]}},{"type":"Feature","properties":{"@id":"way/158287045","building":"museum","building:levels":"2"},"geometry":{"type":"Polygon","coordinates":[[[11.9737492,57.6999214],[11.9737975,57.6999414],[11.9739097,57.6998641],[11.9738701,57.6998477],[11.9738129,57.699824],[11.9739036,57.6997615],[11.9741117,57.6998478],[11.9737164,57.7001199],[11.97335,57.6999679],[11.9729958,57.699821],[11.9731662,57.6997037],[11.9732734,57.6997481],[11.973293,57.6997347],[11.9735021,57.6998214],[11.9735667,57.699777],[11.9736963,57.6998307],[11.973634,57.6998736],[11.9737492,57.6999214]]]}},{"type":"Feature","properties":{"@id":"way/158287049","building":"apartments"},"geometry":{"type":"Polygon","coordinates":[[[11.9746031,57.6991104],[11.9744494,57.6990473],[11.9742455,57.6989636],[11.974245,57.6989528],[11.9744636,57.6988007],[11.9745086,57.6987694],[11.9747051,57.69885],[11.9747167,57.6988555],[11.9747031,57.6988636],[11.9746747,57.6988806],[11.9746668,57.6988853],[11.9746768,57.6988974],[11.9746662,57.6989141],[11.9746405,57.6989192],[11.9746175,57.6989153],[11.9745901,57.6989023],[11.9745334,57.6989382],[11.9746993,57.6989764],[11.9747308,57.6989717],[11.9747768,57.6989897],[11.9746031,57.6991104]]]}},{"type":"Feature","properties":{"@id":"way/158287050","building":"apartments"},"geometry":{"type":"Polygon","coordinates":[[[11.9708695,57.6999896],[11.9708445,57.7000068],[11.9707185,57.7000935],[11.9703021,57.6999198],[11.9704412,57.6998242],[11.9705199,57.6998568],[11.9704506,57.6999043],[11.970451,57.6999224],[11.9704865,57.6999372],[11.9705085,57.6999353],[11.9705319,57.6999449],[11.9705327,57.6999564],[11.9705831,57.6999782],[11.9706101,57.6999597],[11.9706078,57.6999462],[11.9706218,57.6999366],[11.9706455,57.6999353],[11.9706533,57.6999299],[11.9706805,57.6999112],[11.9708695,57.6999896]]]}},{"type":"Feature","properties":{"@id":"way/158287054","building":"university"},"geometry":{"type":"Polygon","coordinates":[[[11.9716225,57.7008228],[11.9717812,57.7007134],[11.9720524,57.7008243],[11.9720757,57.7008082],[11.9721993,57.7008593],[11.9721759,57.7008755],[11.9723233,57.7009365],[11.9724355,57.7008592],[11.9724684,57.7008728],[11.9726205,57.7009358],[11.9724855,57.7010289],[11.9724384,57.7010093],[11.9723024,57.701103],[11.9720631,57.7010039],[11.9720449,57.7010165],[11.9719431,57.7009743],[11.9718397,57.7009315],[11.971858,57.7009189],[11.9716225,57.7008228]]]}},{"type":"Feature","properties":{"@id":"way/158287056","building":"apartments"},"geometry":{"type":"Polygon","coordinates":[[[11.9713923,57.6998806],[11.9715592,57.6999496],[11.9715428,57.6999609],[11.9715335,57.6999673],[11.9715489,57.6999737],[11.971551,57.6999847],[11.9715312,57.699996],[11.9715121,57.6999962],[11.9714993,57.6999909],[11.9714769,57.7000064],[11.9715164,57.7000228],[11.9715214,57.7000194],[11.9715481,57.7000179],[11.9715674,57.7000251],[11.9715696,57.7000399],[11.9715642,57.7000436],[11.9717065,57.7001025],[11.9716437,57.7001459],[11.9712462,57.6999815],[11.9713719,57.6998947],[11.9713923,57.6998806]]]}},{"type":"Feature","properties":{"@id":"way/158287060","building":"residential"},"geometry":{"type":"Polygon","coordinates":[[[11.9743028,57.6986937],[11.9741541,57.6987953],[11.9740514,57.6988655],[11.9739928,57.698868],[11.9738583,57.6988122],[11.9736462,57.6987243],[11.9737829,57.6986301],[11.9738085,57.6986125],[11.9739027,57.6986508],[11.9739298,57.6986477],[11.9739569,57.6986539],[11.9739697,57.6986635],[11.9739656,57.6986771],[11.9739492,57.6986876],[11.9739749,57.6986987],[11.9739859,57.6986917],[11.9739854,57.6986605],[11.9740277,57.6986601],[11.9740277,57.6986744],[11.9741135,57.6986152],[11.9743028,57.6986937]]]}},{"type":"Feature","properties":{"@id":"way/158287064","building":"apartments"},"geometry":{"type":"Polygon","coordinates":[[[11.9705693,57.7001961],[11.9703319,57.7003594],[11.9702671,57.7003611],[11.9701982,57.7003325],[11.9700761,57.7002818],[11.9700683,57.7002785],[11.9700608,57.7002754],[11.9699576,57.7002326],[11.9701009,57.700134],[11.9701331,57.7001469],[11.9701519,57.7001418],[11.9701739,57.7001449],[11.9701869,57.7001549],[11.9701823,57.7001683],[11.9702095,57.7001794],[11.9702527,57.700197],[11.9703052,57.7001608],[11.9702917,57.7001498],[11.9702972,57.7001363],[11.9703195,57.7001308],[11.970344,57.7001342],[11.9703558,57.7001391],[11.9703701,57.7001293],[11.9703844,57.7001194],[11.9705693,57.7001961]]]}},{"type":"Feature","properties":{"@id":"way/158287065","building":"residential","building:levels":"5","roof:levels":"1"},"geometry":{"type":"Polygon","coordinates":[[[11.9749716,57.6982331],[11.9747734,57.698151],[11.9748243,57.6981159],[11.9748092,57.6981079],[11.9748063,57.6980898],[11.9748329,57.6980769],[11.9748591,57.6980704],[11.9748746,57.6980778],[11.9749365,57.6980486],[11.974921,57.6980421],[11.9748613,57.6980168],[11.9748349,57.6980316],[11.9748109,57.6980392],[11.9747831,57.6980355],[11.9747711,57.6980225],[11.9747841,57.6980036],[11.9747424,57.6979746],[11.9748886,57.6978727],[11.9750835,57.697953],[11.9752376,57.6980165],[11.9752434,57.6980448],[11.9751328,57.6981214],[11.9749716,57.6982331]]]}},{"type":"Feature","properties":{"@id":"way/158287069","building":"residential"},"geometry":{"type":"Polygon","coordinates":[[[11.9731044,57.6995586],[11.9729216,57.6994825],[11.9729334,57.6994718],[11.9729939,57.6994171],[11.972989,57.699401],[11.9730055,57.6993896],[11.9730345,57.6993886],[11.9730989,57.699361],[11.9729955,57.6993172],[11.9729764,57.6993326],[11.9729831,57.6993416],[11.9729782,57.6993509],[11.9729685,57.6993596],[11.9729534,57.6993596],[11.9729352,57.6993584],[11.972898,57.6993468],[11.9727827,57.6994254],[11.9727122,57.6993961],[11.9729447,57.6992368],[11.9733155,57.6993912],[11.9732754,57.6994187],[11.9732883,57.6994326],[11.9732507,57.6994584],[11.973224,57.6994559],[11.9731833,57.6994838],[11.9731388,57.6995143],[11.9731576,57.6995222],[11.9731336,57.6995386],[11.9731044,57.6995586]]]}},{"type":"Feature","properties":{"@id":"way/158287073","building":"university"},"geometry":{"type":"Polygon","coordinates":[[[11.9737716,57.6993409],[11.9738821,57.6992648],[11.9738466,57.6992501],[11.9740375,57.6991186],[11.9741932,57.6991844],[11.9741618,57.6992058],[11.9743347,57.6992775],[11.9743537,57.6992853],[11.9745319,57.6993592],[11.9745641,57.699337],[11.9747268,57.6994045],[11.9745358,57.6995359],[11.974501,57.6995214],[11.9743901,57.6995978],[11.9743823,57.6996032],[11.9742078,57.6995308],[11.9743092,57.699461],[11.9740443,57.6993512],[11.9739432,57.6994208],[11.9737636,57.6993464],[11.9737716,57.6993409]]]}},{"type":"Feature","properties":{"@id":"way/158287074","building":"residential","building:levels":"6"},"geometry":{"type":"Polygon","coordinates":[[[11.9727004,57.699508],[11.9727061,57.6995256],[11.9726679,57.6995518],[11.9727453,57.6995841],[11.9727687,57.6995938],[11.9728172,57.6995606],[11.9728026,57.6995545],[11.9727953,57.6995389],[11.9728161,57.6995246],[11.9728549,57.6995282],[11.9729216,57.6994825],[11.9731044,57.6995586],[11.9728177,57.6997551],[11.9727521,57.6997582],[11.9725838,57.6996892],[11.9723966,57.6996124],[11.9725843,57.6994837],[11.9726484,57.6995104],[11.9726577,57.6995041],[11.9726875,57.6995027],[11.9727004,57.699508]]]}},{"type":"Feature","properties":{"@id":"way/158287078","building":"yes"},"geometry":{"type":"Polygon","coordinates":[[[11.9712331,57.7001435],[11.9712645,57.7001565],[11.9712446,57.7001707],[11.9712384,57.7001752],[11.9712521,57.7001811],[11.9712531,57.7001957],[11.9712349,57.7002082],[11.9712078,57.7002105],[11.9711939,57.7002047],[11.9711721,57.7002204],[11.9712085,57.7002354],[11.9712171,57.7002294],[11.9712427,57.7002275],[11.9712648,57.7002366],[11.9712692,57.7002509],[11.9712598,57.7002565],[11.9713945,57.7003122],[11.9713356,57.700353],[11.9709434,57.7001909],[11.9710715,57.7001023],[11.9710947,57.7000863],[11.9712331,57.7001435]]]}},{"type":"Feature","properties":{"@id":"way/158287079","building":"residential"},"geometry":{"type":"Polygon","coordinates":[[[11.9736462,57.6987243],[11.9736049,57.6987072],[11.9734235,57.698632],[11.9733917,57.6986351],[11.9733534,57.6986199],[11.9733512,57.6986027],[11.9732866,57.6985753],[11.9732825,57.698557],[11.9734252,57.6984587],[11.9735462,57.6983754],[11.9737639,57.6984657],[11.9736727,57.6985285],[11.973658,57.6985224],[11.9736039,57.6985603],[11.9736972,57.6985705],[11.9737164,57.698565],[11.9737458,57.6985694],[11.9737588,57.6985826],[11.9737506,57.6985972],[11.9737355,57.6986086],[11.9737829,57.6986301],[11.9736462,57.6987243]]]}},{"type":"Feature","properties":{"@id":"way/158287083","building":"apartments","building:levels":"5","roof:levels":"1"},"geometry":{"type":"Polygon","coordinates":[[[11.9753975,57.6983682],[11.9752011,57.6982875],[11.9752347,57.6982647],[11.9754503,57.6981183],[11.9754803,57.698117],[11.9756575,57.6981882],[11.9758274,57.6982564],[11.9756749,57.698359],[11.9756214,57.6983391],[11.9756071,57.698346],[11.9755873,57.6983489],[11.9755693,57.6983462],[11.9755599,57.6983365],[11.9755613,57.6983274],[11.9755875,57.6983064],[11.9755131,57.6982693],[11.9754814,57.6982945],[11.9754934,57.6983076],[11.9754855,57.6983194],[11.975466,57.6983278],[11.9754506,57.6983298],[11.975429,57.6983454],[11.9753975,57.6983682]]]}},{"type":"Feature","properties":{"@id":"way/158287086","building":"yes"},"geometry":{"type":"Polygon","coordinates":[[[11.9716437,57.7001459],[11.9715785,57.700191],[11.9714882,57.7002534],[11.9713814,57.7002093],[11.9714215,57.7001816],[11.9714551,57.7001955],[11.9715389,57.7001375],[11.9715183,57.700129],[11.9714538,57.7001415],[11.9713507,57.700099],[11.9713437,57.7000671],[11.9713061,57.7000931],[11.9713282,57.7001022],[11.9712875,57.7001303],[11.9712654,57.7001212],[11.9712525,57.7001301],[11.9712331,57.7001435],[11.9710947,57.7000863],[11.9711139,57.700073],[11.9712462,57.6999815],[11.9716437,57.7001459]]]}},{"type":"Feature","properties":{"@id":"way/158287088","building":"yes"},"geometry":{"type":"Polygon","coordinates":[[[11.9716707,57.701368],[11.9716791,57.7013785],[11.9716752,57.7013905],[11.9716568,57.7014019],[11.9716358,57.7014062],[11.9716172,57.7014036],[11.9715724,57.7014331],[11.9711949,57.7012767],[11.9713877,57.7011453],[11.9714398,57.7011093],[11.9714571,57.7011165],[11.9715094,57.7010804],[11.9716642,57.7011446],[11.9715887,57.7011966],[11.9716295,57.7012135],[11.971705,57.7011615],[11.9718604,57.7012258],[11.9717643,57.7012921],[11.9717747,57.7012963],[11.9717651,57.7013029],[11.9716707,57.701368]]]}},{"type":"Feature","properties":{"@id":"way/158287092","building":"residential"},"geometry":{"type":"Polygon","coordinates":[[[11.9733422,57.6989581],[11.9732626,57.6989243],[11.9732473,57.6989332],[11.9732201,57.6989357],[11.9731965,57.6989259],[11.9731929,57.698912],[11.9732042,57.6989029],[11.9731521,57.6988817],[11.9730814,57.6989302],[11.9731174,57.6989447],[11.9731269,57.6989621],[11.973102,57.6989791],[11.9730727,57.6989799],[11.9730437,57.6989678],[11.9729987,57.6989987],[11.9729726,57.6989878],[11.9727751,57.6989055],[11.9729769,57.6987672],[11.9730694,57.6987038],[11.9731235,57.6987016],[11.9733771,57.6988073],[11.9734923,57.6988553],[11.9733422,57.6989581]]]}},{"type":"Feature","properties":{"@id":"way/158287093","building":"apartments"},"geometry":{"type":"Polygon","coordinates":[[[11.970261,57.6997994],[11.9702306,57.6998203],[11.970111,57.6997707],[11.9701327,57.6997557],[11.9700799,57.6997315],[11.9700237,57.6997702],[11.9700445,57.6997788],[11.9700469,57.6997902],[11.9700331,57.6997995],[11.970012,57.6998011],[11.9700041,57.6998066],[11.9699394,57.6998519],[11.9699454,57.6998654],[11.969927,57.699876],[11.969904,57.6998754],[11.9698881,57.6998689],[11.9698534,57.6998927],[11.9696675,57.6998156],[11.9696965,57.6997957],[11.9698099,57.6997178],[11.9699531,57.6996194],[11.9702259,57.6997347],[11.9703064,57.6997682],[11.970261,57.6997994]]]}},{"type":"Feature","properties":{"@id":"way/158287098","building":"residential"},"geometry":{"type":"Polygon","coordinates":[[[11.9740479,57.6980299],[11.9742062,57.6979204],[11.9743967,57.6977887],[11.9744876,57.6977259],[11.9745269,57.6977227],[11.9748488,57.697858],[11.9748886,57.6978727],[11.9747424,57.6979746],[11.9747022,57.697958],[11.9746682,57.6979439],[11.9746501,57.6979468],[11.9746257,57.6979367],[11.9746287,57.6979249],[11.9745671,57.6978825],[11.9745014,57.6979266],[11.9745459,57.6979456],[11.9745522,57.6979599],[11.9745198,57.6979819],[11.9744931,57.6979819],[11.9744713,57.6979723],[11.9744214,57.698006],[11.9743602,57.6980473],[11.9743383,57.6980386],[11.9743229,57.6980627],[11.9743808,57.6980858],[11.9743939,57.6980775],[11.9745156,57.698128],[11.9744934,57.6981433],[11.9744287,57.6981878],[11.9740479,57.6980299]]]}},{"type":"Feature","properties":{"@id":"way/158287099","building":"residential"},"geometry":{"type":"Polygon","coordinates":[[[11.9742266,57.69833],[11.9741953,57.6983515],[11.9741074,57.6984121],[11.9737239,57.6982531],[11.9738793,57.698146],[11.9739137,57.6981224],[11.9740479,57.6980299],[11.9744287,57.6981878],[11.9743539,57.6982393],[11.9743004,57.6982751],[11.9742541,57.698256],[11.9742492,57.6982429],[11.9742741,57.6982255],[11.9742724,57.6982159],[11.974173,57.6981747],[11.9741443,57.6981759],[11.9741092,57.6982004],[11.9740958,57.6982097],[11.9741063,57.6982235],[11.9740752,57.698245],[11.9740476,57.698243],[11.9740073,57.6982707],[11.9740115,57.698291],[11.9741013,57.6983283],[11.974128,57.6983275],[11.9741483,57.6983135],[11.9741795,57.6983105],[11.9742266,57.69833]]]}},{"type":"Feature","properties":{"@id":"way/158287104","building":"yes","building:levels":"2"},"geometry":{"type":"Polygon","coordinates":[[[11.9730479,57.7012042],[11.9726967,57.7010572],[11.9733194,57.7006335],[11.9734367,57.7006782],[11.9734527,57.7006913],[11.9734903,57.7006927],[11.9735131,57.7006815],[11.9735143,57.7006697],[11.9735071,57.700666],[11.9735435,57.70064],[11.9735383,57.7006217],[11.9735526,57.7006121],[11.9736146,57.700637],[11.9735945,57.7006513],[11.9736503,57.7006737],[11.9736212,57.7006944],[11.9736992,57.7007257],[11.9735859,57.7008063],[11.9735671,57.7007986],[11.9734747,57.7008631],[11.973421,57.7008411],[11.9731937,57.7009996],[11.9732471,57.7010215],[11.9730992,57.7011246],[11.9731406,57.7011416],[11.9730479,57.7012042]]]}},{"type":"Feature","properties":{"@id":"way/158287107","building":"office","building:levels":"3"},"geometry":{"type":"Polygon","coordinates":[[[11.9733194,57.7006335],[11.9733829,57.7005883],[11.9733736,57.7005846],[11.9735068,57.7004906],[11.9735254,57.7004891],[11.9735473,57.7004874],[11.9735892,57.7005033],[11.9735893,57.7005215],[11.9736797,57.7005579],[11.973694,57.7005477],[11.973899,57.70063],[11.9740493,57.7006904],[11.9737731,57.700883],[11.9735859,57.7008063],[11.9736992,57.7007257],[11.9736212,57.7006944],[11.9736503,57.7006737],[11.9735945,57.7006513],[11.9736146,57.700637],[11.9735526,57.7006121],[11.9735383,57.7006217],[11.9735435,57.70064],[11.9735071,57.700666],[11.9735143,57.7006697],[11.9735131,57.7006815],[11.9734903,57.7006927],[11.9734527,57.7006913],[11.9734367,57.7006782],[11.9733194,57.7006335]]]}},{"type":"Feature","properties":{"@id":"way/158287110","building":"yes"},"geometry":{"type":"Polygon","coordinates":[[[11.9709274,57.7006345],[11.9711104,57.700508],[11.9711454,57.7004838],[11.9712199,57.7005146],[11.9711732,57.7005469],[11.9711408,57.7005693],[11.9712096,57.7005977],[11.9712216,57.7005909],[11.9712382,57.7005892],[11.971282,57.7006073],[11.9712827,57.7006175],[11.9712731,57.700624],[11.9712888,57.7006304],[11.9713886,57.7005615],[11.9714325,57.7005311],[11.9714229,57.7005272],[11.9714201,57.7005171],[11.9714499,57.7004965],[11.9714682,57.7004952],[11.9714783,57.7004994],[11.9714966,57.7004868],[11.9714586,57.7004711],[11.9715196,57.700429],[11.9717423,57.700521],[11.9715707,57.7006397],[11.971364,57.7007827],[11.9713284,57.7007948],[11.9712832,57.7007873],[11.9711451,57.700728],[11.9709274,57.7006345]]]}},{"type":"Feature","properties":{"@id":"way/158287112","building":"residential"},"geometry":{"type":"Polygon","coordinates":[[[11.9749716,57.6982331],[11.9748976,57.698284],[11.9747935,57.6983558],[11.9747176,57.6984081],[11.9744847,57.6985685],[11.9741074,57.6984121],[11.9741953,57.6983515],[11.9742437,57.6983716],[11.9742668,57.6983812],[11.9742454,57.6983959],[11.9743736,57.698449],[11.9744221,57.6984156],[11.9743665,57.6983926],[11.974387,57.6983785],[11.9743766,57.6983629],[11.9743982,57.6983481],[11.974429,57.6983496],[11.9744559,57.698331],[11.9745151,57.6983556],[11.9745424,57.6983368],[11.9745605,57.6983243],[11.9744685,57.6982862],[11.9744399,57.6982955],[11.9744251,57.6982894],[11.9744106,57.6982834],[11.9744198,57.6982666],[11.9743539,57.6982393],[11.9744287,57.6981878],[11.9744934,57.6981433],[11.9745528,57.6981682],[11.9745747,57.6981631],[11.9745933,57.6981673],[11.9746062,57.6981766],[11.9746048,57.6981894],[11.9747035,57.6982304],[11.9747295,57.6982124],[11.9747527,57.6981964],[11.9747244,57.6981847],[11.9747734,57.698151],[11.9749716,57.6982331]]]}},{"type":"Feature","properties":{"@id":"way/158287116","building":"yes"},"geometry":{"type":"Polygon","coordinates":[[[11.9781798,57.6955346],[11.9780907,57.6954944],[11.9781765,57.6954401],[11.9782655,57.6954803],[11.9781798,57.6955346]]]}},{"type":"Feature","properties":{"@id":"way/158287117","building":"roof"},"geometry":{"type":"Polygon","coordinates":[[[11.973711,57.7009263],[11.9737731,57.700883],[11.9738477,57.7009135],[11.9737856,57.7009568],[11.973711,57.7009263]]]}},{"type":"Feature","properties":{"@id":"way/158287119","building":"yes"},"geometry":{"type":"Polygon","coordinates":[[[11.9780294,57.6956157],[11.9779626,57.6956554],[11.977803,57.6955774],[11.9778637,57.6955391],[11.9780294,57.6956157]]]}},{"type":"Feature","properties":{"@id":"way/158287124","building":"apartments","building:levels":"7","roof:levels":"1"},"geometry":{"type":"Polygon","coordinates":[[[11.9766543,57.6988921],[11.9763934,57.699073],[11.9761367,57.699251],[11.9759322,57.6991667],[11.9764498,57.6988079],[11.9766543,57.6988921]]]}},{"type":"Feature","properties":{"@id":"way/158287126","building":"university"},"geometry":{"type":"Polygon","coordinates":[[[11.9726197,57.7004755],[11.9725664,57.7005125],[11.9724244,57.7004541],[11.9724755,57.7004186],[11.9726197,57.7004755]]]}},{"type":"Feature","properties":{"@id":"way/158287127","building":"yes"},"geometry":{"type":"Polygon","coordinates":[[[11.9779454,57.6954269],[11.9778563,57.6953856],[11.9779459,57.6953306],[11.9780336,57.6953723],[11.9779454,57.6954269]]]}},{"type":"Feature","properties":{"@id":"way/158287129","building":"retail","building:levels":"1","roof:levels":"1","roof:shape":"hipped"},"geometry":{"type":"Polygon","coordinates":[[[11.9744705,57.7004048],[11.9744998,57.7003845],[11.974708,57.7002401],[11.9747777,57.7002687],[11.9745409,57.7004336],[11.9744705,57.7004048]]]}},{"type":"Feature","properties":{"@id":"way/158287130","building":"roof"},"geometry":{"type":"Polygon","coordinates":[[[11.9732153,57.7012729],[11.9732765,57.7012303],[11.9733532,57.7012617],[11.973292,57.7013043],[11.9732153,57.7012729]]]}},{"type":"Feature","properties":{"@id":"way/158287132","building":"roof"},"geometry":{"type":"Polygon","coordinates":[[[11.972944,57.7014628],[11.9731879,57.7012927],[11.9732584,57.7013215],[11.9730144,57.7014917],[11.972944,57.7014628]]]}},{"type":"Feature","properties":{"@id":"way/158287135","building":"yes"},"geometry":{"type":"Polygon","coordinates":[[[11.9716642,57.7011446],[11.971686,57.7011536],[11.971705,57.7011615],[11.9716295,57.7012135],[11.9715887,57.7011966],[11.9716642,57.7011446]]]}},{"type":"Feature","properties":{"@id":"way/158287136","building":"yes"},"geometry":{"type":"Polygon","coordinates":[[[11.9717923,57.7000432],[11.9718782,57.6999838],[11.9719377,57.7000084],[11.9718518,57.7000678],[11.9717923,57.7000432]]]}},{"type":"Feature","properties":{"@id":"way/158287138","building":"residential"},"geometry":{"type":"Polygon","coordinates":[[[11.9741952,57.700015],[11.9744546,57.6998342],[11.9746685,57.6996851],[11.9747965,57.6997376],[11.9743227,57.7000675],[11.9741952,57.700015]]]}},{"type":"Feature","properties":{"@id":"way/158287141","building":"apartments","building:levels":"7","roof:levels":"0"},"geometry":{"type":"Polygon","coordinates":[[[11.9757561,57.6992889],[11.9759322,57.6991667],[11.9761367,57.699251],[11.9760549,57.6993077],[11.9759606,57.6993731],[11.9757561,57.6992889]]]}},{"type":"Feature","properties":{"@id":"way/158287147","building":"yes"},"geometry":{"type":"Polygon","coordinates":[[[11.9723024,57.701103],[11.9724384,57.7010093],[11.9724855,57.7010289],[11.9723495,57.7011225],[11.9723024,57.701103]]]}},{"type":"Feature","properties":{"@id":"way/158287148","building":"yes"},"geometry":{"type":"Polygon","coordinates":[[[11.9743464,57.6953518],[11.9743625,57.6953336],[11.9744361,57.6953522],[11.97442,57.6953703],[11.9743464,57.6953518]]]}},{"type":"Feature","properties":{"@id":"way/158287149","building":"apartments"},"geometry":{"type":"Polygon","coordinates":[[[11.9756167,57.6990321],[11.9757421,57.6990837],[11.9755638,57.6992074],[11.9754384,57.6991557],[11.975529,57.6990929],[11.9756167,57.6990321]]]}},{"type":"Feature","properties":{"@id":"way/158287150","building":"yes"},"geometry":{"type":"Polygon","coordinates":[[[11.9721575,57.7007415],[11.972254,57.7006467],[11.9724362,57.7006997],[11.9723396,57.7007945],[11.9721575,57.7007415]]]}},{"type":"Feature","properties":{"@id":"way/158287158","building":"yes"},"geometry":{"type":"Polygon","coordinates":[[[11.9775996,57.6998425],[11.9774028,57.6997646],[11.9775632,57.6996488],[11.97776,57.6997267],[11.9775996,57.6998425]]]}},{"type":"Feature","properties":{"@id":"way/158287161","building":"residential","building:levels":"2","roof:levels":"0"},"geometry":{"type":"Polygon","coordinates":[[[11.9776723,57.6959101],[11.9776015,57.6958423],[11.9777129,57.6958092],[11.9777836,57.695877],[11.9776723,57.6959101]]]}},{"type":"Feature","properties":{"@id":"way/158287163","building":"residential","building:levels":"4","roof:levels":"1"},"geometry":{"type":"Polygon","coordinates":[[[11.9747965,57.6997376],[11.9746685,57.6996851],[11.9748358,57.6995686],[11.9749038,57.6995965],[11.9749638,57.6996211],[11.9747965,57.6997376]]]}},{"type":"Feature","properties":{"@id":"way/158287169","building":"residential"},"geometry":{"type":"Polygon","coordinates":[[[11.973293,57.6997347],[11.9732734,57.6997481],[11.9731662,57.6997037],[11.9734065,57.6995383],[11.9735137,57.6995827],[11.973293,57.6997347]]]}},{"type":"Feature","properties":{"@id":"way/158287171","building":"residential","building:levels":"3","roof:levels":"0"},"geometry":{"type":"Polygon","coordinates":[[[11.9745222,57.7001496],[11.9747522,57.6999894],[11.9748971,57.7000488],[11.9749506,57.7000708],[11.9748419,57.7001465],[11.9747206,57.7002313],[11.9745222,57.7001496]]]}},{"type":"Feature","properties":{"@id":"way/158287174","building":"apartments","building:levels":"11"},"geometry":{"type":"Polygon","coordinates":[[[11.9785099,57.6986485],[11.9786392,57.6987018],[11.9794842,57.6990503],[11.9793159,57.6991655],[11.9790826,57.6990698],[11.9783673,57.6987753],[11.9782132,57.6987118],[11.9783838,57.6985947],[11.9785099,57.6986485]]]}},{"type":"Feature","properties":{"@id":"way/158287178","building":"apartments"},"geometry":{"type":"Polygon","coordinates":[[[11.9761312,57.6986739],[11.9762752,57.6987332],[11.9757607,57.6990914],[11.9757421,57.6990837],[11.9756167,57.6990321],[11.9760517,57.6987293],[11.9761312,57.6986739]]]}},{"type":"Feature","properties":{"@id":"way/158287182","building":"yes"},"geometry":{"type":"Polygon","coordinates":[[[11.9717923,57.7000432],[11.9717104,57.7000094],[11.9718104,57.6999403],[11.9718923,57.6999741],[11.9718782,57.6999838],[11.9717923,57.7000432]]]}},{"type":"Feature","properties":{"@id":"way/158287184","building":"yes"},"geometry":{"type":"Polygon","coordinates":[[[11.9709931,57.7004595],[11.970871,57.7004091],[11.9708926,57.7003941],[11.9710048,57.7004398],[11.9710057,57.7004508],[11.9709931,57.7004595]]]}},{"type":"Feature","properties":{"@id":"way/158287186","building":"roof"},"geometry":{"type":"Polygon","coordinates":[[[11.9799707,57.6973783],[11.979927,57.6973602],[11.9799252,57.6973416],[11.9801593,57.6971773],[11.9802234,57.697204],[11.9799707,57.6973783]]]}},{"type":"Feature","properties":{"@id":"way/158287189","building":"residential","building:levels":"2","roof:levels":"0"},"geometry":{"type":"Polygon","coordinates":[[[11.9777836,57.695877],[11.9777129,57.6958092],[11.977811,57.6957799],[11.9779675,57.69593],[11.9778531,57.6959436],[11.9777836,57.695877]]]}},{"type":"Feature","properties":{"@id":"way/158287192","building":"yes"},"geometry":{"type":"Polygon","coordinates":[[[11.97793,57.6996039],[11.9777917,57.6997038],[11.97776,57.6997267],[11.9775632,57.6996488],[11.9777333,57.6995261],[11.97793,57.6996039]]]}},{"type":"Feature","properties":{"@id":"way/158287197","building":"yes"},"geometry":{"type":"Polygon","coordinates":[[[11.9712722,57.7003968],[11.9713356,57.700353],[11.9715196,57.700429],[11.9714586,57.7004711],[11.9713712,57.7004348],[11.9712722,57.7003968]]]}},{"type":"Feature","properties":{"@id":"way/158287204","building":"yes"},"geometry":{"type":"Polygon","coordinates":[[[11.9725475,57.7008183],[11.9725247,57.70081],[11.972517,57.7007807],[11.9725504,57.7007556],[11.9726052,57.7007525],[11.9726288,57.7007623],[11.9725475,57.7008183]]]}},{"type":"Feature","properties":{"@id":"way/158287208","building":"yes"},"geometry":{"type":"Polygon","coordinates":[[[11.9814422,57.6956069],[11.9815236,57.6955511],[11.981566,57.6955687],[11.98157,57.6955924],[11.9815282,57.6956217],[11.9814846,57.6956245],[11.9814422,57.6956069]]]}},{"type":"Feature","properties":{"@id":"way/158287214","building":"yes"},"geometry":{"type":"Polygon","coordinates":[[[11.9764522,57.6963711],[11.9766232,57.6964414],[11.9765449,57.6964957],[11.9765204,57.6965129],[11.9762739,57.6966847],[11.9762631,57.6966809],[11.976197,57.6967274],[11.9760356,57.6966614],[11.9764522,57.6963711]]]}},{"type":"Feature","properties":{"@id":"way/158287217","building":"residential","roof:shape":"hipped"},"geometry":{"type":"Polygon","coordinates":[[[11.9773959,57.6960079],[11.9772716,57.6958888],[11.9775603,57.6958028],[11.9776015,57.6958423],[11.9776723,57.6959101],[11.9776846,57.6959219],[11.9773959,57.6960079]]]}},{"type":"Feature","properties":{"@id":"way/158287219","building":"yes"},"geometry":{"type":"Polygon","coordinates":[[[11.9711732,57.7005469],[11.9712199,57.7005146],[11.9711454,57.7004838],[11.9711779,57.7004615],[11.9712722,57.7003968],[11.9713712,57.7004348],[11.9711957,57.7005562],[11.9711732,57.7005469]]]}},{"type":"Feature","properties":{"@id":"way/158287226","building":"yes"},"geometry":{"type":"Polygon","coordinates":[[[11.9758677,57.696983],[11.9758886,57.6969686],[11.975965,57.6970021],[11.9759775,57.6970073],[11.9759763,57.6970081],[11.975981,57.6970102],[11.9759661,57.6970205],[11.9759615,57.6970185],[11.97596,57.6970196],[11.9759476,57.6970143],[11.9759449,57.6970163],[11.9758677,57.696983]]]}},{"type":"Feature","properties":{"@id":"way/158287229","building":"yes"},"geometry":{"type":"Polygon","coordinates":[[[11.9715094,57.7010804],[11.9714571,57.7011165],[11.9714398,57.7011093],[11.9713877,57.7011453],[11.9713501,57.7011297],[11.9713107,57.7011134],[11.9714151,57.7010414],[11.9715094,57.7010804]]]}},{"type":"Feature","properties":{"@id":"way/158287231","building":"yes"},"geometry":{"type":"Polygon","coordinates":[[[11.9817343,57.6952753],[11.9815534,57.695181],[11.9816321,57.6951379],[11.9816469,57.6951456],[11.9816775,57.6951996],[11.9817675,57.6952085],[11.981813,57.6952322],[11.9817343,57.6952753]]]}},{"type":"Feature","properties":{"@id":"way/158287236","building":"apartments","building:levels":"6","name":"Läkarhuset"},"geometry":{"type":"Polygon","coordinates":[[[11.9785318,57.699993],[11.9783351,57.6998739],[11.9784748,57.6998026],[11.9785636,57.6997573],[11.9785879,57.6997714],[11.9786626,57.6997349],[11.9788437,57.6998407],[11.9786896,57.6999159],[11.9785318,57.699993]]]}},{"type":"Feature","properties":{"@id":"way/158287237","building":"yes"},"geometry":{"type":"Polygon","coordinates":[[[11.97776,57.6997267],[11.9778158,57.6997519],[11.9778603,57.6997852],[11.9778754,57.6998302],[11.9778569,57.6998738],[11.9777889,57.699924],[11.9775996,57.6998425],[11.97776,57.6997267]]]}},{"type":"Feature","properties":{"@id":"way/158287239","building":"parking"},"geometry":{"type":"Polygon","coordinates":[[[11.9777889,57.699924],[11.9780121,57.7000299],[11.9782193,57.7001479],[11.9777493,57.7003665],[11.9776656,57.7003807],[11.9774321,57.7002854],[11.9769951,57.700107],[11.9769399,57.7000845],[11.9774028,57.6997646],[11.9775996,57.6998425],[11.9777889,57.699924]]]}},{"type":"Feature","properties":{"@id":"way/158287241","building":"yes"},"geometry":{"type":"Polygon","coordinates":[[[11.9780121,57.7000299],[11.9777889,57.699924],[11.9780918,57.6997721],[11.978261,57.6998474],[11.9782399,57.6998599],[11.978244,57.6998768],[11.9782783,57.699898],[11.9780121,57.7000299]]]}},{"type":"Feature","properties":{"@id":"way/158287243","building":"apartments","building:levels":"4","roof:levels":"1"},"geometry":{"type":"Polygon","coordinates":[[[11.9706751,57.6994547],[11.970532,57.6993952],[11.9704095,57.6994795],[11.9702531,57.6994125],[11.9703471,57.6993479],[11.9704756,57.6992597],[11.9704921,57.6992483],[11.9705534,57.6992438],[11.9708192,57.6993552],[11.9706751,57.6994547]]]}},{"type":"Feature","properties":{"@id":"way/158287244","building":"apartments","building:levels":"4","roof:levels":"1"},"geometry":{"type":"Polygon","coordinates":[[[11.9706751,57.6994547],[11.9708192,57.6993552],[11.9710085,57.6994336],[11.9707423,57.6996173],[11.9705846,57.699552],[11.970641,57.6995132],[11.9707064,57.6995402],[11.9707722,57.6994949],[11.9706751,57.6994547]]]}},{"type":"Feature","properties":{"@id":"way/158287250","building":"yes"},"geometry":{"type":"Polygon","coordinates":[[[11.9817675,57.6952085],[11.9816775,57.6951996],[11.9816469,57.6951456],[11.9816843,57.6951343],[11.9817337,57.6951359],[11.9817734,57.6951483],[11.9817938,57.6951727],[11.9817899,57.6951944],[11.9817675,57.6952085]]]}},{"type":"Feature","properties":{"@id":"way/158287252","building":"apartments"},"geometry":{"type":"Polygon","coordinates":[[[11.9710072,57.6998917],[11.9708922,57.6999735],[11.9708695,57.6999896],[11.9706805,57.6999112],[11.9706977,57.6998993],[11.9707584,57.6998576],[11.9706098,57.699795],[11.9705199,57.6998568],[11.9704412,57.6998242],[11.9705944,57.6997187],[11.9710072,57.6998917]]]}},{"type":"Feature","properties":{"@id":"way/158287255","building":"yes"},"geometry":{"type":"Polygon","coordinates":[[[11.9716437,57.7001459],[11.9717065,57.7001025],[11.9717923,57.7000432],[11.9718518,57.7000678],[11.9718783,57.7000788],[11.9717918,57.7001385],[11.9718325,57.7001554],[11.9717706,57.7001982],[11.9716437,57.7001459]]]}},{"type":"Feature","properties":{"@id":"way/158287257","building":"university"},"geometry":{"type":"Polygon","coordinates":[[[11.9722325,57.7005083],[11.9723398,57.7004337],[11.9724114,57.7004631],[11.9724244,57.7004541],[11.9725664,57.7005125],[11.9726197,57.7004755],[11.9727376,57.700524],[11.9725639,57.7006446],[11.9722325,57.7005083]]]}},{"type":"Feature","properties":{"@id":"way/158287259","building":"yes"},"geometry":{"type":"Polygon","coordinates":[[[11.9713356,57.700353],[11.9712722,57.7003968],[11.9710684,57.7003126],[11.9710435,57.7003135],[11.9709864,57.7003529],[11.9709577,57.7003728],[11.9709363,57.7003639],[11.970784,57.7003011],[11.9708101,57.7002831],[11.9709434,57.7001909],[11.9713356,57.700353]]]}},{"type":"Feature","properties":{"@id":"way/158287260","building":"residential"},"geometry":{"type":"Polygon","coordinates":[[[11.9727122,57.6993961],[11.9727827,57.6994254],[11.9728065,57.6994353],[11.9727004,57.699508],[11.9726875,57.6995027],[11.9726577,57.6995041],[11.9726484,57.6995104],[11.9725843,57.6994837],[11.9727122,57.6993961]]]}},{"type":"Feature","properties":{"@id":"way/158287266","building":"residential","building:levels":"3"},"geometry":{"type":"Polygon","coordinates":[[[11.9739289,57.7001997],[11.9741578,57.7000409],[11.9741952,57.700015],[11.9743227,57.7000675],[11.9745222,57.7001496],[11.9747206,57.7002313],[11.974708,57.7002401],[11.9744998,57.7003845],[11.9744705,57.7004048],[11.9744562,57.7004147],[11.9742452,57.7003279],[11.9742065,57.7003547],[11.9741581,57.7003348],[11.9741134,57.7003164],[11.9741503,57.7002908],[11.9739844,57.7002225],[11.9739289,57.7001997]]]}},{"type":"Feature","properties":{"@id":"way/158287268","building":"residential"},"geometry":{"type":"Polygon","coordinates":[[[11.9747522,57.6999894],[11.9749943,57.6998209],[11.9751636,57.699703],[11.9749638,57.6996211],[11.9749038,57.6995965],[11.9749994,57.6995299],[11.975404,57.6996958],[11.9748971,57.7000488],[11.9747522,57.6999894]]]}},{"type":"Feature","properties":{"@id":"way/158287273","building":"residential","building:levels":"4","roof:levels":"1"},"geometry":{"type":"Polygon","coordinates":[[[11.9748971,57.7000488],[11.975404,57.6996958],[11.9749994,57.6995299],[11.9749038,57.6995965],[11.9748358,57.6995686],[11.9749547,57.6994858],[11.9750107,57.6994832],[11.9752256,57.6995731],[11.9754991,57.6996875],[11.9753792,57.6997713],[11.9751737,57.6999149],[11.9749506,57.7000708],[11.9748971,57.7000488]]]}},{"type":"Feature","properties":{"@id":"way/158287274","building":"residential"},"geometry":{"type":"Polygon","coordinates":[[[11.9738129,57.699824],[11.9738701,57.6998477],[11.9739097,57.6998641],[11.9737975,57.6999414],[11.9737492,57.6999214],[11.9738246,57.6998695],[11.9737929,57.6998564],[11.973776,57.6998494],[11.9737907,57.6998393],[11.9738129,57.699824]]]}},{"type":"Feature","properties":{"@id":"way/158287276","building":"yes"},"geometry":{"type":"Polygon","coordinates":[[[11.9713356,57.700353],[11.9713945,57.7003122],[11.971441,57.7003315],[11.9714635,57.700316],[11.9715616,57.7003562],[11.9715392,57.7003717],[11.9715785,57.7003883],[11.9715557,57.700404],[11.9715196,57.700429],[11.9713356,57.700353]]]}},{"type":"Feature","properties":{"@id":"way/158287284","building":"yes"},"geometry":{"type":"Polygon","coordinates":[[[11.9715196,57.700429],[11.9715557,57.700404],[11.9715994,57.7004221],[11.9716591,57.7003808],[11.9716349,57.7003708],[11.9716747,57.7003434],[11.9716892,57.7003334],[11.971714,57.7003436],[11.9718923,57.7004173],[11.9718738,57.7004301],[11.9717423,57.700521],[11.9715196,57.700429]]]}},{"type":"Feature","properties":{"@id":"way/158287286","building":"apartments"},"geometry":{"type":"Polygon","coordinates":[[[11.9707185,57.7000935],[11.9705872,57.7001838],[11.9705693,57.7001961],[11.9703844,57.7001194],[11.9704009,57.700108],[11.9704758,57.7000565],[11.9703371,57.6999987],[11.97031,57.7],[11.9702746,57.7000243],[11.9701973,57.6999919],[11.9703021,57.6999198],[11.9707185,57.7000935]]]}},{"type":"Feature","properties":{"@id":"way/158287294","building":"yes"},"geometry":{"type":"Polygon","coordinates":[[[11.978261,57.6998474],[11.9782861,57.6998457],[11.9783351,57.6998739],[11.9785318,57.699993],[11.9785022,57.7000077],[11.978258,57.7001287],[11.9782193,57.7001479],[11.9780121,57.7000299],[11.9782783,57.699898],[11.978244,57.6998768],[11.9782399,57.6998599],[11.978261,57.6998474]]]}},{"type":"Feature","properties":{"@id":"way/158287298","building":"apartments"},"geometry":{"type":"Polygon","coordinates":[[[11.9702531,57.6994125],[11.9704095,57.6994795],[11.9704459,57.6994946],[11.9703177,57.6995831],[11.9703323,57.6995891],[11.9703104,57.6996042],[11.9702365,57.6996552],[11.9703018,57.6996823],[11.9702259,57.6997347],[11.9699531,57.6996194],[11.9700997,57.6995169],[11.9702531,57.6994125]]]}},{"type":"Feature","properties":{"@id":"way/158287300","building":"apartments","building:levels":"4","roof:levels":"1"},"geometry":{"type":"Polygon","coordinates":[[[11.9707423,57.6996173],[11.9710085,57.6994336],[11.9712212,57.6995206],[11.971377,57.6995843],[11.9713811,57.6996065],[11.9713849,57.6996267],[11.9711746,57.6997743],[11.9711478,57.6997931],[11.9709829,57.6997227],[11.9711047,57.6996389],[11.9709457,57.699572],[11.9708278,57.6996531],[11.9707423,57.6996173]]]}},{"type":"Feature","properties":{"@id":"way/158304377","building":"apartments"},"geometry":{"type":"Polygon","coordinates":[[[11.9685774,57.6983172],[11.9687017,57.6980969],[11.9689242,57.6981315],[11.9688736,57.6982233],[11.968898,57.6982262],[11.968917,57.6982433],[11.9689107,57.6982561],[11.9691085,57.6982872],[11.9690402,57.6984112],[11.9688588,57.6983827],[11.9685992,57.6983418],[11.9685774,57.6983172]]]}},{"type":"Feature","properties":{"@id":"way/158304379","building":"yes"},"geometry":{"type":"Polygon","coordinates":[[[11.9761438,57.7002933],[11.9759789,57.700225],[11.9759274,57.7002037],[11.9759762,57.70017],[11.9760813,57.7002136],[11.9761125,57.700192],[11.9762061,57.7002308],[11.9763198,57.7001524],[11.9763632,57.7001704],[11.9761695,57.7003039],[11.9761438,57.7002933]]]}},{"type":"Feature","properties":{"@id":"way/158304380","building":"apartments","building:levels":"5","roof:levels":"1"},"geometry":{"type":"Polygon","coordinates":[[[11.9690402,57.6984112],[11.9691085,57.6982872],[11.9691436,57.6982927],[11.9693903,57.6983315],[11.9694093,57.698297],[11.9693919,57.6982799],[11.9694133,57.6982411],[11.9694261,57.6982179],[11.9696674,57.6982559],[11.9696549,57.6982785],[11.9695532,57.6984632],[11.9695298,57.6984772],[11.9695266,57.6984791],[11.9694907,57.6984821],[11.9693148,57.6984544],[11.9690402,57.6984112]]]}},{"type":"Feature","properties":{"@id":"way/158304382","building":"apartments"},"geometry":{"type":"Polygon","coordinates":[[[11.9694967,57.6976064],[11.9694662,57.6976618],[11.9689827,57.6975857],[11.9690537,57.697457],[11.9692755,57.6974919],[11.969263,57.6975146],[11.9692795,57.6975275],[11.9692705,57.6975422],[11.9692437,57.6975497],[11.9692351,57.6975652],[11.9694967,57.6976064]]]}},{"type":"Feature","properties":{"@id":"way/158304384","building":"apartments"},"geometry":{"type":"Polygon","coordinates":[[[11.9687689,57.6979738],[11.9688415,57.6978408],[11.9693137,57.6979145],[11.9692868,57.6979636],[11.9690266,57.6979231],[11.9690145,57.6979444],[11.9690362,57.6979564],[11.9690253,57.6979771],[11.9689961,57.697979],[11.9689809,57.6980069],[11.9687689,57.6979738]]]}},{"type":"Feature","properties":{"@id":"way/158304385","building":"apartments"},"geometry":{"type":"Polygon","coordinates":[[[11.9668647,57.6972596],[11.9668931,57.6972063],[11.9674932,57.6972988],[11.9674448,57.6973892],[11.9674024,57.6974686],[11.9671669,57.6974326],[11.9672105,57.6973514],[11.9672308,57.6973134],[11.9671492,57.6973009],[11.9671332,57.6973308],[11.9669557,57.6973036],[11.9669626,57.6972909],[11.9669706,57.6972758],[11.9668734,57.6972609],[11.9668647,57.6972596]]]}},{"type":"Feature","properties":{"@id":"way/158304387","building":"yes"},"geometry":{"type":"Polygon","coordinates":[[[11.9759789,57.700225],[11.9758772,57.7002951],[11.9758945,57.7003023],[11.9757652,57.7003914],[11.9755518,57.700303],[11.9756293,57.7002496],[11.9756078,57.7002407],[11.9756457,57.7002146],[11.9756825,57.7001892],[11.975704,57.7001981],[11.9757828,57.7001438],[11.9759274,57.7002037],[11.9759789,57.700225]]]}},{"type":"Feature","properties":{"@id":"way/158304388","building":"apartments"},"geometry":{"type":"Polygon","coordinates":[[[11.9689242,57.6981315],[11.9687017,57.6980969],[11.9687689,57.6979738],[11.9689809,57.6980069],[11.9689747,57.6980177],[11.9689692,57.6980271],[11.9689953,57.698041],[11.968982,57.6980632],[11.9689512,57.6980632],[11.9689406,57.6980807],[11.9690441,57.6980969],[11.969038,57.698108],[11.9690173,57.698146],[11.9689242,57.6981315]]]}},{"type":"Feature","properties":{"@id":"way/158304391","building":"apartments","building:levels":"5","roof:levels":"1"},"geometry":{"type":"Polygon","coordinates":[[[11.9662061,57.6976568],[11.9659879,57.6976234],[11.9660365,57.6975328],[11.9660638,57.697479],[11.9660666,57.6974743],[11.966081,57.6974499],[11.9662999,57.6974834],[11.9662858,57.6975097],[11.9662633,57.6975516],[11.9662722,57.6975609],[11.9662629,57.6975782],[11.9662462,57.6975834],[11.9662224,57.697628],[11.9662901,57.6976383],[11.9662746,57.6976673],[11.9662061,57.6976568]]]}},{"type":"Feature","properties":{"@id":"way/158304392","building":"apartments"},"geometry":{"type":"Polygon","coordinates":[[[11.9701251,57.6962824],[11.9700517,57.6962193],[11.9700023,57.6962158],[11.9698486,57.6964365],[11.9696692,57.6964056],[11.9698739,57.6960962],[11.9699136,57.696048],[11.9699724,57.6960337],[11.9700078,57.6960325],[11.9700825,57.6960639],[11.9701684,57.6961249],[11.9702904,57.6962267],[11.9701251,57.6962824]]]}},{"type":"Feature","properties":{"@id":"way/158304393","building":"yes"},"geometry":{"type":"Polygon","coordinates":[[[11.9758232,57.7006897],[11.9756878,57.7006336],[11.9754657,57.7005416],[11.9754791,57.7005323],[11.9755078,57.7005442],[11.9756064,57.7004762],[11.9756193,57.7004816],[11.9757095,57.7004193],[11.9757191,57.7004233],[11.9757652,57.7003914],[11.9759129,57.7004526],[11.9760717,57.7005183],[11.9758232,57.7006897]]]}},{"type":"Feature","properties":{"@id":"way/158304396","building":"apartments","building:levels":"5","roof:levels":"0"},"geometry":{"type":"Polygon","coordinates":[[[11.9662999,57.6974834],[11.966081,57.6974499],[11.9661275,57.6973632],[11.9661589,57.6973048],[11.9661706,57.6972829],[11.96635,57.6973104],[11.9663452,57.6973193],[11.9663094,57.6973862],[11.9662886,57.697425],[11.9664261,57.697446],[11.9664357,57.6974282],[11.966555,57.6974464],[11.9665491,57.6974574],[11.9666982,57.6974803],[11.9666664,57.6975396],[11.9665824,57.6975267],[11.9662999,57.6974834]]]}},{"type":"Feature","properties":{"@id":"way/158304397","building":"apartments"},"geometry":{"type":"Polygon","coordinates":[[[11.9695676,57.6974547],[11.9694388,57.6974345],[11.9694134,57.6974413],[11.9693759,57.6974357],[11.969337,57.6974466],[11.9693205,57.6974642],[11.9692872,57.6974708],[11.9692755,57.6974919],[11.9690537,57.697457],[11.9690655,57.6974355],[11.9691237,57.6973288],[11.9693882,57.6973698],[11.9695963,57.6974026],[11.9695676,57.6974547]]]}},{"type":"Feature","properties":{"@id":"way/158304399","building":"apartments"},"geometry":{"type":"Polygon","coordinates":[[[11.9668931,57.6972063],[11.9669247,57.6971479],[11.9673585,57.6972148],[11.9673662,57.6972005],[11.9673448,57.6971972],[11.9673316,57.6971828],[11.9673406,57.6971663],[11.9673677,57.6971581],[11.9673875,57.6971611],[11.9674089,57.6971215],[11.9674233,57.6970948],[11.9675895,57.6971204],[11.9675366,57.6972184],[11.9674932,57.6972988],[11.9668931,57.6972063]]]}},{"type":"Feature","properties":{"@id":"way/158304402","building":"apartments","building:levels":"5","roof:levels":"0"},"geometry":{"type":"Polygon","coordinates":[[[11.9661706,57.6972829],[11.966219,57.6971927],[11.9662633,57.6971101],[11.9667391,57.697183],[11.9668931,57.6972063],[11.9668647,57.6972596],[11.9664825,57.697201],[11.9664657,57.6972324],[11.9664593,57.6972444],[11.9664968,57.6972502],[11.9664768,57.6972875],[11.9664478,57.697283],[11.9664268,57.6973222],[11.96635,57.6973104],[11.9661706,57.6972829]]]}},{"type":"Feature","properties":{"@id":"way/158304403","building":"yes"},"geometry":{"type":"Polygon","coordinates":[[[11.9757652,57.7003914],[11.9757191,57.7004233],[11.9757095,57.7004193],[11.9756193,57.7004816],[11.9756064,57.7004762],[11.9755078,57.7005442],[11.9754791,57.7005323],[11.9753167,57.7004651],[11.9753953,57.7004109],[11.975377,57.7004033],[11.9754137,57.700378],[11.9754489,57.7003537],[11.9754673,57.7003613],[11.9755518,57.700303],[11.9757652,57.7003914]]]}},{"type":"Feature","properties":{"@id":"way/158304405","building":"yes"},"geometry":{"type":"Polygon","coordinates":[[[11.9763669,57.7000387],[11.9762462,57.7001219],[11.9761211,57.7000701],[11.9759762,57.70017],[11.9759274,57.7002037],[11.9757828,57.7001438],[11.9757754,57.7001211],[11.9758148,57.7000939],[11.9758578,57.7000921],[11.9759334,57.70004],[11.9760197,57.6999804],[11.9760146,57.6999583],[11.9760558,57.6999299],[11.9760971,57.699927],[11.9763169,57.700018],[11.9763669,57.7000387]]]}},{"type":"Feature","properties":{"@id":"way/158304407","building":"apartments"},"geometry":{"type":"Polygon","coordinates":[[[11.9693447,57.6978584],[11.9693137,57.6979145],[11.9688415,57.6978408],[11.9689301,57.6976806],[11.9689827,57.6975857],[11.9694662,57.6976618],[11.9694383,57.6977124],[11.9691704,57.6976702],[11.9691626,57.6976845],[11.9691755,57.6976956],[11.9691654,57.6977132],[11.969144,57.6977181],[11.9691151,57.6977706],[11.9691314,57.6977856],[11.9691149,57.6978222],[11.9693447,57.6978584]]]}},{"type":"Feature","properties":{"@id":"way/158304409","building":"yes"},"geometry":{"type":"Polygon","coordinates":[[[11.9766289,57.7004888],[11.9767724,57.7005516],[11.9767087,57.7005932],[11.9766196,57.7005561],[11.9766182,57.7005403],[11.9765708,57.7005214],[11.9764937,57.7005758],[11.9764972,57.7005913],[11.9764852,57.7006019],[11.9766514,57.7006696],[11.9766431,57.7007039],[11.9765957,57.7007275],[11.9762383,57.7005879],[11.9764658,57.700422],[11.9766289,57.7004888]]]}},{"type":"Feature","properties":{"@id":"way/158304410","building":"apartments","building:levels":"6","roof:levels":"1","roof:shape":"many"},"geometry":{"type":"Polygon","coordinates":[[[11.9702863,57.6965498],[11.9702627,57.6964985],[11.9700715,57.6964785],[11.9701446,57.6963615],[11.970181,57.6963599],[11.9701744,57.6963371],[11.970152,57.6963127],[11.9701251,57.6962824],[11.9702904,57.6962267],[11.9703509,57.6962776],[11.9703979,57.696327],[11.9704421,57.6963961],[11.9704672,57.69647],[11.9704953,57.6965394],[11.9702863,57.6965498]]]}},{"type":"Feature","properties":{"@id":"way/158304416","building":"apartments"},"geometry":{"type":"Polygon","coordinates":[[[11.9663093,57.6962062],[11.9657632,57.6961396],[11.9657972,57.6960601],[11.9658755,57.6960697],[11.9658781,57.6960636],[11.9659014,57.6960561],[11.965934,57.6960601],[11.9659489,57.6960722],[11.9659463,57.6960783],[11.9660325,57.6960888],[11.9660532,57.6960402],[11.9663161,57.6960723],[11.9662901,57.6961332],[11.966338,57.696139],[11.9663093,57.6962062]]]}},{"type":"Feature","properties":{"@id":"way/158304417","building":"apartments"},"geometry":{"type":"Polygon","coordinates":[[[11.9669243,57.6968472],[11.9669878,57.6967288],[11.967159,57.696755],[11.9673119,57.6967784],[11.9671989,57.696989],[11.9671319,57.6969788],[11.9671093,57.6969753],[11.9670936,57.6969645],[11.967101,57.6969507],[11.9671238,57.6969459],[11.9671577,57.6968828],[11.9670904,57.6968725],[11.9670246,57.6968624],[11.966989,57.6969288],[11.9670027,57.6969375],[11.9669941,57.6969535],[11.9669703,57.6969543],[11.9669138,57.6969456],[11.9668747,57.6969396],[11.9669243,57.6968472]]]}},{"type":"Feature","properties":{"@id":"way/158304420","building":"yes"},"geometry":{"type":"Polygon","coordinates":[[[11.9754791,57.7005323],[11.9754657,57.7005416],[11.9753435,57.7006258],[11.9753663,57.7006353],[11.9753309,57.7006597],[11.9754276,57.7006998],[11.9752829,57.7007996],[11.9751115,57.700729],[11.9750049,57.7006844],[11.9749981,57.7006679],[11.9750427,57.7006371],[11.9750705,57.7006348],[11.9751502,57.7005799],[11.9751289,57.7005715],[11.9752118,57.7005144],[11.9752331,57.7005227],[11.9753167,57.7004651],[11.9754791,57.7005323]]]}},{"type":"Feature","properties":{"@id":"way/158304422","building":"yes"},"geometry":{"type":"Polygon","coordinates":[[[11.9752737,57.7014396],[11.9752955,57.7014018],[11.9753285,57.7014184],[11.9753776,57.7013943],[11.9751433,57.7012999],[11.9752899,57.7011976],[11.9754458,57.7012613],[11.9754578,57.701254],[11.9755111,57.7012755],[11.9755645,57.701297],[11.9755528,57.7013052],[11.9756883,57.7013636],[11.9755599,57.7014407],[11.9755699,57.7014476],[11.9755374,57.7014659],[11.9755008,57.7014845],[11.9754888,57.701477],[11.975423,57.7015273],[11.9752737,57.7014396]]]}},{"type":"Feature","properties":{"@id":"way/158304424","building":"apartments"},"geometry":{"type":"Polygon","coordinates":[[[11.9671989,57.696989],[11.9673119,57.6967784],[11.9675066,57.6968082],[11.967709,57.6968391],[11.9677281,57.6968613],[11.9676147,57.6970755],[11.9675895,57.6971204],[11.9674233,57.6970948],[11.9674456,57.6970563],[11.9674609,57.6970298],[11.9674324,57.6970254],[11.967451,57.6969909],[11.9674677,57.6969934],[11.9675024,57.6969288],[11.9673939,57.6969122],[11.9674002,57.6969004],[11.9673547,57.6968934],[11.9673458,57.6969101],[11.9673615,57.6969125],[11.9673112,57.6970062],[11.9671989,57.696989]]]}},{"type":"Feature","properties":{"@id":"way/158304426","building":"yes"},"geometry":{"type":"Polygon","coordinates":[[[11.9745623,57.70166],[11.9743735,57.7016091],[11.9744822,57.7015335],[11.9743952,57.701498],[11.9741278,57.7016809],[11.9740182,57.7017598],[11.9738609,57.7016954],[11.9739777,57.7016139],[11.9742467,57.7014262],[11.9745995,57.7011801],[11.9747189,57.7010968],[11.9748163,57.7011367],[11.9747898,57.7011552],[11.9749061,57.7012028],[11.9747922,57.7012712],[11.9746302,57.701377],[11.9749265,57.7014788],[11.97486,57.7015117],[11.9747907,57.7015458],[11.9746403,57.7016207],[11.9745623,57.70166]]]}},{"type":"Feature","properties":{"@id":"way/158304428","building":"university","building:levels":"2","name":"Artisten","roof:levels":"0"},"geometry":{"type":"Polygon","coordinates":[[[11.9830652,57.6961138],[11.9831522,57.6961594],[11.9831767,57.6966787],[11.9831395,57.6966997],[11.9829767,57.6967022],[11.9829713,57.6966056],[11.982637,57.6966109],[11.9819972,57.6969725],[11.9819818,57.6969648],[11.9819674,57.6969729],[11.9818238,57.6969004],[11.9818119,57.6966188],[11.9818636,57.696591],[11.9820598,57.6965889],[11.9820556,57.6964794],[11.9821076,57.6964519],[11.982305,57.6964508],[11.9823029,57.6963461],[11.982405,57.6962885],[11.9829622,57.6962798],[11.9829532,57.6961155],[11.9830652,57.6961138]]]}},{"type":"Feature","properties":{"@id":"way/158304429","building":"yes"},"geometry":{"type":"Polygon","coordinates":[[[11.9748393,57.7018154],[11.9746854,57.7017251],[11.9745623,57.70166],[11.9746403,57.7016207],[11.9747006,57.7016556],[11.974715,57.7016484],[11.9747388,57.7016492],[11.9747606,57.7016618],[11.9747602,57.7016745],[11.9747457,57.7016817],[11.9747765,57.7016995],[11.9748433,57.7016666],[11.9748307,57.7016593],[11.9748344,57.7016486],[11.9748748,57.7016287],[11.9748957,57.7016407],[11.9749091,57.7016341],[11.9749275,57.701625],[11.9747907,57.7015458],[11.97486,57.7015117],[11.9751326,57.7016706],[11.9750362,57.7017182],[11.9750197,57.7017264],[11.9750284,57.7017314],[11.9750296,57.7017406],[11.9749768,57.7017667],[11.9749595,57.7017652],[11.9749509,57.7017603],[11.9748393,57.7018154]]]}},{"type":"Feature","properties":{"@id":"way/158304431","building":"yes"},"geometry":{"type":"Polygon","coordinates":[[[11.9751326,57.7016706],[11.97486,57.7015117],[11.9749265,57.7014788],[11.9749819,57.7015108],[11.9750042,57.7014998],[11.9750244,57.7014991],[11.9750436,57.7015102],[11.9750407,57.701521],[11.9750302,57.7015261],[11.9750668,57.7015473],[11.9751325,57.7015148],[11.9752059,57.7014786],[11.9751705,57.7014581],[11.9751584,57.7014642],[11.9751362,57.7014648],[11.9751139,57.7014519],[11.9751156,57.7014408],[11.9751291,57.7014342],[11.975051,57.701389],[11.9751239,57.701353],[11.9752737,57.7014396],[11.975423,57.7015273],[11.9753172,57.7015795],[11.9753271,57.7015852],[11.9753272,57.7015948],[11.9752954,57.7016106],[11.9752678,57.7016242],[11.9752495,57.7016231],[11.97524,57.7016176],[11.9751326,57.7016706]]]}},{"type":"Feature","properties":{"@id":"way/158304434","building":"apartments"},"geometry":{"type":"Polygon","coordinates":[[[11.9656509,57.6969886],[11.9655149,57.6972394],[11.9650842,57.6971728],[11.9652202,57.6969219],[11.9656509,57.6969886]]]}},{"type":"Feature","properties":{"@id":"way/158304438","building":"yes","building:levels":"1","roof:levels":"0"},"geometry":{"type":"Polygon","coordinates":[[[11.9742472,57.7030404],[11.9742949,57.7030095],[11.9743963,57.703054],[11.9743487,57.703085],[11.9742472,57.7030404]]]}},{"type":"Feature","properties":{"@id":"way/158304440","building":"yes"},"geometry":{"type":"Polygon","coordinates":[[[11.9740493,57.7013454],[11.9744021,57.7010993],[11.9745995,57.7011801],[11.9742467,57.7014262],[11.9740493,57.7013454]]]}},{"type":"Feature","properties":{"@id":"way/158304444","building":"apartments"},"geometry":{"type":"Polygon","coordinates":[[[11.9665756,57.6977089],[11.9664916,57.697696],[11.9665824,57.6975267],[11.9666664,57.6975396],[11.9665756,57.6977089]]]}},{"type":"Feature","properties":{"@id":"way/158304446","building":"yes"},"geometry":{"type":"Polygon","coordinates":[[[11.9818696,57.7014883],[11.9818699,57.7014495],[11.9820331,57.7014499],[11.9820328,57.7014886],[11.9818696,57.7014883]]]}},{"type":"Feature","properties":{"@id":"way/158304447","building":"yes"},"geometry":{"type":"Polygon","coordinates":[[[11.9751433,57.7012999],[11.9749061,57.7012028],[11.9750528,57.7011005],[11.9752666,57.7011881],[11.9752899,57.7011976],[11.9751433,57.7012999]]]}},{"type":"Feature","properties":{"@id":"way/158304448","building":"yes"},"geometry":{"type":"Polygon","coordinates":[[[11.9737803,57.7015331],[11.9740288,57.7013597],[11.9740493,57.7013454],[11.9742467,57.7014262],[11.9739777,57.7016139],[11.9737803,57.7015331]]]}},{"type":"Feature","properties":{"@id":"way/158304451","building":"yes"},"geometry":{"type":"Polygon","coordinates":[[[11.9739323,57.7018771],[11.9739083,57.7018673],[11.9737232,57.7017915],[11.9738609,57.7016954],[11.9740182,57.7017598],[11.97407,57.701781],[11.9739323,57.7018771]]]}},{"type":"Feature","properties":{"@id":"way/158304452","building":"yes"},"geometry":{"type":"Polygon","coordinates":[[[11.9737232,57.7017915],[11.9735257,57.7017107],[11.9735641,57.7016839],[11.9736532,57.7016218],[11.9737803,57.7015331],[11.9739777,57.7016139],[11.9738609,57.7016954],[11.9737232,57.7017915]]]}},{"type":"Feature","properties":{"@id":"way/158304453","building":"yes"},"geometry":{"type":"Polygon","coordinates":[[[11.9760717,57.7005183],[11.9759129,57.7004526],[11.9761438,57.7002933],[11.9761695,57.7003039],[11.9763027,57.7003591],[11.9760717,57.7005183]]]}},{"type":"Feature","properties":{"@id":"way/158304455","building":"yes"},"geometry":{"type":"Polygon","coordinates":[[[11.9756971,57.7066848],[11.975639,57.7066635],[11.9756982,57.7066175],[11.9758275,57.7066649],[11.9757683,57.7067109],[11.9756971,57.7066848]]]}},{"type":"Feature","properties":{"@id":"way/158304456","building":"apartments"},"geometry":{"type":"Polygon","coordinates":[[[11.966964,57.6977662],[11.9670096,57.6976811],[11.9670257,57.6976511],[11.9667995,57.6976165],[11.9668275,57.6975643],[11.9673113,57.6976384],[11.9672654,57.697724],[11.9672216,57.6978056],[11.966964,57.6977662]]]}},{"type":"Feature","properties":{"@id":"way/158304457","building":"apartments"},"geometry":{"type":"Polygon","coordinates":[[[11.9695153,57.6980886],[11.9695245,57.6980719],[11.9695603,57.6980069],[11.9693167,57.6979683],[11.9692868,57.6979636],[11.9693137,57.6979145],[11.9698121,57.6979932],[11.9698005,57.6980143],[11.96975,57.698106],[11.9697401,57.698124],[11.9695153,57.6980886]]]}},{"type":"Feature","properties":{"@id":"way/158304458","building":"apartments"},"geometry":{"type":"Polygon","coordinates":[[[11.9699526,57.6977383],[11.9694662,57.6976618],[11.9694967,57.6976064],[11.9697491,57.6976461],[11.9697895,57.6975728],[11.9700235,57.6976096],[11.9699651,57.6977156],[11.9699526,57.6977383]]]}},{"type":"Feature","properties":{"@id":"way/158304460","building":"yes"},"geometry":{"type":"Polygon","coordinates":[[[11.9765957,57.7007275],[11.976471,57.7007634],[11.9764261,57.7007426],[11.9763857,57.7007664],[11.9761304,57.7006556],[11.9762383,57.7005879],[11.9765957,57.7007275]]]}},{"type":"Feature","properties":{"@id":"way/158304461","building":"yes","building:levels":"2","roof:levels":"0"},"geometry":{"type":"Polygon","coordinates":[[[11.9745431,57.7024293],[11.9745486,57.7023507],[11.9745954,57.7023274],[11.9746117,57.7023193],[11.9747223,57.7022643],[11.97476,57.7022455],[11.974918,57.7022365],[11.9749172,57.7022661],[11.9749166,57.7022879],[11.9749163,57.7023012],[11.9749157,57.7023205],[11.9749154,57.7023328],[11.9747473,57.7024158],[11.9747144,57.7024321],[11.9745431,57.7024293]]]}},{"type":"Feature","properties":{"@id":"way/158304463","building":"yes"},"geometry":{"type":"Polygon","coordinates":[[[11.976797,57.7008428],[11.9765957,57.7007275],[11.9766431,57.7007039],[11.9766968,57.7007346],[11.9769228,57.700622],[11.9770704,57.7007065],[11.9769325,57.7007753],[11.976797,57.7008428]]]}},{"type":"Feature","properties":{"@id":"way/158304464","building":"apartments","building:levels":"4","roof:levels":"0"},"geometry":{"type":"Polygon","coordinates":[[[11.9666315,57.6969878],[11.9666272,57.6969958],[11.9666208,57.6970078],[11.9665689,57.6971045],[11.9667651,57.6971346],[11.9667391,57.697183],[11.9662633,57.6971101],[11.9663415,57.6969644],[11.9663519,57.6969449],[11.9666315,57.6969878]]]}},{"type":"Feature","properties":{"@id":"way/158304465","building":"yes"},"geometry":{"type":"Polygon","coordinates":[[[11.9756925,57.7067481],[11.9756403,57.706729],[11.9756971,57.7066848],[11.9757683,57.7067109],[11.9758235,57.7067312],[11.9757667,57.7067754],[11.9756925,57.7067481]]]}},{"type":"Feature","properties":{"@id":"way/158304466","building":"apartments"},"geometry":{"type":"Polygon","coordinates":[[[11.9701902,57.6968651],[11.9702238,57.6967641],[11.9702499,57.696691],[11.9705134,57.6967056],[11.9705029,57.6967917],[11.9704301,57.6969048],[11.9701902,57.6968651]]]}},{"type":"Feature","properties":{"@id":"way/158304467","building":"yes"},"geometry":{"type":"Polygon","coordinates":[[[11.9756975,57.7068155],[11.9756353,57.7067927],[11.9756925,57.7067481],[11.9757667,57.7067754],[11.9758214,57.7067954],[11.9757642,57.7068399],[11.9756975,57.7068155]]]}},{"type":"Feature","properties":{"@id":"way/158304468","building":"apartments"},"geometry":{"type":"Polygon","coordinates":[[[11.9694383,57.6977124],[11.9694662,57.6976618],[11.9699526,57.6977383],[11.9699103,57.6978151],[11.969882,57.6978664],[11.9696605,57.6978316],[11.9696872,57.6977831],[11.9697032,57.6977541],[11.9694721,57.6977177],[11.9694383,57.6977124]]]}},{"type":"Feature","properties":{"@id":"way/158304469","building":"apartments"},"geometry":{"type":"Polygon","coordinates":[[[11.9662679,57.6979707],[11.9663367,57.6978425],[11.9663453,57.6978264],[11.9664043,57.6978354],[11.9666552,57.6978739],[11.9666724,57.6978765],[11.9666637,57.6978925],[11.9665949,57.6980208],[11.9662679,57.6979707]]]}},{"type":"Feature","properties":{"@id":"way/158304470","building":"apartments"},"geometry":{"type":"Polygon","coordinates":[[[11.9693137,57.6979145],[11.9693447,57.6978584],[11.9696217,57.697902],[11.9696467,57.6978567],[11.9696605,57.6978316],[11.969882,57.6978664],[11.9698672,57.6978933],[11.9698215,57.6979762],[11.9698121,57.6979932],[11.9693137,57.6979145]]]}},{"type":"Feature","properties":{"@id":"way/158304471","building":"apartments"},"geometry":{"type":"Polygon","coordinates":[[[11.9759136,57.7037251],[11.9758814,57.703736],[11.9758142,57.7037793],[11.9754733,57.7036284],[11.9756364,57.7035233],[11.9759094,57.7036442],[11.9759864,57.7036782],[11.9759136,57.7037251]]]}},{"type":"Feature","properties":{"@id":"way/158304472","building":"apartments","building:levels":"6","roof:levels":"1","roof:shape":"many"},"geometry":{"type":"Polygon","coordinates":[[[11.9702499,57.696691],[11.9702416,57.6965935],[11.9702936,57.6965868],[11.9702863,57.6965498],[11.9704953,57.6965394],[11.970514,57.6966236],[11.9705134,57.6967056],[11.9702499,57.696691]]]}},{"type":"Feature","properties":{"@id":"way/158304473","building":"yes"},"geometry":{"type":"Polygon","coordinates":[[[11.9741022,57.7017955],[11.9743735,57.7016091],[11.9745623,57.70166],[11.9746854,57.7017251],[11.9743413,57.7018695],[11.9743027,57.7018542],[11.9742823,57.7018679],[11.9741022,57.7017955]]]}},{"type":"Feature","properties":{"@id":"way/158304475","building":"apartments"},"geometry":{"type":"Polygon","coordinates":[[[11.9697895,57.6975728],[11.969799,57.6975557],[11.9698317,57.6974963],[11.9695937,57.6974588],[11.9695676,57.6974547],[11.9695963,57.6974026],[11.9698427,57.6974414],[11.9700944,57.697481],[11.9700341,57.6975904],[11.9700235,57.6976096],[11.9697895,57.6975728]]]}},{"type":"Feature","properties":{"@id":"way/158304477","building":"yes"},"geometry":{"type":"Polygon","coordinates":[[[11.975585,57.706903],[11.9756975,57.7068155],[11.9757642,57.7068399],[11.976002,57.7069272],[11.9759251,57.706987],[11.9757426,57.70692],[11.975707,57.7069478],[11.975585,57.706903]]]}},{"type":"Feature","properties":{"@id":"way/158304478","building":"yes"},"geometry":{"type":"Polygon","coordinates":[[[11.9752829,57.7007996],[11.9754276,57.7006998],[11.9754414,57.7006903],[11.975544,57.7007328],[11.9756878,57.7006336],[11.9758232,57.7006897],[11.9755209,57.7008981],[11.9753079,57.7008099],[11.9752829,57.7007996]]]}},{"type":"Feature","properties":{"@id":"way/158304479","building":"apartments"},"geometry":{"type":"Polygon","coordinates":[[[11.9665949,57.6980208],[11.9666637,57.6978925],[11.9668786,57.6979254],[11.966964,57.6977662],[11.9672216,57.6978056],[11.9671457,57.6979471],[11.9670774,57.6980745],[11.9670497,57.6980804],[11.9670221,57.6980862],[11.966677,57.6980334],[11.9665949,57.6980208]]]}},{"type":"Feature","properties":{"@id":"way/158304480","building":"apartments"},"geometry":{"type":"Polygon","coordinates":[[[11.9666982,57.6974803],[11.9667186,57.6974834],[11.9671077,57.697543],[11.9671228,57.6975149],[11.9671595,57.6974464],[11.9671669,57.6974326],[11.9674024,57.6974686],[11.9673569,57.6975535],[11.9673113,57.6976384],[11.9668275,57.6975643],[11.9666664,57.6975396],[11.9666982,57.6974803]]]}},{"type":"Feature","properties":{"@id":"way/158304481","building":"yes"},"geometry":{"type":"Polygon","coordinates":[[[11.9771251,57.7003575],[11.9769738,57.7004521],[11.976784,57.7003712],[11.9766289,57.7004888],[11.9764658,57.700422],[11.9765445,57.7003666],[11.9767439,57.7002263],[11.976797,57.7002215],[11.9769901,57.7003016],[11.9771251,57.7003575]]]}},{"type":"Feature","properties":{"@id":"way/158304482","building":"apartments","building:levels":"5","roof:levels":"0"},"geometry":{"type":"Polygon","coordinates":[[[11.9696674,57.6982559],[11.9694261,57.6982179],[11.9692025,57.698182],[11.969226,57.6981395],[11.9692372,57.6981192],[11.9694772,57.6981577],[11.9694998,57.6981167],[11.9695092,57.6980997],[11.9695153,57.6980886],[11.9697401,57.698124],[11.969724,57.6981531],[11.9696674,57.6982559]]]}},{"type":"Feature","properties":{"@id":"way/158304483","building":"apartments","building:levels":"4","roof:levels":"0"},"geometry":{"type":"Polygon","coordinates":[[[11.9771267,57.7006519],[11.9770455,57.7006033],[11.9770843,57.7005818],[11.976918,57.7004872],[11.9769738,57.7004521],[11.9771251,57.7003575],[11.9773069,57.7004297],[11.9774314,57.7004792],[11.9774342,57.7005064],[11.9771267,57.7006519]]]}},{"type":"Feature","properties":{"@id":"way/158304484","building":"apartments","building:levels":"5","roof:levels":"1"},"geometry":{"type":"Polygon","coordinates":[[[11.9697027,57.6972883],[11.9697653,57.6971745],[11.9699967,57.6972119],[11.9701986,57.6972446],[11.9702137,57.6972645],[11.9701398,57.6973987],[11.9701166,57.6974399],[11.9700944,57.697481],[11.9698427,57.6974414],[11.9698662,57.6973988],[11.969896,57.6974035],[11.969939,57.6973255],[11.9697027,57.6972883]]]}},{"type":"Feature","properties":{"@id":"way/158304486","building":"yes"},"geometry":{"type":"Polygon","coordinates":[[[11.9763027,57.7003591],[11.9761695,57.7003039],[11.9763632,57.7001704],[11.9763198,57.7001524],[11.9762462,57.7001219],[11.9763669,57.7000387],[11.9765918,57.7001324],[11.9765955,57.7001572],[11.9763027,57.7003591]]]}},{"type":"Feature","properties":{"@id":"way/158304487","building":"apartments"},"geometry":{"type":"Polygon","coordinates":[[[11.9667995,57.6976165],[11.9667429,57.6976078],[11.9666994,57.6976888],[11.966721,57.6976921],[11.9667016,57.6977282],[11.9665756,57.6977089],[11.9666664,57.6975396],[11.9668275,57.6975643],[11.9667995,57.6976165]]]}},{"type":"Feature","properties":{"@id":"way/158304488","building":"apartments","building:levels":"4","roof:levels":"1"},"geometry":{"type":"Polygon","coordinates":[[[11.9691237,57.6973288],[11.9692367,57.6971119],[11.9692844,57.6971016],[11.9696822,57.6971619],[11.9697653,57.6971745],[11.9697027,57.6972883],[11.969508,57.6972577],[11.9694865,57.6972968],[11.969433,57.6972884],[11.9693882,57.6973698],[11.9691237,57.6973288]]]}},{"type":"Feature","properties":{"@id":"way/158304489","building":"yes"},"geometry":{"type":"Polygon","coordinates":[[[11.9749061,57.7012028],[11.9747898,57.7011552],[11.9748163,57.7011367],[11.9747189,57.7010968],[11.9745995,57.7011801],[11.9744021,57.7010993],[11.9745323,57.7010085],[11.9746416,57.7009322],[11.97499,57.7010748],[11.9750528,57.7011005],[11.9749061,57.7012028]]]}},{"type":"Feature","properties":{"@id":"way/158304490","building":"yes"},"geometry":{"type":"Polygon","coordinates":[[[11.9761386,57.7011447],[11.9759437,57.7010648],[11.9756992,57.7009647],[11.9758907,57.700833],[11.976148,57.7009396],[11.9764852,57.7007715],[11.976471,57.7007634],[11.9765957,57.7007275],[11.976797,57.7008428],[11.9767368,57.7008728],[11.9763066,57.7010872],[11.9761386,57.7011447]]]}},{"type":"Feature","properties":{"@id":"way/158304491","building":"yes"},"geometry":{"type":"Polygon","coordinates":[[[11.9756878,57.7006336],[11.975544,57.7007328],[11.9754414,57.7006903],[11.9754276,57.7006998],[11.9753309,57.7006597],[11.9753663,57.7006353],[11.9753435,57.7006258],[11.9754657,57.7005416],[11.9756878,57.7006336]]]}},{"type":"Feature","properties":{"@id":"way/158304492","building":"apartments","building:levels":"6","roof:levels":"1"},"geometry":{"type":"Polygon","coordinates":[[[11.9698852,57.696896],[11.9698029,57.697026],[11.9697518,57.697018],[11.9693906,57.6969582],[11.969364,57.6969278],[11.9696167,57.6965081],[11.9698575,57.6965473],[11.9698123,57.6966314],[11.9697885,57.6966295],[11.9696564,57.696856],[11.9698852,57.696896]]]}},{"type":"Feature","properties":{"@id":"way/158304493","building":"apartments","building:levels":"6"},"geometry":{"type":"Polygon","coordinates":[[[11.9669878,57.6967288],[11.9669243,57.6968472],[11.9666845,57.6968104],[11.9666127,57.6969443],[11.9666517,57.6969502],[11.9666315,57.6969878],[11.9663519,57.6969449],[11.9664521,57.6967581],[11.9664962,57.6966759],[11.9665497,57.6966617],[11.9669878,57.6967288]]]}},{"type":"Feature","properties":{"@id":"way/158304494","building":"apartments","building:levels":"4","roof:levels":"1"},"geometry":{"type":"Polygon","coordinates":[[[11.9662679,57.6979707],[11.9661788,57.697957],[11.9658683,57.6979095],[11.9658476,57.697885],[11.9659223,57.6977457],[11.9659879,57.6976234],[11.9662061,57.6976568],[11.9661482,57.6977648],[11.9661763,57.6977691],[11.9661521,57.6978143],[11.9663367,57.6978425],[11.9662679,57.6979707]]]}},{"type":"Feature","properties":{"@id":"way/158304495","building":"yes"},"geometry":{"type":"Polygon","coordinates":[[[11.9746854,57.7017251],[11.9748393,57.7018154],[11.9743304,57.7020415],[11.9741903,57.7019836],[11.9739323,57.7018771],[11.97407,57.701781],[11.9741022,57.7017955],[11.9742823,57.7018679],[11.9743027,57.7018542],[11.9743413,57.7018695],[11.9746854,57.7017251]]]}},{"type":"Feature","properties":{"@id":"way/158305421","building":"apartments"},"geometry":{"type":"Polygon","coordinates":[[[11.9833059,57.7001938],[11.9831088,57.7001132],[11.9833018,57.6999785],[11.983561,57.7000846],[11.9834823,57.7001395],[11.9833767,57.7000963],[11.9833487,57.7001159],[11.9833792,57.7001284],[11.9833177,57.7001713],[11.983351,57.7001849],[11.9833263,57.7002022],[11.9833059,57.7001938]]]}},{"type":"Feature","properties":{"@id":"way/158305422","building":"apartments"},"geometry":{"type":"Polygon","coordinates":[[[11.9847567,57.6989265],[11.9849903,57.6987648],[11.9850522,57.6987601],[11.9853313,57.698874],[11.985202,57.6989645],[11.9850812,57.6989152],[11.9850586,57.6989059],[11.9850369,57.6989212],[11.9849759,57.6989638],[11.9849881,57.6989687],[11.9849409,57.6990017],[11.9847567,57.6989265]]]}},{"type":"Feature","properties":{"@id":"way/158305423","building":"apartments","building:levels":"6","roof:levels":"0"},"geometry":{"type":"Polygon","coordinates":[[[11.9830704,57.6971114],[11.9832031,57.6971415],[11.9832075,57.6971982],[11.9832222,57.6972055],[11.9832222,57.6972279],[11.9832091,57.6972355],[11.9832158,57.6973731],[11.98323,57.6973805],[11.9832322,57.6974028],[11.9832173,57.6974109],[11.9832628,57.6974536],[11.9829989,57.6974538],[11.9829515,57.6973828],[11.9830249,57.6973352],[11.9830229,57.6973007],[11.982979,57.697276],[11.9829298,57.6972978],[11.982953,57.6973114],[11.9828182,57.6973816],[11.982858,57.697405],[11.982721,57.6974706],[11.9827105,57.6974651],[11.9825426,57.6973737],[11.9826103,57.6973405],[11.9826068,57.6973284],[11.9826355,57.6973131],[11.9826604,57.6973127],[11.9828987,57.6971964],[11.9828988,57.6971845],[11.982929,57.6971695],[11.9829514,57.6971692],[11.9830704,57.6971114]]]}},{"type":"Feature","properties":{"@id":"way/158305424","building":"apartments"},"geometry":{"type":"Polygon","coordinates":[[[11.9840548,57.7000752],[11.9838751,57.7000017],[11.9839308,57.6999628],[11.9841381,57.7000476],[11.9842085,57.6999985],[11.9841729,57.6999839],[11.984169,57.6999674],[11.9842108,57.6999383],[11.984287,57.6999694],[11.984342,57.699931],[11.9844917,57.6999925],[11.984256,57.7001575],[11.9840548,57.7000752]]]}},{"type":"Feature","properties":{"@id":"way/158305425","building":"apartments"},"geometry":{"type":"Polygon","coordinates":[[[11.984753,57.6990948],[11.9846034,57.6990337],[11.9847567,57.6989265],[11.9849409,57.6990017],[11.9849583,57.6990089],[11.9849032,57.6990475],[11.9849209,57.6990555],[11.9849038,57.6990677],[11.9848815,57.6990581],[11.9848839,57.6990682],[11.9848662,57.6990792],[11.9848439,57.6990782],[11.9847954,57.6991121],[11.984753,57.6990948]]]}},{"type":"Feature","properties":{"@id":"way/158305428","building":"apartments"},"geometry":{"type":"Polygon","coordinates":[[[11.983561,57.7000846],[11.9833018,57.6999785],[11.9833674,57.6999327],[11.9834074,57.6999024],[11.983426,57.6998918],[11.9834928,57.6998452],[11.9838751,57.7000017],[11.9838044,57.700051],[11.9837247,57.7000183],[11.983704,57.7000205],[11.9836711,57.700007],[11.9836669,57.6999963],[11.9836737,57.6999887],[11.9835961,57.699957],[11.9835715,57.6999742],[11.9835515,57.6999881],[11.9835695,57.6999955],[11.9835417,57.7000149],[11.9836169,57.7000456],[11.983561,57.7000846]]]}},{"type":"Feature","properties":{"@id":"way/158305430","building":"apartments"},"geometry":{"type":"Polygon","coordinates":[[[11.9838751,57.7000017],[11.9834928,57.6998452],[11.9835591,57.699799],[11.983477,57.6997654],[11.9836078,57.6996777],[11.9836431,57.6996541],[11.9838122,57.6997257],[11.9837846,57.6997458],[11.9837744,57.6997532],[11.9837992,57.6997633],[11.9838094,57.6997724],[11.9838079,57.6997824],[11.9837946,57.69979],[11.983779,57.6997918],[11.9837665,57.6997899],[11.9837474,57.6998033],[11.9838306,57.6998373],[11.9837543,57.6998906],[11.9839308,57.6999628],[11.9838751,57.7000017]]]}},{"type":"Feature","properties":{"@id":"way/158305431","building":"apartments"},"geometry":{"type":"Polygon","coordinates":[[[11.984114,57.6996956],[11.9840884,57.6997129],[11.9840535,57.6996981],[11.9840484,57.6996852],[11.9839877,57.6996577],[11.9839867,57.6996381],[11.983952,57.6996236],[11.98392,57.6996216],[11.9838911,57.6996299],[11.9838688,57.6996444],[11.9839244,57.6996689],[11.9839225,57.6996809],[11.9839071,57.6996918],[11.9838842,57.6996953],[11.9838643,57.6996905],[11.9838122,57.6997257],[11.9836431,57.6996541],[11.9837602,57.6995751],[11.983911,57.6994733],[11.9840332,57.6995251],[11.9840586,57.699508],[11.9841111,57.6995302],[11.984164,57.6995526],[11.9841383,57.6995699],[11.9842378,57.699612],[11.984114,57.6996956]]]}},{"type":"Feature","properties":{"@id":"way/158305432","building":"apartments"},"geometry":{"type":"Polygon","coordinates":[[[11.9848477,57.6994236],[11.9848035,57.6994046],[11.9847796,57.6994046],[11.9847565,57.6994147],[11.9847001,57.69939],[11.9847095,57.6993703],[11.9847009,57.6993603],[11.9846803,57.6993518],[11.9846571,57.6993421],[11.9847834,57.6992537],[11.9848042,57.6992623],[11.9848386,57.6992767],[11.9848736,57.6992538],[11.9848967,57.6992634],[11.9848967,57.699252],[11.9849121,57.699242],[11.9849343,57.699242],[11.9849523,57.6992479],[11.9849557,57.6992607],[11.9849437,57.6992721],[11.9849608,57.6992936],[11.985009,57.6993114],[11.9848477,57.6994236]]]}},{"type":"Feature","properties":{"@id":"way/158305433","building":"apartments"},"geometry":{"type":"Polygon","coordinates":[[[11.9846571,57.6993421],[11.9846,57.6993188],[11.9845706,57.699322],[11.984535,57.6993075],[11.9845319,57.6992899],[11.9844436,57.6992539],[11.9843457,57.6992139],[11.9846034,57.6990337],[11.984753,57.6990948],[11.9847248,57.6991145],[11.9847291,57.6991238],[11.9847048,57.6991408],[11.9846846,57.6991383],[11.9846147,57.6991871],[11.9846881,57.699217],[11.9847001,57.6992086],[11.9847217,57.6992017],[11.9847419,57.6992054],[11.9847531,57.699213],[11.9847516,57.6992244],[11.9847377,57.6992351],[11.9847834,57.6992537],[11.9846571,57.6993421]]]}},{"type":"Feature","properties":{"@id":"way/158305434","building":"apartments"},"geometry":{"type":"Polygon","coordinates":[[[11.9848477,57.6994236],[11.985009,57.6993114],[11.9850397,57.699324],[11.9850422,57.6993411],[11.9850287,57.6993506],[11.9851171,57.6993868],[11.9851214,57.6994009],[11.9851486,57.6993994],[11.9851477,57.6993849],[11.9852263,57.6993303],[11.9852121,57.6993245],[11.98521,57.6993122],[11.9852328,57.6992963],[11.9854326,57.6993783],[11.9853625,57.6994271],[11.9851731,57.6995588],[11.9850675,57.6995155],[11.985028,57.6994993],[11.9850116,57.6995066],[11.9849778,57.6995074],[11.984948,57.6994952],[11.9849415,57.6994777],[11.9849513,57.6994661],[11.9848477,57.6994236]]]}},{"type":"Feature","properties":{"@id":"way/158305435","building":"apartments"},"geometry":{"type":"Polygon","coordinates":[[[11.9827092,57.7003918],[11.9830819,57.7005504],[11.9830265,57.7005891],[11.9829715,57.7005666],[11.9828657,57.7004825],[11.9827809,57.7005416],[11.9827895,57.7005463],[11.9827885,57.7005554],[11.9827747,57.7005636],[11.9827551,57.7005645],[11.9827355,57.7005571],[11.9827333,57.7005502],[11.9827389,57.7005457],[11.9826758,57.7005198],[11.9825958,57.7005756],[11.9824195,57.7005035],[11.9824395,57.7004896],[11.9824755,57.7004644],[11.9825768,57.7003938],[11.9826587,57.7004273],[11.9827092,57.7003918]]]}},{"type":"Feature","properties":{"@id":"way/158305436","building":"apartments","building:levels":"6","roof:levels":"1"},"geometry":{"type":"Polygon","coordinates":[[[11.9844917,57.6999925],[11.984342,57.699931],[11.9844688,57.6998414],[11.9844066,57.6998158],[11.9843882,57.6998185],[11.9843718,57.6998195],[11.9843535,57.6998124],[11.9843462,57.6998024],[11.9842995,57.6997853],[11.984278,57.6998003],[11.9841981,57.6997674],[11.9841858,57.699776],[11.9841676,57.6997796],[11.9841435,57.6997695],[11.9841458,57.6997591],[11.9841569,57.6997514],[11.9841473,57.6997478],[11.9841823,57.6997235],[11.984114,57.6996956],[11.9842378,57.699612],[11.984266,57.6996241],[11.9842857,57.6996319],[11.984318,57.6996156],[11.9843673,57.699624],[11.9843916,57.6996459],[11.984375,57.6996675],[11.9845459,57.6997393],[11.9845817,57.6997287],[11.9846198,57.6997445],[11.9846083,57.699765],[11.9846455,57.6997803],[11.9846777,57.6997936],[11.9847148,57.699781],[11.9847712,57.6998048],[11.9847745,57.6998251],[11.9847443,57.699845],[11.9847105,57.6998455],[11.9846292,57.6999001],[11.984632,57.6999186],[11.9846041,57.6999353],[11.9845715,57.6999389],[11.9844917,57.6999925]]]}},{"type":"Feature","properties":{"@id":"way/158305437","building":"apartments","building:levels":"6","roof:levels":"1"},"geometry":{"type":"Polygon","coordinates":[[[11.9824809,57.6975772],[11.9823171,57.6974833],[11.9825426,57.6973737],[11.9827105,57.6974651],[11.9826399,57.6974996],[11.9826524,57.6975066],[11.9826335,57.6975164],[11.9826206,57.6975091],[11.9824809,57.6975772]]]}},{"type":"Feature","properties":{"@id":"way/158305438","building":"apartments"},"geometry":{"type":"Polygon","coordinates":[[[11.9830006,57.6977639],[11.9827267,57.6978988],[11.9825527,57.6977985],[11.9828246,57.6976616],[11.9830006,57.6977639]]]}},{"type":"Feature","properties":{"@id":"way/158305439","building":"apartments"},"geometry":{"type":"Polygon","coordinates":[[[11.9826935,57.7008896],[11.9824907,57.7008066],[11.9826372,57.7007044],[11.9828399,57.7007874],[11.9826935,57.7008896]]]}},{"type":"Feature","properties":{"@id":"way/158305440","building":"apartments","building:levels":"6","roof:levels":"1"},"geometry":{"type":"Polygon","coordinates":[[[11.9820518,57.697801],[11.9818747,57.6976995],[11.981983,57.6976467],[11.9821026,57.6975883],[11.9822683,57.6976817],[11.9822802,57.6976883],[11.9820518,57.697801]]]}},{"type":"Feature","properties":{"@id":"way/158305441","building":"apartments","building:levels":"6","roof:levels":"1"},"geometry":{"type":"Polygon","coordinates":[[[11.9822683,57.6976817],[11.9821026,57.6975883],[11.9823171,57.6974833],[11.9824809,57.6975772],[11.9822683,57.6976817]]]}},{"type":"Feature","properties":{"@id":"way/158305442","building":"apartments","building:levels":"7","roof:shape":"hipped"},"geometry":{"type":"Polygon","coordinates":[[[11.9827267,57.6978988],[11.982452,57.6980338],[11.9822802,57.6979352],[11.9823795,57.6978855],[11.9823812,57.697879],[11.9823884,57.6978728],[11.9824025,57.6978671],[11.982419,57.6978658],[11.9825527,57.6977985],[11.9827267,57.6978988]]]}},{"type":"Feature","properties":{"@id":"way/158305443","building":"apartments","building:levels":"7","roof:shape":"hipped"},"geometry":{"type":"Polygon","coordinates":[[[11.982452,57.6980338],[11.9821853,57.6981509],[11.9820271,57.6980623],[11.9822802,57.6979352],[11.982452,57.6980338]]]}},{"type":"Feature","properties":{"@id":"way/158305444","building":"apartments","building:levels":"6","roof:levels":"1"},"geometry":{"type":"Polygon","coordinates":[[[11.9817949,57.697926],[11.981617,57.6978246],[11.9818747,57.6976995],[11.9820518,57.697801],[11.9820169,57.6978177],[11.9820297,57.6978252],[11.9819028,57.6978854],[11.9818901,57.697879],[11.9817949,57.697926]]]}},{"type":"Feature","properties":{"@id":"way/158305445","building":"apartments"},"geometry":{"type":"Polygon","coordinates":[[[11.9830844,57.7007839],[11.9830559,57.7007723],[11.9840548,57.7000752],[11.984256,57.7001575],[11.983257,57.7008546],[11.9830844,57.7007839]]]}},{"type":"Feature","properties":{"@id":"way/158305446","building":"apartments"},"geometry":{"type":"Polygon","coordinates":[[[11.9829989,57.6974538],[11.9832628,57.6974536],[11.9832637,57.6975035],[11.9832838,57.6975144],[11.9832843,57.6975341],[11.983267,57.6975433],[11.9832714,57.697631],[11.9831036,57.6977136],[11.9831041,57.6977226],[11.9830751,57.697736],[11.9830569,57.6977364],[11.9830006,57.6977639],[11.9828246,57.6976616],[11.9830049,57.697571],[11.9829989,57.6974538]]]}},{"type":"Feature","properties":{"@id":"way/158305447","building":"apartments","building:levels":"6","roof:levels":"1","roof:shape":"hipped"},"geometry":{"type":"Polygon","coordinates":[[[11.9815573,57.6981598],[11.9813982,57.6980937],[11.9812578,57.6980361],[11.9812551,57.698],[11.9816132,57.6978226],[11.981617,57.6978246],[11.9817949,57.697926],[11.9816175,57.6980121],[11.981722,57.6980573],[11.9815573,57.6981598]]]}},{"type":"Feature","properties":{"@id":"way/158305448","building":"apartments"},"geometry":{"type":"Polygon","coordinates":[[[11.9831786,57.700346],[11.9829243,57.7002419],[11.9831088,57.7001132],[11.9833059,57.7001938],[11.9832588,57.7002267],[11.9832399,57.700219],[11.9831699,57.7002678],[11.9832461,57.700299],[11.9831786,57.700346]]]}},{"type":"Feature","properties":{"@id":"way/158305449","building":"apartments"},"geometry":{"type":"Polygon","coordinates":[[[11.9826372,57.7007044],[11.9824907,57.7008066],[11.9823404,57.7007451],[11.9822092,57.7006914],[11.9822034,57.7006543],[11.9824195,57.7005035],[11.9825958,57.7005756],[11.9826094,57.7005812],[11.9825263,57.7006386],[11.9825312,57.700661],[11.9826372,57.7007044]]]}},{"type":"Feature","properties":{"@id":"way/158305450","building":"apartments","building:levels":"7","roof:shape":"hipped"},"geometry":{"type":"Polygon","coordinates":[[[11.9815573,57.6981598],[11.981722,57.6980573],[11.9818645,57.6981182],[11.9820271,57.6980623],[11.9821853,57.6981509],[11.9819117,57.6982789],[11.9818437,57.6982792],[11.9815573,57.6981598]]]}},{"type":"Feature","properties":{"@id":"way/158305451","building":"apartments"},"geometry":{"type":"Polygon","coordinates":[[[11.9830171,57.701022],[11.9826935,57.7008896],[11.9828399,57.7007874],[11.9828671,57.7007985],[11.9828699,57.7008185],[11.9828558,57.7008283],[11.9829598,57.7008709],[11.9830844,57.7007839],[11.983257,57.7008546],[11.9830171,57.701022]]]}},{"type":"Feature","properties":{"@id":"way/158306207","building":"apartments","building:levels":"8"},"geometry":{"type":"Polygon","coordinates":[[[11.9842335,57.7009828],[11.983943,57.7008647],[11.9840869,57.7007636],[11.984382,57.7008835],[11.9843535,57.7009036],[11.984633,57.7010171],[11.9845841,57.7010515],[11.9846012,57.7010585],[11.9845292,57.7011091],[11.9845028,57.7011276],[11.9842016,57.7010052],[11.9842335,57.7009828]]]}},{"type":"Feature","properties":{"@id":"way/158306208","building":"apartments","building:levels":"8"},"geometry":{"type":"Polygon","coordinates":[[[11.9846603,57.7006943],[11.9846955,57.7006691],[11.9843995,57.700551],[11.9845446,57.7004472],[11.9846613,57.7004937],[11.9848377,57.7005641],[11.9848057,57.700587],[11.9850948,57.7007024],[11.9850624,57.7007256],[11.985344,57.7008379],[11.9852931,57.7008744],[11.985309,57.7008807],[11.9852101,57.7009515],[11.9849165,57.7008343],[11.9849505,57.70081],[11.9846603,57.7006943]]]}},{"type":"Feature","properties":{"@id":"way/158306209","building":"yes","building:levels":"1"},"geometry":{"type":"Polygon","coordinates":[[[11.9854037,57.7004957],[11.9853479,57.7005342],[11.9853559,57.7005375],[11.98532,57.7005623],[11.9853231,57.7005864],[11.985342,57.7005949],[11.9852926,57.700629],[11.9853464,57.70065],[11.9853407,57.7006727],[11.9853143,57.7006875],[11.9852735,57.7006902],[11.9852232,57.7006702],[11.9852218,57.7006494],[11.9849026,57.7005199],[11.9849,57.7004963],[11.9849724,57.7004447],[11.9850112,57.7004421],[11.9852377,57.7005354],[11.9852855,57.7005054],[11.985296,57.7005097],[11.985349,57.7004731],[11.9854037,57.7004957]]]}},{"type":"Feature","properties":{"@id":"way/158306210","building":"yes"},"geometry":{"type":"Polygon","coordinates":[[[11.9838545,57.7012163],[11.9841481,57.7013325],[11.984017,57.701427],[11.9837365,57.7013161],[11.983772,57.7012904],[11.9837526,57.7012828],[11.9837512,57.7012822],[11.9836197,57.7012302],[11.983482,57.7011757],[11.9836141,57.7010803],[11.9838911,57.7011899],[11.9838545,57.7012163]]]}},{"type":"Feature","properties":{"@id":"way/158306949","building":"apartments"},"geometry":{"type":"Polygon","coordinates":[[[11.9813004,57.6997403],[11.9813297,57.6997204],[11.9811724,57.6996559],[11.981182,57.6996492],[11.9811172,57.6996227],[11.9810271,57.6996933],[11.9809573,57.6996533],[11.9811666,57.6995298],[11.9816077,57.6997489],[11.981489,57.6998219],[11.9814397,57.6998531],[11.9812505,57.6997756],[11.9813004,57.6997403]]]}},{"type":"Feature","properties":{"@id":"way/158306950","building":"apartments"},"geometry":{"type":"Polygon","coordinates":[[[11.981428,57.7000879],[11.9815703,57.700147],[11.9815914,57.7001558],[11.9815543,57.7001813],[11.9814891,57.7002261],[11.9819846,57.700432],[11.9820803,57.7003662],[11.9822232,57.7004255],[11.9822488,57.7004361],[11.9820129,57.7005983],[11.9818615,57.7005354],[11.9816273,57.7004381],[11.9813203,57.7003106],[11.9811856,57.7002546],[11.9813886,57.7001168],[11.981428,57.7000879]]]}},{"type":"Feature","properties":{"@id":"way/158306951","building":"apartments"},"geometry":{"type":"Polygon","coordinates":[[[11.9820506,57.7001046],[11.9817019,57.6999598],[11.9817811,57.6999026],[11.9819055,57.6998199],[11.9821317,57.6999139],[11.9820761,57.6999521],[11.9820289,57.6999545],[11.9820076,57.6999456],[11.9819639,57.6999762],[11.9819423,57.6999905],[11.9819875,57.7000092],[11.9819824,57.7000128],[11.9819961,57.7000184],[11.9820111,57.7000082],[11.9821231,57.7000547],[11.9820506,57.7001046]]]}},{"type":"Feature","properties":{"@id":"way/158306952","building":"apartments"},"geometry":{"type":"Polygon","coordinates":[[[11.9824537,57.6996685],[11.9822492,57.6995836],[11.9822953,57.699554],[11.9824632,57.6994365],[11.9827877,57.6995712],[11.9827063,57.6996271],[11.9825852,57.6995769],[11.9825996,57.699567],[11.9825524,57.6995474],[11.9825206,57.6995731],[11.9825146,57.6995883],[11.9824969,57.6995982],[11.9825098,57.6996192],[11.9825101,57.6996314],[11.9825026,57.6996378],[11.9824537,57.6996685]]]}},{"type":"Feature","properties":{"@id":"way/158306953","building":"apartments"},"geometry":{"type":"Polygon","coordinates":[[[11.9804756,57.6999594],[11.9804071,57.6999314],[11.9803984,57.6999375],[11.9803397,57.6999134],[11.980355,57.6999028],[11.9802912,57.6998767],[11.980436,57.6997758],[11.980473,57.6997909],[11.9804965,57.6997865],[11.9805236,57.6997976],[11.9805227,57.6998101],[11.9805479,57.6998205],[11.9806934,57.6997191],[11.9807733,57.6997518],[11.9804756,57.6999594]]]}},{"type":"Feature","properties":{"@id":"way/158306954","building":"apartments"},"geometry":{"type":"Polygon","coordinates":[[[11.9811799,57.6992899],[11.9811249,57.6993177],[11.9811122,57.6993241],[11.9811254,57.6993316],[11.9810928,57.699348],[11.9810825,57.6993413],[11.9810558,57.699355],[11.9812004,57.699438],[11.9812822,57.6993967],[11.981352,57.6994362],[11.9812686,57.6994783],[11.9811666,57.6995298],[11.9807555,57.6992973],[11.9809301,57.6992092],[11.9809867,57.6991806],[11.9811799,57.6992899]]]}},{"type":"Feature","properties":{"@id":"way/158306955","building":"apartments"},"geometry":{"type":"Polygon","coordinates":[[[11.982931,57.6998723],[11.9827841,57.6999733],[11.9825647,57.6998822],[11.982608,57.699849],[11.9826735,57.6998461],[11.982697,57.6998294],[11.9826929,57.6998014],[11.9827252,57.6997793],[11.982931,57.6998723]]]}},{"type":"Feature","properties":{"@id":"way/158306956","building":"apartments"},"geometry":{"type":"Polygon","coordinates":[[[11.9822075,57.7001698],[11.9820506,57.7001046],[11.9821231,57.7000547],[11.9821866,57.7000811],[11.9821966,57.7000742],[11.9822237,57.7000722],[11.9822497,57.700083],[11.9822536,57.7000969],[11.9822432,57.700104],[11.9823067,57.7001304],[11.9823381,57.7001093],[11.9823577,57.7000954],[11.9823207,57.70008],[11.9823058,57.7000602],[11.9823753,57.7000124],[11.9825947,57.7001035],[11.9824919,57.7001733],[11.9823888,57.7002451],[11.9822075,57.7001698]]]}},{"type":"Feature","properties":{"@id":"way/158306957","building":"apartments"},"geometry":{"type":"Polygon","coordinates":[[[11.9809573,57.6996533],[11.9808948,57.6996174],[11.9810198,57.6995533],[11.9810146,57.6995351],[11.9809219,57.6994867],[11.9808919,57.6994923],[11.9808652,57.6994882],[11.9808525,57.6994749],[11.9808643,57.6994627],[11.9808167,57.6994368],[11.9807774,57.6994594],[11.9807742,57.6994718],[11.9806829,57.6995193],[11.9805265,57.6994348],[11.9807555,57.6992973],[11.9811666,57.6995298],[11.9809573,57.6996533]]]}},{"type":"Feature","properties":{"@id":"way/158306958","building":"apartments"},"geometry":{"type":"Polygon","coordinates":[[[11.9831197,57.6992701],[11.9832477,57.6991821],[11.983285,57.6991976],[11.98332,57.6992121],[11.9833408,57.699198],[11.9834062,57.6992252],[11.983384,57.6992403],[11.983445,57.6992656],[11.9833159,57.6993544],[11.9832835,57.6993767],[11.9832024,57.699343],[11.9831856,57.6993542],[11.9831617,57.6993584],[11.9831302,57.6993453],[11.983132,57.6993315],[11.9831453,57.6993224],[11.9831369,57.6993189],[11.9831747,57.6992929],[11.9831197,57.6992701]]]}},{"type":"Feature","properties":{"@id":"way/158306959","building":"apartments","building:levels":"7"},"geometry":{"type":"Polygon","coordinates":[[[11.9802912,57.6998767],[11.9802612,57.6998635],[11.9799905,57.699744],[11.9799609,57.6997251],[11.9799559,57.699704],[11.9799791,57.6996862],[11.9801042,57.6996274],[11.980077,57.6996108],[11.9801851,57.6995843],[11.9802032,57.6995501],[11.9802254,57.699561],[11.9803717,57.6995137],[11.9805395,57.6995995],[11.9803992,57.6996482],[11.9804165,57.6996593],[11.9804109,57.6996716],[11.9803904,57.6996817],[11.9803667,57.6996822],[11.9803482,57.6996729],[11.9802821,57.6997034],[11.980436,57.6997758],[11.9802912,57.6998767]]]}},{"type":"Feature","properties":{"@id":"way/158306960","building":"apartments"},"geometry":{"type":"Polygon","coordinates":[[[11.9831501,57.6997218],[11.9827877,57.6995712],[11.9829175,57.699505],[11.9829661,57.6995252],[11.9829745,57.6995291],[11.9830024,57.6995402],[11.9830155,57.6995447],[11.983057,57.6995868],[11.9830928,57.6995629],[11.9830919,57.6995484],[11.9831226,57.699529],[11.9831508,57.6995267],[11.9832229,57.6995567],[11.9832476,57.6995404],[11.9832801,57.6995272],[11.983303,57.6995325],[11.9833358,57.6995292],[11.9833628,57.6995144],[11.9834922,57.6995688],[11.9834191,57.6996192],[11.9833146,57.6996893],[11.9832456,57.6996603],[11.9831501,57.6997218]]]}},{"type":"Feature","properties":{"@id":"way/158306961","building":"apartments"},"geometry":{"type":"Polygon","coordinates":[[[11.9806736,57.7000405],[11.9808117,57.6999442],[11.9808378,57.699926],[11.9808554,57.6999233],[11.9808763,57.6999308],[11.9808808,57.6999437],[11.9808553,57.6999615],[11.9809305,57.6999923],[11.9810005,57.6999903],[11.9810197,57.6999753],[11.9809985,57.6999666],[11.9809894,57.6999562],[11.9809965,57.6999423],[11.9810193,57.6999357],[11.9810882,57.699889],[11.9811009,57.6998943],[11.9812772,57.6999664],[11.9811439,57.7000593],[11.9810098,57.7001528],[11.98096,57.7001578],[11.9807968,57.700091],[11.9806736,57.7000405]]]}},{"type":"Feature","properties":{"@id":"way/158306962","building":"apartments"},"geometry":{"type":"Polygon","coordinates":[[[11.981428,57.7000879],[11.981474,57.7000563],[11.9815761,57.6999862],[11.9816306,57.7000088],[11.9817019,57.6999598],[11.9820506,57.7001046],[11.9819781,57.7001543],[11.9818517,57.7001018],[11.9818551,57.700079],[11.9818435,57.700074],[11.9818126,57.7000953],[11.9818089,57.7001101],[11.9817856,57.700124],[11.9817632,57.7001292],[11.9816897,57.7000987],[11.9816816,57.7001043],[11.9816923,57.7001156],[11.9816749,57.7001276],[11.9816504,57.7001249],[11.9816205,57.7001125],[11.9815703,57.700147],[11.981428,57.7000879]]]}},{"type":"Feature","properties":{"@id":"way/158306963","building":"apartments"},"geometry":{"type":"Polygon","coordinates":[[[11.9834922,57.6995688],[11.9833628,57.6995144],[11.983401,57.6994922],[11.9833781,57.6994826],[11.9833717,57.6994669],[11.9833914,57.6994534],[11.9834253,57.6994544],[11.98345,57.6994647],[11.9834968,57.6994325],[11.9834781,57.699411],[11.9834335,57.6993917],[11.9834112,57.6994057],[11.9833898,57.6994067],[11.9833698,57.699398],[11.9833677,57.6993866],[11.9833762,57.6993794],[11.9833159,57.6993544],[11.983445,57.6992656],[11.9835827,57.6993228],[11.9836543,57.6993526],[11.9836825,57.6993346],[11.9837722,57.6993716],[11.9837731,57.699389],[11.9836134,57.6994912],[11.9834922,57.6995688]]]}},{"type":"Feature","properties":{"@id":"way/158306964","building":"apartments"},"geometry":{"type":"Polygon","coordinates":[[[11.9827877,57.6995712],[11.9824632,57.6994365],[11.9825689,57.6993655],[11.9825384,57.6993518],[11.9825767,57.6993267],[11.9826697,57.6992656],[11.9827112,57.6992384],[11.9828311,57.6992899],[11.9827991,57.6993106],[11.9827915,57.6993298],[11.9828134,57.6993389],[11.9828157,57.6993483],[11.9828009,57.6993584],[11.9827907,57.6993598],[11.9827779,57.6993687],[11.9828175,57.6993951],[11.9828279,57.6994104],[11.9828217,57.6994271],[11.9828021,57.6994288],[11.9827522,57.6994608],[11.9827718,57.6994709],[11.982786,57.6994612],[11.9828155,57.6994591],[11.9829175,57.699505],[11.9827877,57.6995712]]]}},{"type":"Feature","properties":{"@id":"way/158306965","building":"apartments"},"geometry":{"type":"Polygon","coordinates":[[[11.9828311,57.6992899],[11.9827112,57.6992384],[11.9826828,57.6992265],[11.982773,57.6991645],[11.9829565,57.6990383],[11.9830685,57.6990845],[11.9830495,57.6990976],[11.9831033,57.6991205],[11.9832477,57.6991821],[11.9831197,57.6992701],[11.9830662,57.6992479],[11.9830542,57.6992551],[11.9830316,57.6992585],[11.983005,57.6992474],[11.9830057,57.6992344],[11.9830185,57.699225],[11.9829773,57.6992076],[11.9829462,57.6992072],[11.9829009,57.6992384],[11.9829168,57.699245],[11.9829192,57.6992548],[11.982897,57.69927],[11.9828772,57.6992706],[11.9828659,57.6992659],[11.9828311,57.6992899]]]}},{"type":"Feature","properties":{"@id":"way/158306966","building":"apartments"},"geometry":{"type":"Polygon","coordinates":[[[11.9817529,57.6994151],[11.9819257,57.699294],[11.9821358,57.69938],[11.981963,57.6995011],[11.9817529,57.6994151]]]}},{"type":"Feature","properties":{"@id":"way/158306967","building":"apartments"},"geometry":{"type":"Polygon","coordinates":[[[11.9819257,57.699294],[11.9820976,57.6991745],[11.9823045,57.6992612],[11.9821358,57.69938],[11.9819257,57.699294]]]}},{"type":"Feature","properties":{"@id":"way/158306968","building":"apartments"},"geometry":{"type":"Polygon","coordinates":[[[11.9805395,57.6995995],[11.9803717,57.6995137],[11.9805265,57.6994348],[11.9806829,57.6995193],[11.9805395,57.6995995]]]}},{"type":"Feature","properties":{"@id":"way/158306969","building":"apartments"},"geometry":{"type":"Polygon","coordinates":[[[11.9823753,57.7000124],[11.9825647,57.6998822],[11.9827841,57.6999733],[11.9825947,57.7001035],[11.9823753,57.7000124]]]}},{"type":"Feature","properties":{"@id":"way/158306970","building":"apartments"},"geometry":{"type":"Polygon","coordinates":[[[11.9815923,57.699528],[11.9817529,57.6994151],[11.981963,57.6995011],[11.9818023,57.699614],[11.9815923,57.699528]]]}},{"type":"Feature","properties":{"@id":"way/158306971","building":"apartments"},"geometry":{"type":"Polygon","coordinates":[[[11.9820976,57.6991745],[11.9822884,57.6990526],[11.9824954,57.6991393],[11.9823045,57.6992612],[11.9820976,57.6991745]]]}},{"type":"Feature","properties":{"@id":"way/158306972","building":"apartments"},"geometry":{"type":"Polygon","coordinates":[[[11.9813809,57.699196],[11.9811877,57.6993005],[11.9811799,57.6992899],[11.9809867,57.6991806],[11.9812028,57.6990916],[11.9813809,57.699196]]]}},{"type":"Feature","properties":{"@id":"way/158306973","building":"apartments"},"geometry":{"type":"Polygon","coordinates":[[[11.9806736,57.7000405],[11.9804756,57.6999594],[11.9807733,57.6997518],[11.9808526,57.6997843],[11.980693,57.6998956],[11.9808117,57.6999442],[11.9806736,57.7000405]]]}},{"type":"Feature","properties":{"@id":"way/158306974","building":"apartments"},"geometry":{"type":"Polygon","coordinates":[[[11.9822162,57.6989395],[11.9820201,57.6988592],[11.9813809,57.699196],[11.9812028,57.6990916],[11.9816556,57.6988611],[11.981925,57.6987185],[11.9820065,57.6986773],[11.9821653,57.6987457],[11.9822075,57.6987656],[11.9822377,57.6987484],[11.9823524,57.6987937],[11.9823269,57.698814],[11.982345,57.698821],[11.9823725,57.698831],[11.9822162,57.6989395]]]}},{"type":"Feature","properties":{"@id":"way/158306975","building":"apartments"},"geometry":{"type":"Polygon","coordinates":[[[11.9824954,57.6991393],[11.9822884,57.6990526],[11.9823637,57.6990013],[11.9822162,57.6989395],[11.9823725,57.698831],[11.9825901,57.6989186],[11.982732,57.698978],[11.9824954,57.6991393]]]}},{"type":"Feature","properties":{"@id":"way/158306976","building":"apartments"},"geometry":{"type":"Polygon","coordinates":[[[11.9823223,57.6997827],[11.9820962,57.6996887],[11.9822492,57.6995836],[11.9824537,57.6996685],[11.9823952,57.6997087],[11.9823602,57.6996941],[11.9823252,57.6997181],[11.982382,57.6997417],[11.9823223,57.6997827]]]}},{"type":"Feature","properties":{"@id":"way/158306977","building":"apartments"},"geometry":{"type":"Polygon","coordinates":[[[11.9811666,57.6995298],[11.9812686,57.6994783],[11.9815022,57.6996034],[11.9815179,57.6995925],[11.981507,57.699588],[11.981557,57.6995528],[11.9815923,57.699528],[11.9818023,57.699614],[11.9817605,57.6996401],[11.9816077,57.6997489],[11.9811666,57.6995298]]]}},{"type":"Feature","properties":{"@id":"way/158306978","building":"apartments"},"geometry":{"type":"Polygon","coordinates":[[[11.9821317,57.6999139],[11.9819055,57.6998199],[11.9820962,57.6996887],[11.9823223,57.6997827],[11.9822484,57.6998335],[11.9822022,57.6998143],[11.982158,57.6998447],[11.9822043,57.699864],[11.9821317,57.6999139]]]}},{"type":"Feature","properties":{"@id":"way/158306979","building":"apartments"},"geometry":{"type":"Polygon","coordinates":[[[11.9820803,57.7003662],[11.9820632,57.700359],[11.9821385,57.7003072],[11.9820569,57.7002733],[11.9822075,57.7001698],[11.9823888,57.7002451],[11.9823188,57.7002932],[11.9823792,57.7003182],[11.9822232,57.7004255],[11.9820803,57.7003662]]]}},{"type":"Feature","properties":{"@id":"way/158306980","building":"apartments"},"geometry":{"type":"Polygon","coordinates":[[[11.9811009,57.6998943],[11.9811467,57.6998624],[11.9810712,57.6998314],[11.9811419,57.6997822],[11.9811936,57.6998034],[11.9812219,57.6997956],[11.9812505,57.6997756],[11.9814397,57.6998531],[11.9812772,57.6999664],[11.9811009,57.6998943]]]}},{"type":"Feature","properties":{"@id":"way/158348258","building":"yes"},"geometry":{"type":"Polygon","coordinates":[[[11.973115,57.7062886],[11.9732003,57.7063195],[11.973143,57.706431],[11.9732172,57.7064397],[11.9732406,57.7064325],[11.9732696,57.7064359],[11.9732951,57.7063777],[11.9732809,57.706358],[11.9733014,57.7063395],[11.9733319,57.706341],[11.9733637,57.7063207],[11.9734194,57.7063459],[11.9733701,57.7063778],[11.9732948,57.7065516],[11.973011,57.7065154],[11.973115,57.7062886]]]}},{"type":"Feature","properties":{"@id":"way/158348261","building":"yes"},"geometry":{"type":"Polygon","coordinates":[[[11.9717097,57.7044749],[11.971428,57.7046025],[11.9713012,57.7045282],[11.9712664,57.7045077],[11.9713104,57.7044877],[11.9715509,57.7043738],[11.9717097,57.7044749]]]}},{"type":"Feature","properties":{"@id":"way/158348262","building":"yes"},"geometry":{"type":"Polygon","coordinates":[[[11.9696178,57.7054621],[11.9697358,57.7052407],[11.9698539,57.7052587],[11.9699415,57.705272],[11.969982,57.7052781],[11.9698639,57.7054996],[11.9696178,57.7054621]]]}},{"type":"Feature","properties":{"@id":"way/158365463","building":"apartments"},"geometry":{"type":"Polygon","coordinates":[[[11.9849792,57.698493],[11.9850992,57.6984084],[11.9853555,57.6985122],[11.9853148,57.6985409],[11.985573,57.6986454],[11.985562,57.6986531],[11.9854381,57.6987406],[11.9851985,57.6986436],[11.9851902,57.698619],[11.9852267,57.6985932],[11.9849792,57.698493]]]}},{"type":"Feature","properties":{"@id":"way/158365464","building":"apartments"},"geometry":{"type":"Polygon","coordinates":[[[11.9762148,57.6975788],[11.9760587,57.6975701],[11.9760845,57.6974379],[11.9763844,57.6974547],[11.9764199,57.6974577],[11.9764495,57.6974727],[11.9764554,57.6974884],[11.9764868,57.6976978],[11.9762614,57.6977074],[11.9762342,57.6977086],[11.9762148,57.6975788]]]}},{"type":"Feature","properties":{"@id":"way/158365470","building":"apartments","building:levels":"6"},"geometry":{"type":"Polygon","coordinates":[[[11.9851093,57.6981265],[11.9850311,57.6980945],[11.9850494,57.6980832],[11.9850459,57.6980568],[11.9850269,57.6980497],[11.9849718,57.6980561],[11.9849542,57.6980681],[11.9848727,57.6980281],[11.9850587,57.6979069],[11.9851803,57.6979551],[11.9852829,57.697999],[11.9851093,57.6981265]]]}},{"type":"Feature","properties":{"@id":"way/158365474","building":"apartments"},"geometry":{"type":"Polygon","coordinates":[[[11.9834401,57.6984696],[11.9835234,57.6985043],[11.9834581,57.6985492],[11.9834626,57.6985642],[11.983444,57.698577],[11.9834167,57.6985788],[11.9833306,57.698638],[11.9833973,57.6986657],[11.9834067,57.6986593],[11.9834294,57.6986591],[11.9834533,57.698669],[11.9834787,57.6986796],[11.9833156,57.6987917],[11.9832892,57.6987807],[11.9831011,57.6987025],[11.9834401,57.6984696]]]}},{"type":"Feature","properties":{"@id":"way/158365476","building":"apartments"},"geometry":{"type":"Polygon","coordinates":[[[11.9749761,57.6973761],[11.975446,57.6974023],[11.9754202,57.6975345],[11.9751341,57.6975178],[11.9751027,57.6974975],[11.9750608,57.697502],[11.9750612,57.6975219],[11.975027,57.6975423],[11.9750489,57.6975529],[11.9751724,57.6975597],[11.9753156,57.6976187],[11.9753491,57.6976325],[11.9752,57.6977359],[11.9751575,57.6977184],[11.9747381,57.6975458],[11.9748699,57.6974518],[11.9749761,57.6973761]]]}},{"type":"Feature","properties":{"@id":"way/158365477","building":"apartments"},"geometry":{"type":"Polygon","coordinates":[[[11.9828967,57.6986176],[11.9830126,57.6985381],[11.9830668,57.6985606],[11.9830807,57.6985517],[11.9831031,57.6985509],[11.9831582,57.6985738],[11.9832499,57.6985108],[11.9832284,57.698501],[11.9832326,57.6984822],[11.9832632,57.698474],[11.9832913,57.6984811],[11.9833577,57.6984354],[11.9834401,57.6984696],[11.9831011,57.6987025],[11.9829261,57.6986298],[11.9828967,57.6986176]]]}},{"type":"Feature","properties":{"@id":"way/158365478","building":"apartments"},"geometry":{"type":"Polygon","coordinates":[[[11.9845292,57.6979923],[11.9844423,57.6979569],[11.9846043,57.6978463],[11.9845415,57.6978189],[11.9845065,57.6978199],[11.9844906,57.6978114],[11.9844861,57.6977941],[11.9845524,57.6977482],[11.9844995,57.6977263],[11.98462,57.697643],[11.9846478,57.6976537],[11.9847357,57.6976875],[11.9846941,57.6977181],[11.9846722,57.6977342],[11.9848117,57.6977986],[11.9846256,57.6979198],[11.9845292,57.6979923]]]}},{"type":"Feature","properties":{"@id":"way/158365484","building":"apartments"},"geometry":{"type":"Polygon","coordinates":[[[11.9838667,57.6980987],[11.9835463,57.6979685],[11.9835264,57.6979707],[11.9835034,57.6979584],[11.9835044,57.6979419],[11.9835284,57.6979328],[11.9835473,57.697936],[11.9838861,57.6977999],[11.9840298,57.6978815],[11.9839894,57.6978875],[11.9839825,57.6979046],[11.9839495,57.6979088],[11.9839266,57.6978971],[11.9838288,57.6979397],[11.9838188,57.6979568],[11.9839775,57.6980149],[11.9838667,57.6980987]]]}},{"type":"Feature","properties":{"@id":"way/158365486","building":"apartments"},"geometry":{"type":"Polygon","coordinates":[[[11.9840716,57.6977088],[11.9842359,57.6978043],[11.984194,57.6978257],[11.98418,57.6978651],[11.984189,57.6978811],[11.984173,57.6978939],[11.9841511,57.697896],[11.9841341,57.6978886],[11.9840952,57.6978672],[11.9840613,57.6978672],[11.9840298,57.6978815],[11.9838861,57.6977999],[11.9839305,57.6977729],[11.9839285,57.6977547],[11.9839455,57.6977361],[11.9839844,57.6977302],[11.9840114,57.6977345],[11.9840716,57.6977088]]]}},{"type":"Feature","properties":{"@id":"way/158365489","building":"apartments","building:levels":"7"},"geometry":{"type":"Polygon","coordinates":[[[11.9825135,57.6984253],[11.9827518,57.6983096],[11.9828022,57.6982851],[11.9829588,57.6983772],[11.9829107,57.6984006],[11.9829171,57.698413],[11.9829022,57.6984244],[11.9828824,57.6984265],[11.982867,57.6984218],[11.9828276,57.6984409],[11.9828291,57.6984618],[11.9828697,57.6984787],[11.9828913,57.6984688],[11.9829287,57.6984737],[11.9829381,57.6984893],[11.9829288,57.6985032],[11.9830126,57.6985381],[11.9828967,57.6986176],[11.9825084,57.6984562],[11.9825135,57.6984253]]]}},{"type":"Feature","properties":{"@id":"way/158365490","building":"apartments"},"geometry":{"type":"Polygon","coordinates":[[[11.9852019,57.697385],[11.9851259,57.6974278],[11.9851203,57.697438],[11.9851114,57.6974423],[11.985096,57.6974462],[11.9850775,57.6974462],[11.9850676,57.6974431],[11.9850525,57.6974326],[11.9850181,57.697447],[11.9850022,57.6974355],[11.9849336,57.6974642],[11.9849792,57.6974957],[11.9850009,57.6974863],[11.9850159,57.697487],[11.9850274,57.6974899],[11.9850378,57.6974956],[11.9850409,57.6975069],[11.9851418,57.6975483],[11.9851309,57.6975558],[11.9850035,57.6976476],[11.984931,57.6976232],[11.9848226,57.6975865],[11.9848203,57.6975876],[11.9846436,57.6975139],[11.9845868,57.6974938],[11.9845761,57.6974885],[11.9845711,57.6974816],[11.9845709,57.6974697],[11.984582,57.6974571],[11.9846365,57.6974381],[11.984612,57.6974172],[11.984703,57.6973832],[11.9847319,57.6974024],[11.9848406,57.6973576],[11.9848178,57.6973359],[11.9849044,57.697302],[11.9849337,57.6973202],[11.9850252,57.6972782],[11.9852019,57.697385]]]}},{"type":"Feature","properties":{"@id":"way/158365496","building":"apartments"},"geometry":{"type":"Polygon","coordinates":[[[11.9838667,57.6980987],[11.9839775,57.6980149],[11.9840367,57.6980379],[11.9840459,57.6980318],[11.9840753,57.6980433],[11.9841042,57.6980409],[11.984195,57.6980775],[11.9841955,57.69809],[11.9842299,57.6981051],[11.9844423,57.6979569],[11.9845292,57.6979923],[11.9846137,57.6980267],[11.9845227,57.6980945],[11.9844514,57.6981021],[11.9844507,57.6981172],[11.9846398,57.6981949],[11.9846133,57.6982118],[11.9844934,57.6982964],[11.9841673,57.6981597],[11.9841092,57.6981986],[11.9838667,57.6980987]]]}},{"type":"Feature","properties":{"@id":"way/158365498","building":"apartments"},"geometry":{"type":"Polygon","coordinates":[[[11.9844995,57.6977263],[11.984459,57.6977553],[11.9844343,57.69775],[11.9844167,57.6977368],[11.9844223,57.6977236],[11.9844533,57.6977176],[11.9844456,57.6977033],[11.9844075,57.6976893],[11.9844032,57.6976806],[11.9843669,57.6976824],[11.9842797,57.6977256],[11.9842729,57.6977444],[11.9842875,57.6977485],[11.9842932,57.6977576],[11.9842861,57.6977719],[11.9842699,57.6977764],[11.9842501,57.6977727],[11.9842359,57.6978043],[11.9840716,57.6977088],[11.9843241,57.6975559],[11.984372,57.697549],[11.9844069,57.697558],[11.98462,57.697643],[11.9844995,57.6977263]]]}},{"type":"Feature","properties":{"@id":"way/158365500","building":"apartments"},"geometry":{"type":"Polygon","coordinates":[[[11.9837546,57.6989511],[11.9839035,57.6988493],[11.9839662,57.6988754],[11.983982,57.6988646],[11.9840174,57.6988582],[11.9840434,57.698869],[11.9840416,57.6988881],[11.984016,57.6989058],[11.9841395,57.6989569],[11.984179,57.69893],[11.9841696,57.6989263],[11.9841662,57.6989122],[11.9841828,57.6988986],[11.9842036,57.6988961],[11.9842308,57.698879],[11.9844068,57.6989522],[11.9841626,57.6991197],[11.9841211,57.6991285],[11.9840791,57.6991203],[11.984064,57.6991],[11.9840763,57.6990824],[11.983955,57.699032],[11.983929,57.6990496],[11.9838563,57.6990194],[11.9838795,57.699003],[11.9837546,57.6989511]]]}},{"type":"Feature","properties":{"@id":"way/158365502","building":"apartments"},"geometry":{"type":"Polygon","coordinates":[[[11.9834787,57.6986796],[11.9835396,57.6987049],[11.9835404,57.6987177],[11.9835311,57.6987241],[11.9835519,57.6987328],[11.9835784,57.6987146],[11.9836039,57.6987252],[11.9835742,57.6987456],[11.9836019,57.6987571],[11.9836978,57.6986913],[11.9836807,57.6986842],[11.9837196,57.6986574],[11.9837278,57.6986608],[11.9837988,57.698612],[11.9838815,57.6986464],[11.9839616,57.6986797],[11.9838516,57.6987553],[11.983869,57.6987625],[11.9838279,57.6987908],[11.9838071,57.6987822],[11.9837552,57.6988178],[11.9838079,57.6988397],[11.9838352,57.698821],[11.9839035,57.6988493],[11.9837546,57.6989511],[11.9836877,57.6989233],[11.9836761,57.6989315],[11.9836531,57.698932],[11.9833156,57.6987917],[11.9834787,57.6986796]]]}},{"type":"Feature","properties":{"@id":"way/158365507","building":"yes"},"geometry":{"type":"Polygon","coordinates":[[[11.9836507,57.6983299],[11.9834428,57.6982435],[11.9835917,57.6981412],[11.9837996,57.6982276],[11.9836507,57.6983299]]]}},{"type":"Feature","properties":{"@id":"way/158365508","building":"apartments"},"geometry":{"type":"Polygon","coordinates":[[[11.9848727,57.6980281],[11.9846648,57.697937],[11.9846256,57.6979198],[11.9848117,57.6977986],[11.9848504,57.6978156],[11.9850587,57.6979069],[11.9848727,57.6980281]]]}},{"type":"Feature","properties":{"@id":"way/158365511","building":"apartments"},"geometry":{"type":"Polygon","coordinates":[[[11.9844934,57.6982964],[11.9846133,57.6982118],[11.9850992,57.6984084],[11.9849792,57.698493],[11.9844934,57.6982964]]]}},{"type":"Feature","properties":{"@id":"way/158365512","building":"apartments"},"geometry":{"type":"Polygon","coordinates":[[[11.9762614,57.6977074],[11.9764868,57.6976978],[11.9765122,57.6978672],[11.9762868,57.6978769],[11.9762614,57.6977074]]]}},{"type":"Feature","properties":{"@id":"way/158365513","building":"apartments"},"geometry":{"type":"Polygon","coordinates":[[[11.9760587,57.6975701],[11.9757344,57.697552],[11.9757603,57.6974199],[11.975894,57.6974273],[11.9760845,57.6974379],[11.9760587,57.6975701]]]}},{"type":"Feature","properties":{"@id":"way/158365514","building":"apartments"},"geometry":{"type":"Polygon","coordinates":[[[11.9752,57.6977359],[11.9753491,57.6976325],[11.9757552,57.6977996],[11.9756061,57.697903],[11.9754238,57.697828],[11.9752,57.6977359]]]}},{"type":"Feature","properties":{"@id":"way/158365515","building":"yes"},"geometry":{"type":"Polygon","coordinates":[[[11.983858,57.6984161],[11.9836507,57.6983299],[11.9837996,57.6982276],[11.984007,57.6983138],[11.983858,57.6984161]]]}},{"type":"Feature","properties":{"@id":"way/158365520","building":"apartments"},"geometry":{"type":"Polygon","coordinates":[[[11.9757344,57.697552],[11.9754202,57.6975345],[11.975446,57.6974023],[11.9756791,57.6974154],[11.9757603,57.6974199],[11.9757344,57.697552]]]}},{"type":"Feature","properties":{"@id":"way/158365522","building":"apartments"},"geometry":{"type":"Polygon","coordinates":[[[11.9756061,57.697903],[11.9757552,57.6977996],[11.9760632,57.6979264],[11.9760554,57.6979318],[11.9759142,57.6980298],[11.9758173,57.6979899],[11.9756061,57.697903]]]}},{"type":"Feature","properties":{"@id":"way/158365525","building":"apartments"},"geometry":{"type":"Polygon","coordinates":[[[11.9759142,57.6980298],[11.9760554,57.6979318],[11.9762923,57.6980292],[11.976323,57.6980419],[11.9761817,57.6981399],[11.9759142,57.6980298]]]}},{"type":"Feature","properties":{"@id":"way/158365527","building":"apartments","building:levels":"7"},"geometry":{"type":"Polygon","coordinates":[[[11.9833306,57.6981967],[11.9829588,57.6983772],[11.9828022,57.6982851],[11.9833251,57.6980312],[11.9835917,57.6981412],[11.9834428,57.6982435],[11.9833306,57.6981967]]]}},{"type":"Feature","properties":{"@id":"way/158365528","building":"apartments"},"geometry":{"type":"Polygon","coordinates":[[[11.9844068,57.6989522],[11.9842308,57.698879],[11.9842789,57.698846],[11.984172,57.6988016],[11.984265,57.6987377],[11.9843693,57.6987811],[11.9844124,57.6987515],[11.984591,57.6988257],[11.9844068,57.6989522]]]}},{"type":"Feature","properties":{"@id":"way/158365531","building":"apartments"},"geometry":{"type":"Polygon","coordinates":[[[11.9844124,57.6987515],[11.9845049,57.6986879],[11.9842852,57.6985966],[11.9844368,57.6984924],[11.9847984,57.6986427],[11.984816,57.698661],[11.9848045,57.698679],[11.984591,57.6988257],[11.9844124,57.6987515]]]}},{"type":"Feature","properties":{"@id":"way/158365532","building":"apartments"},"geometry":{"type":"Polygon","coordinates":[[[11.9765439,57.6980792],[11.9763542,57.6982109],[11.9761817,57.6981399],[11.976323,57.6980419],[11.9762923,57.6980292],[11.976308,57.6980183],[11.9762868,57.6978769],[11.9765122,57.6978672],[11.9765439,57.6980792]]]}},{"type":"Feature","properties":{"@id":"way/158365536","building":"apartments"},"geometry":{"type":"Polygon","coordinates":[[[11.9842852,57.6985966],[11.9842269,57.6985724],[11.9841589,57.6985441],[11.9839616,57.6986797],[11.9838815,57.6986464],[11.9837988,57.698612],[11.9839988,57.6984746],[11.9839116,57.6984384],[11.983858,57.6984161],[11.984007,57.6983138],[11.9840515,57.6983323],[11.9843748,57.6984666],[11.9844368,57.6984924],[11.9842852,57.6985966]]]}},{"type":"Feature","properties":{"@id":"way/158418813","building":"yes"},"geometry":{"type":"Polygon","coordinates":[[[11.9676628,57.7045691],[11.9675972,57.7045588],[11.9669514,57.7044576],[11.9670046,57.7043608],[11.9670754,57.7042317],[11.9670332,57.7042251],[11.9670458,57.7042022],[11.9670763,57.7041466],[11.9671437,57.7040239],[11.9673395,57.7040546],[11.9679448,57.7041494],[11.9680248,57.7041619],[11.9679064,57.7043776],[11.9677789,57.7043576],[11.9676628,57.7045691]]]}},{"type":"Feature","properties":{"@id":"way/158418814","building":"yes"},"geometry":{"type":"Polygon","coordinates":[[[11.9642012,57.7038577],[11.9642178,57.7038262],[11.9643427,57.7035944],[11.9650507,57.703703],[11.9651239,57.7037143],[11.9650153,57.7039194],[11.9647576,57.7038805],[11.964795,57.7038097],[11.964679,57.7037922],[11.9646155,57.7039124],[11.9645903,57.7039601],[11.9643909,57.7039301],[11.9644125,57.7038891],[11.9642012,57.7038577]]]}},{"type":"Feature","properties":{"@id":"way/158418815","building":"yes"},"geometry":{"type":"Polygon","coordinates":[[[11.9687779,57.7036376],[11.9689511,57.7035153],[11.9691439,57.7033708],[11.969312,57.7034426],[11.9691966,57.7035],[11.9692137,57.7035121],[11.969206,57.7035173],[11.9691196,57.7035832],[11.9690795,57.7035832],[11.9689826,57.7036556],[11.9690447,57.7036806],[11.9689835,57.7037227],[11.9687779,57.7036376]]]}},{"type":"Feature","properties":{"@id":"way/158418816","building":"apartments"},"geometry":{"type":"Polygon","coordinates":[[[11.9801456,57.7037381],[11.9799445,57.7036564],[11.9800195,57.7036053],[11.9801352,57.7035264],[11.9804399,57.7036419],[11.9805367,57.7036831],[11.9804463,57.7037383],[11.9803555,57.7037008],[11.9803285,57.703716],[11.9802649,57.7036883],[11.9802886,57.7036709],[11.9802684,57.7036625],[11.9802239,57.7036899],[11.9801456,57.7037381]]]}},{"type":"Feature","properties":{"@id":"way/158418817","building":"apartments","building:levels":"5","height":"26.7"},"geometry":{"type":"Polygon","coordinates":[[[11.9804399,57.7036419],[11.9801352,57.7035264],[11.9802795,57.7034266],[11.9802805,57.7034259],[11.9804117,57.7033352],[11.9808044,57.7034847],[11.98068,57.7035728],[11.9804774,57.7034915],[11.9803735,57.7035662],[11.9804349,57.7035894],[11.9804595,57.7035828],[11.9804877,57.703586],[11.980497,57.7035972],[11.9804869,57.7036091],[11.9804399,57.7036419]]]}},{"type":"Feature","properties":{"@id":"way/158418818","building":"apartments","building:levels":"4","roof:levels":"1"},"geometry":{"type":"Polygon","coordinates":[[[11.9796021,57.7038928],[11.9797813,57.7039655],[11.9796187,57.7040789],[11.9795738,57.7041093],[11.9796001,57.7041568],[11.9800084,57.7041145],[11.9800101,57.7042253],[11.9798209,57.704239],[11.9798007,57.7042152],[11.9797676,57.7042011],[11.97966,57.7042122],[11.9794109,57.7042321],[11.9793021,57.7041026],[11.9794412,57.7040076],[11.9796021,57.7038928]]]}},{"type":"Feature","properties":{"@id":"way/158418820","building":"apartments"},"geometry":{"type":"Polygon","coordinates":[[[11.9800622,57.7044609],[11.980055,57.7045943],[11.9796829,57.7045886],[11.9795221,57.7045861],[11.9794923,57.7045664],[11.9794916,57.7043754],[11.9797024,57.7043636],[11.9797275,57.7044641],[11.9797528,57.7044766],[11.9798085,57.7044766],[11.9798085,57.7044595],[11.9798922,57.7044595],[11.9798922,57.7044726],[11.9799883,57.7044726],[11.979999,57.7044658],[11.980027,57.7044604],[11.9800622,57.7044609]]]}},{"type":"Feature","properties":{"@id":"way/158418821","building":"apartments"},"geometry":{"type":"Polygon","coordinates":[[[11.9799501,57.7038485],[11.9797667,57.7037777],[11.9798242,57.7037384],[11.9799445,57.7036564],[11.9801456,57.7037381],[11.9800996,57.7037699],[11.980121,57.7037793],[11.9801179,57.7037967],[11.980096,57.7038052],[11.980068,57.7038048],[11.9800425,57.7037968],[11.9800245,57.7038087],[11.979999,57.7038256],[11.9800098,57.7038398],[11.98007,57.7038623],[11.9800962,57.7038519],[11.9802365,57.7039093],[11.9801881,57.7039459],[11.9799501,57.7038485]]]}},{"type":"Feature","properties":{"@id":"way/158418822","building":"yes"},"geometry":{"type":"Polygon","coordinates":[[[11.9670763,57.7041466],[11.9670458,57.7042022],[11.9668911,57.704178],[11.9668777,57.704188],[11.9668494,57.7041912],[11.9668257,57.7041799],[11.9668282,57.7041681],[11.9667811,57.7041607],[11.9667512,57.7042153],[11.9667692,57.7042211],[11.9667737,57.7042349],[11.9667561,57.7042451],[11.9667345,57.7042455],[11.9666977,57.7043127],[11.9670046,57.7043608],[11.9669514,57.7044576],[11.9666968,57.7044177],[11.9665643,57.7043969],[11.9665426,57.7043878],[11.9665412,57.7043743],[11.9666153,57.7042393],[11.9666987,57.7040874],[11.966902,57.7041193],[11.9669896,57.704133],[11.9670763,57.7041466]]]}},{"type":"Feature","properties":{"@id":"way/158418823","building":"yes"},"geometry":{"type":"Polygon","coordinates":[[[11.9689577,57.7039157],[11.9687988,57.7038498],[11.9689835,57.7037227],[11.9691424,57.7037886],[11.9689577,57.7039157]]]}},{"type":"Feature","properties":{"@id":"way/158418824","building":"apartments","building:levels":"4","roof:levels":"1"},"geometry":{"type":"Polygon","coordinates":[[[11.9797024,57.7043636],[11.9794916,57.7043754],[11.9794222,57.7042725],[11.9794109,57.7042321],[11.97966,57.7042122],[11.9796691,57.7042447],[11.9797024,57.7043636]]]}},{"type":"Feature","properties":{"@id":"way/158418825","building":"retail"},"geometry":{"type":"Polygon","coordinates":[[[11.9687988,57.7038498],[11.9687373,57.7038256],[11.9685999,57.7037674],[11.9687779,57.7036376],[11.9689835,57.7037227],[11.9687988,57.7038498]]]}},{"type":"Feature","properties":{"@id":"way/158418826","building":"apartments","building:levels":"4","roof:levels":"0"},"geometry":{"type":"Polygon","coordinates":[[[11.9689263,57.7045069],[11.9684574,57.7044334],[11.9685582,57.7042487],[11.9686146,57.7042584],[11.9690239,57.7043291],[11.9689263,57.7045069]]]}},{"type":"Feature","properties":{"@id":"way/158418827","building":"apartments","building:levels":"4","roof:levels":"1"},"geometry":{"type":"Polygon","coordinates":[[[11.9685582,57.7042487],[11.9684574,57.7044334],[11.9684475,57.7044514],[11.968266,57.704423],[11.9683788,57.7042174],[11.9685582,57.7042487]]]}},{"type":"Feature","properties":{"@id":"way/158418828","building":"yes"},"geometry":{"type":"Polygon","coordinates":[[[11.9653526,57.7041261],[11.9654285,57.7039824],[11.9656423,57.7040147],[11.9656256,57.7040464],[11.9658824,57.7040851],[11.9658232,57.704197],[11.9653526,57.7041261]]]}},{"type":"Feature","properties":{"@id":"way/158418829","building":"yes"},"geometry":{"type":"Polygon","coordinates":[[[11.9681444,57.7046445],[11.9678279,57.7045949],[11.9679065,57.7044518],[11.9679736,57.7044623],[11.9680111,57.704394],[11.9682605,57.7044331],[11.9681444,57.7046445]]]}},{"type":"Feature","properties":{"@id":"way/158418830","building":"apartments","building:levels":"3","roof:levels":"1"},"geometry":{"type":"Polygon","coordinates":[[[11.9679064,57.7043776],[11.9680248,57.7041619],[11.9683788,57.7042174],[11.968266,57.704423],[11.9682605,57.7044331],[11.9680111,57.704394],[11.9679064,57.7043776]]]}},{"type":"Feature","properties":{"@id":"way/158418831","building":"office","building:levels":"3","roof:levels":"1"},"geometry":{"type":"Polygon","coordinates":[[[11.9663669,57.7041239],[11.9664006,57.70406],[11.9665689,57.7040858],[11.966412,57.7043714],[11.9663656,57.7043839],[11.9662397,57.7043644],[11.9663669,57.7041239]]]}},{"type":"Feature","properties":{"@id":"way/158418832","building":"yes"},"geometry":{"type":"Polygon","coordinates":[[[11.9689835,57.7037227],[11.9690447,57.7036806],[11.9691142,57.7037094],[11.9692341,57.7036269],[11.9693234,57.7036639],[11.9691424,57.7037886],[11.9689835,57.7037227]]]}},{"type":"Feature","properties":{"@id":"way/158418834","building":"yes"},"geometry":{"type":"Polygon","coordinates":[[[11.9678279,57.7045949],[11.9676628,57.7045691],[11.9677789,57.7043576],[11.9679064,57.7043776],[11.9680111,57.704394],[11.9679736,57.7044623],[11.9679065,57.7044518],[11.9678279,57.7045949]]]}},{"type":"Feature","properties":{"@id":"way/158418835","building":"yes"},"geometry":{"type":"Polygon","coordinates":[[[11.969312,57.7034426],[11.9693456,57.7035129],[11.9693797,57.7035842],[11.9693959,57.7036181],[11.9693234,57.7036639],[11.9692341,57.7036269],[11.9692523,57.7036138],[11.969206,57.7035173],[11.9692137,57.7035121],[11.9691966,57.7035],[11.969312,57.7034426]]]}},{"type":"Feature","properties":{"@id":"way/158418836","building":"yes"},"geometry":{"type":"Polygon","coordinates":[[[11.9687948,57.7047464],[11.9685386,57.7047063],[11.9685861,57.7046197],[11.9686212,57.7045557],[11.9684086,57.7045224],[11.9684475,57.7044514],[11.9684574,57.7044334],[11.9689263,57.7045069],[11.9687948,57.7047464]]]}},{"type":"Feature","properties":{"@id":"way/158418838","building":"yes"},"geometry":{"type":"Polygon","coordinates":[[[11.968266,57.704423],[11.9684475,57.7044514],[11.9684086,57.7045224],[11.9683346,57.7045108],[11.9682995,57.7045747],[11.9685861,57.7046197],[11.9685386,57.7047063],[11.9681444,57.7046445],[11.9682605,57.7044331],[11.968266,57.704423]]]}},{"type":"Feature","properties":{"@id":"way/158418840","building":"apartments","building:levels":"2","roof:levels":"1"},"geometry":{"type":"Polygon","coordinates":[[[11.9670763,57.7041466],[11.9669896,57.704133],[11.9670313,57.7040571],[11.9669437,57.7040434],[11.966902,57.7041193],[11.9666987,57.7040874],[11.9667299,57.7040305],[11.9667543,57.703986],[11.9668093,57.7039713],[11.9669377,57.7039915],[11.9671437,57.7040239],[11.9670763,57.7041466]]]}},{"type":"Feature","properties":{"@id":"way/158449648","building":"yes"},"geometry":{"type":"Polygon","coordinates":[[[11.9654142,57.7052584],[11.965342,57.7052477],[11.9654159,57.7051049],[11.9655413,57.7051234],[11.9658128,57.7051635],[11.9657892,57.7052091],[11.9657449,57.7052025],[11.9657193,57.7052046],[11.9655771,57.705183],[11.9655011,57.7051715],[11.9654612,57.705166],[11.9654142,57.7052584]]]}},{"type":"Feature","properties":{"@id":"way/158449651","building":"hotel","building:levels":"5","roof:levels":"1"},"geometry":{"type":"Polygon","coordinates":[[[11.9679605,57.704077],[11.9680574,57.7039179],[11.9686096,57.7040712],[11.9685406,57.7041252],[11.9685431,57.7041442],[11.9685461,57.7041674],[11.9685069,57.7041662],[11.9679605,57.704077]]]}},{"type":"Feature","properties":{"@id":"way/158449657","building":"office","building:levels":"2","roof:levels":"1"},"geometry":{"type":"Polygon","coordinates":[[[11.9652744,57.7048513],[11.9651625,57.7050674],[11.9650294,57.7050478],[11.9650467,57.7050143],[11.9651412,57.7048316],[11.9652117,57.704842],[11.9652744,57.7048513]]]}},{"type":"Feature","properties":{"@id":"way/158449661","building":"yes"},"geometry":{"type":"Polygon","coordinates":[[[11.9654537,57.7052642],[11.9655011,57.7051715],[11.9655771,57.705183],[11.9655301,57.7052755],[11.9654537,57.7052642]]]}},{"type":"Feature","properties":{"@id":"way/158449664","building":"yes"},"geometry":{"type":"Polygon","coordinates":[[[11.967124,57.7036568],[11.9669808,57.7039184],[11.9668311,57.7038931],[11.9668151,57.7038726],[11.9668043,57.7038587],[11.9668887,57.7036824],[11.9669282,57.7036],[11.9670775,57.7036433],[11.967124,57.7036568]]]}},{"type":"Feature","properties":{"@id":"way/158455319","building":"yes"},"geometry":{"type":"Polygon","coordinates":[[[11.9676895,57.7049353],[11.9678142,57.704954],[11.9679406,57.7047126],[11.9681829,57.7047485],[11.9683125,57.7047681],[11.9682131,57.704958],[11.9681844,57.7050126],[11.9680611,57.7049942],[11.9679574,57.7051925],[11.9677723,57.7051648],[11.9675842,57.7051367],[11.9676372,57.7050351],[11.9676773,57.7049586],[11.9676895,57.7049353]]]}},{"type":"Feature","properties":{"@id":"way/158455324","building":"yes"},"geometry":{"type":"Polygon","coordinates":[[[11.9675385,57.7050204],[11.9673524,57.7049926],[11.9674068,57.7048888],[11.967484,57.7049003],[11.9676083,57.7046629],[11.9677862,57.7046895],[11.9679406,57.7047126],[11.9678142,57.704954],[11.9676895,57.7049353],[11.9677201,57.7048768],[11.9677568,57.7048078],[11.9677207,57.7048024],[11.9676581,57.704793],[11.9676214,57.7048621],[11.9675786,57.7049438],[11.9675385,57.7050204]]]}},{"type":"Feature","properties":{"@id":"way/158455326","building":"apartments"},"geometry":{"type":"Polygon","coordinates":[[[11.966733,57.7050097],[11.9666844,57.7050024],[11.9663936,57.7049588],[11.9663157,57.7049485],[11.9662612,57.7049389],[11.9662378,57.7049128],[11.9664463,57.7045154],[11.9665066,57.7044982],[11.966739,57.7045323],[11.9673438,57.7046235],[11.9672711,57.704762],[11.9672579,57.7047872],[11.9672193,57.7048607],[11.967141,57.704849],[11.9671018,57.7049237],[11.9670591,57.7049173],[11.9670743,57.7048884],[11.9669505,57.7048698],[11.966941,57.7048881],[11.9668645,57.7048766],[11.9668076,57.704985],[11.9667623,57.7049996],[11.966733,57.7050097]]]}},{"type":"Feature","properties":{"@id":"way/158455332","building":"yes"},"geometry":{"type":"Polygon","coordinates":[[[11.9686541,57.7050239],[11.9682131,57.704958],[11.9683125,57.7047681],[11.9684178,57.7047839],[11.9687535,57.7048341],[11.9687467,57.7048471],[11.9686541,57.7050239]]]}},{"type":"Feature","properties":{"@id":"way/158455334","building":"yes"},"geometry":{"type":"Polygon","coordinates":[[[11.9675786,57.7049438],[11.9676214,57.7048621],[11.9676809,57.704871],[11.9677201,57.7048768],[11.9676895,57.7049353],[11.9676773,57.7049586],[11.9676338,57.7049521],[11.9675786,57.7049438]]]}},{"type":"Feature","properties":{"@id":"way/158455335","building":"yes"},"geometry":{"type":"Polygon","coordinates":[[[11.9675898,57.705028],[11.9676372,57.7050351],[11.9675842,57.7051367],[11.9675313,57.7051288],[11.967299,57.7050942],[11.9673524,57.7049926],[11.9675385,57.7050204],[11.9675898,57.705028]]]}},{"type":"Feature","properties":{"@id":"way/158455337","building":"retail"},"geometry":{"type":"Polygon","coordinates":[[[11.9686067,57.7051143],[11.9681657,57.7050483],[11.9681844,57.7050126],[11.9682131,57.704958],[11.9686541,57.7050239],[11.9686067,57.7051143]]]}},{"type":"Feature","properties":{"@id":"way/158455339","building":"yes"},"geometry":{"type":"Polygon","coordinates":[[[11.9679574,57.7051925],[11.9680611,57.7049942],[11.9681844,57.7050126],[11.9681657,57.7050483],[11.9686067,57.7051143],[11.9685624,57.705199],[11.9685227,57.705275],[11.9685217,57.7052769],[11.9680825,57.7052112],[11.9679574,57.7051925]]]}},{"type":"Feature","properties":{"@id":"way/158455344","building":"yes"},"geometry":{"type":"Polygon","coordinates":[[[11.9672711,57.704762],[11.9673438,57.7046235],[11.9674816,57.704644],[11.9676083,57.7046629],[11.967484,57.7049003],[11.9674068,57.7048888],[11.9674584,57.70479],[11.9672711,57.704762]]]}},{"type":"Feature","properties":{"@id":"way/158455345","building":"yes"},"geometry":{"type":"Polygon","coordinates":[[[11.9673149,57.704875],[11.9672193,57.7048607],[11.9672579,57.7047872],[11.9673136,57.7047955],[11.967301,57.7048197],[11.9673408,57.7048256],[11.9673149,57.704875]]]}},{"type":"Feature","properties":{"@id":"way/158455346","building":"yes"},"geometry":{"type":"Polygon","coordinates":[[[11.967141,57.704849],[11.9672193,57.7048607],[11.9673149,57.704875],[11.9674068,57.7048888],[11.9673524,57.7049926],[11.967299,57.7050942],[11.9670332,57.7050544],[11.9671018,57.7049237],[11.967141,57.704849]]]}},{"type":"Feature","properties":{"@id":"way/158455353","building":"yes"},"geometry":{"type":"Polygon","coordinates":[[[11.9668076,57.704985],[11.9668645,57.7048766],[11.966941,57.7048881],[11.9669505,57.7048698],[11.9670743,57.7048884],[11.9670591,57.7049173],[11.9669905,57.705048],[11.9669481,57.7050417],[11.9667554,57.7050128],[11.9667623,57.7049996],[11.9668076,57.704985]]]}},{"type":"Feature","properties":{"@id":"way/158620077","building":"service","building:levels":"1","roof:shape":"flat"},"geometry":{"type":"Polygon","coordinates":[[[11.9650878,57.7021691],[11.9650327,57.7021494],[11.9650965,57.7020984],[11.9651516,57.702118],[11.9651343,57.7021319],[11.9651044,57.7021558],[11.9650878,57.7021691]]]}},{"type":"Feature","properties":{"@id":"way/158621498","building":"yes"},"geometry":{"type":"Polygon","coordinates":[[[11.9673364,57.7054048],[11.9673188,57.7054373],[11.9672492,57.7054265],[11.9671265,57.7054075],[11.9670941,57.7054672],[11.9672168,57.7054862],[11.9672085,57.7055016],[11.9670317,57.7054742],[11.9670429,57.7054535],[11.9670901,57.7053666],[11.9673364,57.7054048]]]}},{"type":"Feature","properties":{"@id":"way/158621499","building":"yes"},"geometry":{"type":"Polygon","coordinates":[[[11.9670901,57.7053666],[11.9670429,57.7054535],[11.9669635,57.7054412],[11.966987,57.705398],[11.9668447,57.705376],[11.9668151,57.7054307],[11.9667269,57.705417],[11.9667502,57.7053742],[11.9667803,57.7053186],[11.9669711,57.7053482],[11.9670901,57.7053666]]]}},{"type":"Feature","properties":{"@id":"way/158621500","building":"apartments","building:levels":"3","roof:levels":"0"},"geometry":{"type":"Polygon","coordinates":[[[11.9667803,57.7053186],[11.9667982,57.7052857],[11.9669105,57.7053031],[11.9669592,57.7052134],[11.9668537,57.7051971],[11.9669054,57.7051019],[11.9670893,57.7051304],[11.9670278,57.7052437],[11.967,57.705295],[11.9669711,57.7053482],[11.9667803,57.7053186]]]}},{"type":"Feature","properties":{"@id":"way/158621501","building":"yes"},"geometry":{"type":"Polygon","coordinates":[[[11.9670429,57.7054535],[11.9670317,57.7054742],[11.9669751,57.7055785],[11.9668209,57.7055546],[11.9666654,57.7055305],[11.9667137,57.7054413],[11.9667269,57.705417],[11.9668151,57.7054307],[11.9667735,57.7054597],[11.9668037,57.7054644],[11.9668174,57.7054504],[11.9668477,57.7054482],[11.9668663,57.705458],[11.9668643,57.7054728],[11.96694,57.7054845],[11.9669635,57.7054412],[11.9670429,57.7054535]]]}},{"type":"Feature","properties":{"@id":"way/158621502","building":"apartments","building:levels":"3","roof:levels":"1"},"geometry":{"type":"Polygon","coordinates":[[[11.9668537,57.7051971],[11.9666403,57.705164],[11.966692,57.7050689],[11.9669054,57.7051019],[11.9668537,57.7051971]]]}},{"type":"Feature","properties":{"@id":"way/158621503","building":"yes","height":"15"},"geometry":{"type":"Polygon","coordinates":[[[11.968052,57.7052795],[11.9684919,57.7053477],[11.9684776,57.7053742],[11.9683986,57.7055197],[11.9679586,57.7054515],[11.968052,57.7052795]]]}},{"type":"Feature","properties":{"@id":"way/158621504","building":"yes"},"geometry":{"type":"Polygon","coordinates":[[[11.9665772,57.7053474],[11.9666073,57.7052918],[11.9667803,57.7053186],[11.9667502,57.7053742],[11.9666613,57.7053604],[11.9665772,57.7053474]]]}},{"type":"Feature","properties":{"@id":"way/158621505","building":"yes"},"geometry":{"type":"Polygon","coordinates":[[[11.9673653,57.7053516],[11.9673364,57.7054048],[11.9670901,57.7053666],[11.9669711,57.7053482],[11.967,57.705295],[11.9673653,57.7053516]]]}},{"type":"Feature","properties":{"@id":"way/158621506","building":"yes"},"geometry":{"type":"Polygon","coordinates":[[[11.9665738,57.7052866],[11.9666037,57.7052316],[11.9668102,57.7052636],[11.9667982,57.7052857],[11.9667803,57.7053186],[11.9666073,57.7052918],[11.9665738,57.7052866]]]}},{"type":"Feature","properties":{"@id":"way/158621507","building":"yes"},"geometry":{"type":"Polygon","coordinates":[[[11.966388,57.7053568],[11.9664635,57.7053684],[11.9664403,57.7054112],[11.9665346,57.7054258],[11.9664924,57.7055037],[11.9664618,57.705499],[11.9663226,57.7054774],[11.966388,57.7053568]]]}},{"type":"Feature","properties":{"@id":"way/158621509","building":"apartments","building:levels":"2","roof:levels":"1"},"geometry":{"type":"Polygon","coordinates":[[[11.9674546,57.705187],[11.9674065,57.7052756],[11.9672244,57.7052474],[11.967086,57.705226],[11.9670726,57.7052506],[11.9670278,57.7052437],[11.9670893,57.7051304],[11.967272,57.7051587],[11.9674546,57.705187]]]}},{"type":"Feature","properties":{"@id":"way/158621510","building":"yes"},"geometry":{"type":"Polygon","coordinates":[[[11.9663172,57.7052952],[11.9662376,57.7052828],[11.9662096,57.7053344],[11.9660388,57.7053079],[11.9660909,57.7052119],[11.9663414,57.7052506],[11.9663172,57.7052952]]]}},{"type":"Feature","properties":{"@id":"way/158621511","building":"yes"},"geometry":{"type":"Polygon","coordinates":[[[11.9673188,57.7054373],[11.9672215,57.7056166],[11.9671725,57.705609],[11.9670148,57.7055846],[11.9669751,57.7055785],[11.9670317,57.7054742],[11.9672085,57.7055016],[11.9672168,57.7054862],[11.9672492,57.7054265],[11.9673188,57.7054373]]]}},{"type":"Feature","properties":{"@id":"way/158621512","building":"yes"},"geometry":{"type":"Polygon","coordinates":[[[11.9663414,57.7052506],[11.9665738,57.7052866],[11.9666073,57.7052918],[11.9665772,57.7053474],[11.9665578,57.7053831],[11.9664635,57.7053684],[11.9664889,57.7053218],[11.9663172,57.7052952],[11.9663414,57.7052506]]]}},{"type":"Feature","properties":{"@id":"way/158621513","building":"yes"},"geometry":{"type":"Polygon","coordinates":[[[11.9665772,57.7053474],[11.9666613,57.7053604],[11.9666248,57.7054276],[11.9667137,57.7054413],[11.9666654,57.7055305],[11.9666301,57.705525],[11.9664924,57.7055037],[11.9665346,57.7054258],[11.9665578,57.7053831],[11.9665772,57.7053474]]]}},{"type":"Feature","properties":{"@id":"way/158621514","building":"yes"},"geometry":{"type":"Polygon","coordinates":[[[11.9662096,57.7053344],[11.9661884,57.7053735],[11.9662961,57.7053902],[11.9663199,57.7053462],[11.966388,57.7053568],[11.9663226,57.7054774],[11.9661346,57.7054481],[11.9660165,57.7054297],[11.9659886,57.7054004],[11.9660388,57.7053079],[11.9662096,57.7053344]]]}},{"type":"Feature","properties":{"@id":"way/158623435","building":"yes"},"geometry":{"type":"Polygon","coordinates":[[[11.9659647,57.7057672],[11.9659271,57.7058369],[11.9658924,57.7058937],[11.9658658,57.7059018],[11.9658467,57.7058996],[11.9658448,57.7059043],[11.9658406,57.7059111],[11.9658926,57.7059186],[11.9660105,57.7059354],[11.9660307,57.7058989],[11.9661112,57.7059114],[11.9660441,57.7060342],[11.9658125,57.7059982],[11.965668,57.7059757],[11.9657058,57.7059017],[11.9657133,57.7058872],[11.965715,57.7058842],[11.9657711,57.7057851],[11.9657962,57.7057406],[11.9659647,57.7057672]]]}},{"type":"Feature","properties":{"@id":"way/158623436","building":"yes"},"geometry":{"type":"Polygon","coordinates":[[[11.9661112,57.7059114],[11.9660307,57.7058989],[11.9660519,57.7058619],[11.9660559,57.7058549],[11.9660685,57.705833],[11.9660514,57.7058309],[11.9660241,57.7058277],[11.9660443,57.7057916],[11.9660511,57.7057795],[11.9659968,57.7057718],[11.9660229,57.7057239],[11.9660282,57.7057141],[11.9660851,57.7057229],[11.9661044,57.7056876],[11.9661275,57.7056913],[11.9661444,57.7056941],[11.966258,57.7057106],[11.9662426,57.7057422],[11.9662064,57.7057366],[11.9661112,57.7059114]]]}},{"type":"Feature","properties":{"@id":"way/158623437","building":"yes"},"geometry":{"type":"Polygon","coordinates":[[[11.9658705,57.7056043],[11.9659727,57.7056203],[11.9660647,57.7056346],[11.9661295,57.7056447],[11.9661044,57.7056876],[11.9660851,57.7057229],[11.9660282,57.7057141],[11.9660539,57.7056671],[11.9659847,57.7056563],[11.9659537,57.7057132],[11.9660229,57.7057239],[11.9659968,57.7057718],[11.9659647,57.7057672],[11.9657962,57.7057406],[11.9658705,57.7056043]]]}},{"type":"Feature","properties":{"@id":"way/158623438","building":"yes"},"geometry":{"type":"Polygon","coordinates":[[[11.9660441,57.7060342],[11.9661112,57.7059114],[11.9661972,57.7059248],[11.9664854,57.7059696],[11.9664184,57.7060925],[11.9662013,57.7060587],[11.9660441,57.7060342]]]}},{"type":"Feature","properties":{"@id":"way/158623439","building":"yes"},"geometry":{"type":"Polygon","coordinates":[[[11.9666869,57.7056002],[11.9664854,57.7059696],[11.9661972,57.7059248],[11.9663856,57.7055792],[11.9663612,57.7055754],[11.9663378,57.7055718],[11.9663508,57.7055478],[11.9663744,57.7055516],[11.9665109,57.7055728],[11.9666869,57.7056002]]]}},{"type":"Feature","properties":{"@id":"way/158762984","building":"yes","name":"Sultan Döner"},"geometry":{"type":"Polygon","coordinates":[[[11.977156,57.6985578],[11.9770069,57.6984947],[11.9770849,57.698442],[11.977234,57.6985051],[11.977156,57.6985578]]]}},{"type":"Feature","properties":{"@id":"way/176885805","building":"yes","name":"Cafe Grindstugan"},"geometry":{"type":"Polygon","coordinates":[[[11.9726975,57.7032888],[11.9727913,57.7033461],[11.9726625,57.7034063],[11.9725687,57.703349],[11.9726975,57.7032888]]]}},{"type":"Feature","properties":{"@id":"way/180819009","building":"retail","building:levels":"1","name":"Pressbyrån","roof:shape":"flat"},"geometry":{"type":"Polygon","coordinates":[[[11.9738833,57.7005071],[11.9739278,57.7004775],[11.9739945,57.7005061],[11.9740064,57.7004982],[11.9740538,57.7005185],[11.9739974,57.700556],[11.9738833,57.7005071]]]}},{"type":"Feature","properties":{"@id":"way/181914621","building":"yes"},"geometry":{"type":"Polygon","coordinates":[[[11.9839396,57.7096161],[11.983962,57.7096699],[11.9839852,57.709738],[11.9840373,57.709817],[11.9841073,57.7098701],[11.9841658,57.7099122],[11.9837673,57.7101077],[11.9824311,57.7098861],[11.9824737,57.7098104],[11.9826291,57.7095441],[11.9826682,57.7094771],[11.9826976,57.7094272],[11.9839396,57.7096161]]]}},{"type":"Feature","properties":{"@id":"way/181915672","building":"office","building:levels":"7","roof:levels":"0"},"geometry":{"type":"Polygon","coordinates":[[[11.9805948,57.70883],[11.9807067,57.7086139],[11.9815958,57.7087547],[11.981475,57.7089685],[11.9813954,57.7089901],[11.9810447,57.7089322],[11.9806331,57.7088707],[11.9805948,57.70883]]]}},{"type":"Feature","properties":{"@id":"way/182582895","building":"office","building:levels":"7","name":"GP-huset"},"geometry":{"type":"Polygon","coordinates":[[[11.9783633,57.7091806],[11.9774433,57.7090101],[11.97756,57.7087779],[11.9776445,57.7087457],[11.9776632,57.7087564],[11.9778497,57.7086848],[11.977906,57.7086698],[11.9779596,57.7086633],[11.9779999,57.7086633],[11.9785873,57.7087536],[11.9785282,57.7088625],[11.9785484,57.7088653],[11.9785323,57.7088983],[11.9785187,57.7089216],[11.9785067,57.7089194],[11.9783633,57.7091806]]]}},{"type":"Feature","properties":{"@id":"way/182582896","building":"school","building:levels":"4","roof:levels":"1"},"geometry":{"type":"Polygon","coordinates":[[[11.9818585,57.7087361],[11.9820408,57.7087655],[11.9820171,57.7088093],[11.9821003,57.7088229],[11.9820453,57.7089227],[11.9819871,57.7089136],[11.9819852,57.7089172],[11.9819962,57.7089189],[11.9819663,57.7089679],[11.9827645,57.7090916],[11.9827594,57.7092013],[11.9816967,57.7090317],[11.9818585,57.7087361]]]}},{"type":"Feature","properties":{"@id":"way/183574741","building":"bridge","building:levels":"2","min_height":"3"},"geometry":{"type":"Polygon","coordinates":[[[11.9707708,57.7056985],[11.9707909,57.7056412],[11.9708321,57.7056476],[11.9708129,57.7057049],[11.9707708,57.7056985]]]}},{"type":"Feature","properties":{"@id":"way/183627162","building":"apartments"},"geometry":{"type":"Polygon","coordinates":[[[11.9654903,57.7079697],[11.9652361,57.7079318],[11.965254,57.7078974],[11.9652696,57.7078998],[11.9652926,57.7078559],[11.9651563,57.7078356],[11.9651387,57.7078484],[11.9651108,57.7078484],[11.9650891,57.7078401],[11.9650859,57.7078262],[11.9650618,57.7078221],[11.9651175,57.7077158],[11.9655445,57.7077801],[11.9655759,57.707806],[11.9654903,57.7079697]]]}},{"type":"Feature","properties":{"@id":"way/183627165","building":"yes"},"geometry":{"type":"Polygon","coordinates":[[[11.9645237,57.7078683],[11.9646344,57.7076567],[11.9646407,57.7076446],[11.964675,57.7076497],[11.9649698,57.7076937],[11.9651175,57.7077158],[11.9650618,57.7078221],[11.9649776,57.707983],[11.9648504,57.707964],[11.9647518,57.7079493],[11.9647754,57.7079042],[11.9648614,57.707917],[11.9648988,57.7079226],[11.964909,57.7079031],[11.964939,57.7078458],[11.9648962,57.7078394],[11.9648791,57.7078276],[11.9648889,57.7078076],[11.9649148,57.7078056],[11.9649444,57.7078101],[11.9649568,57.7077864],[11.9648832,57.7077755],[11.964878,57.7077855],[11.9647496,57.7077663],[11.9646837,57.7078922],[11.9645237,57.7078683]]]}},{"type":"Feature","properties":{"@id":"way/183627169","building":"apartments"},"geometry":{"type":"Polygon","coordinates":[[[11.9650373,57.7081676],[11.9650882,57.7080703],[11.9651388,57.7080784],[11.965217,57.7079289],[11.9652361,57.7079318],[11.9654903,57.7079697],[11.9653611,57.7082165],[11.9652132,57.7081942],[11.9650373,57.7081676]]]}},{"type":"Feature","properties":{"@id":"way/183627171","building":"apartments"},"geometry":{"type":"Polygon","coordinates":[[[11.9646665,57.7081123],[11.9647152,57.7080193],[11.9647518,57.7079493],[11.9648504,57.707964],[11.9648161,57.7080296],[11.9650882,57.7080703],[11.9650373,57.7081676],[11.9646665,57.7081123]]]}},{"type":"Feature","properties":{"@id":"way/183867233","building":"yes"},"geometry":{"type":"Polygon","coordinates":[[[11.9667663,57.7085982],[11.9665167,57.7085609],[11.9664947,57.7085576],[11.9665302,57.7084911],[11.966541,57.7084678],[11.9665821,57.7084734],[11.9667848,57.7085011],[11.9668043,57.7085036],[11.9668137,57.7085104],[11.9668145,57.708511],[11.9668126,57.7085239],[11.9668052,57.7085299],[11.9667663,57.7085982]]]}},{"type":"Feature","properties":{"@id":"way/183867234","building":"yes"},"geometry":{"type":"Polygon","coordinates":[[[11.9651903,57.7087164],[11.9652534,57.7085944],[11.9653313,57.7084438],[11.9654995,57.7084699],[11.9655104,57.7084716],[11.965433,57.7086201],[11.9654231,57.7086391],[11.9654445,57.7086416],[11.9654584,57.708653],[11.965451,57.7086634],[11.9658193,57.7087151],[11.9657626,57.7088216],[11.9652088,57.7087338],[11.9651903,57.7087164]]]}},{"type":"Feature","properties":{"@id":"way/183867236","building":"apartments"},"geometry":{"type":"Polygon","coordinates":[[[11.9653313,57.7084438],[11.9654037,57.7083065],[11.9654436,57.7082956],[11.9656082,57.7083234],[11.9657613,57.7083492],[11.9657149,57.7084364],[11.9656217,57.708422],[11.9656087,57.7084265],[11.9655911,57.7084265],[11.965579,57.708422],[11.9655734,57.7084146],[11.9655447,57.7084086],[11.9655289,57.7084121],[11.9654995,57.7084699],[11.9653313,57.7084438]]]}},{"type":"Feature","properties":{"@id":"way/183867237","building":"yes","name":"Oterdahlska huset"},"geometry":{"type":"Polygon","coordinates":[[[11.9657626,57.7088216],[11.9658193,57.7087151],[11.96588,57.7086011],[11.966012,57.7086212],[11.9662462,57.7086568],[11.9662204,57.7087053],[11.966172,57.708698],[11.9659361,57.7086621],[11.9658983,57.708733],[11.9664279,57.7088135],[11.9664438,57.7087837],[11.9664656,57.7087426],[11.9666379,57.7087688],[11.9665906,57.7088576],[11.9665463,57.7089407],[11.9662261,57.7088921],[11.9657626,57.7088216]]]}},{"type":"Feature","properties":{"@id":"way/183867238","building":"yes"},"geometry":{"type":"Polygon","coordinates":[[[11.9650321,57.7090101],[11.9651267,57.7088291],[11.9651565,57.7088201],[11.9657567,57.7089136],[11.9656933,57.7090338],[11.9656141,57.7091851],[11.9658536,57.7092209],[11.9658499,57.7092292],[11.9657897,57.7093433],[11.9657491,57.7093599],[11.9652912,57.7092896],[11.9653656,57.709148],[11.9654682,57.7091633],[11.9655483,57.7090102],[11.9653565,57.7089816],[11.9653191,57.709053],[11.9650321,57.7090101]]]}},{"type":"Feature","properties":{"@id":"way/183867239","building":"yes"},"geometry":{"type":"Polygon","coordinates":[[[11.9657897,57.7093433],[11.9658499,57.7092292],[11.9661236,57.7092704],[11.9660633,57.7093846],[11.9657897,57.7093433]]]}},{"type":"Feature","properties":{"@id":"way/183867240","building":"yes"},"geometry":{"type":"Polygon","coordinates":[[[11.9662155,57.7091125],[11.9656933,57.7090338],[11.9657567,57.7089136],[11.9662789,57.7089923],[11.9662155,57.7091125]]]}},{"type":"Feature","properties":{"@id":"way/183867241","building":"yes"},"geometry":{"type":"Polygon","coordinates":[[[11.9664438,57.7087837],[11.9661502,57.708739],[11.966172,57.708698],[11.9662204,57.7087053],[11.9664656,57.7087426],[11.9664438,57.7087837]]]}},{"type":"Feature","properties":{"@id":"way/183867243","building":"office","building:levels":"6","roof:levels":"0"},"geometry":{"type":"Polygon","coordinates":[[[11.966437,57.7091867],[11.9662254,57.7091548],[11.9662454,57.709117],[11.9662155,57.7091125],[11.9662789,57.7089923],[11.9665204,57.7090287],[11.9664891,57.7090881],[11.966437,57.7091867]]]}},{"type":"Feature","properties":{"@id":"way/183867247","building":"yes"},"geometry":{"type":"Polygon","coordinates":[[[11.9666379,57.7087688],[11.9664656,57.7087426],[11.9665515,57.7085991],[11.9665167,57.7085609],[11.9667663,57.7085982],[11.9666688,57.7087739],[11.9666379,57.7087688]]]}},{"type":"Feature","properties":{"@id":"way/183867248","building":"office","building:levels":"6","roof:levels":"0"},"geometry":{"type":"Polygon","coordinates":[[[11.9660633,57.7093846],[11.9661236,57.7092704],[11.9661876,57.7091491],[11.9662254,57.7091548],[11.966437,57.7091867],[11.9663127,57.7094221],[11.9660633,57.7093846]]]}},{"type":"Feature","properties":{"@id":"way/183867249","building":"yes"},"geometry":{"type":"Polygon","coordinates":[[[11.9662449,57.708609],[11.9663244,57.7084598],[11.9665302,57.7084911],[11.9664947,57.7085576],[11.9663575,57.7085368],[11.9663134,57.7086194],[11.9662697,57.7086128],[11.9662449,57.708609]]]}},{"type":"Feature","properties":{"@id":"way/183867250","building":"yes"},"geometry":{"type":"Polygon","coordinates":[[[11.9657149,57.7084364],[11.9657613,57.7083492],[11.9659476,57.7083776],[11.9661273,57.7084049],[11.9660691,57.7085141],[11.9659357,57.7084938],[11.9659409,57.7084839],[11.9658082,57.7084637],[11.9658146,57.7084516],[11.9657149,57.7084364]]]}},{"type":"Feature","properties":{"@id":"way/183867251","building":"yes"},"geometry":{"type":"Polygon","coordinates":[[[11.9662697,57.7086128],[11.9662462,57.7086568],[11.966012,57.7086212],[11.9660691,57.7085141],[11.9661273,57.7084049],[11.966541,57.7084678],[11.9665302,57.7084911],[11.9663244,57.7084598],[11.9662449,57.708609],[11.9662697,57.7086128]]]}},{"type":"Feature","properties":{"@id":"way/183867253","building":"yes"},"geometry":{"type":"Polygon","coordinates":[[[11.9662462,57.7086568],[11.9662697,57.7086128],[11.9663134,57.7086194],[11.9663575,57.7085368],[11.9664947,57.7085576],[11.9665167,57.7085609],[11.9665515,57.7085991],[11.9664656,57.7087426],[11.9662204,57.7087053],[11.9662462,57.7086568]]]}},{"type":"Feature","properties":{"@id":"way/183876626","building":"yes","building:levels":"5","roof:levels":"0"},"geometry":{"type":"Polygon","coordinates":[[[11.9667024,57.7082445],[11.9667278,57.7081961],[11.9667847,57.7082046],[11.9668055,57.708165],[11.9667554,57.7081575],[11.9667991,57.7080741],[11.9667375,57.7080649],[11.9667899,57.7079693],[11.9668047,57.7079717],[11.9670863,57.7080164],[11.967068,57.7080551],[11.9670347,57.7081202],[11.9670116,57.7081697],[11.9669572,57.7082827],[11.9669299,57.7082786],[11.9667024,57.7082445]]]}},{"type":"Feature","properties":{"@id":"way/183876627","building":"apartments"},"geometry":{"type":"Polygon","coordinates":[[[11.9659463,57.7079649],[11.9660076,57.707848],[11.966338,57.7079001],[11.9666295,57.7079453],[11.9665975,57.7080021],[11.9665579,57.7079962],[11.9665258,57.7080575],[11.9663917,57.7080374],[11.9663384,57.708139],[11.9661223,57.7081066],[11.9661784,57.7079996],[11.9659463,57.7079649]]]}},{"type":"Feature","properties":{"@id":"way/183876628","building":"apartments"},"geometry":{"type":"Polygon","coordinates":[[[11.9656021,57.7080288],[11.9657195,57.7078049],[11.9658719,57.7078277],[11.9660076,57.707848],[11.9659463,57.7079649],[11.965865,57.7079527],[11.965841,57.707997],[11.9658532,57.7080044],[11.9658456,57.7080216],[11.9658255,57.7080265],[11.9658089,57.7080597],[11.9656021,57.7080288]]]}},{"type":"Feature","properties":{"@id":"way/183876630","building":"yes"},"geometry":{"type":"Polygon","coordinates":[[[11.9666295,57.7079453],[11.9667899,57.7079693],[11.9667375,57.7080649],[11.9666409,57.7080506],[11.966595,57.7081381],[11.9667465,57.7081606],[11.9667278,57.7081961],[11.9667024,57.7082445],[11.9665421,57.7082205],[11.9665669,57.7081732],[11.9664725,57.7081591],[11.9665258,57.7080575],[11.9665579,57.7079962],[11.9665975,57.7080021],[11.9666295,57.7079453]]]}},{"type":"Feature","properties":{"@id":"way/183876632","building":"yes"},"geometry":{"type":"Polygon","coordinates":[[[11.9658089,57.7080597],[11.9660577,57.708097],[11.9660336,57.7081429],[11.9659584,57.7081317],[11.9657848,57.7081057],[11.9658089,57.7080597]]]}},{"type":"Feature","properties":{"@id":"way/183876635","building":"apartments"},"geometry":{"type":"Polygon","coordinates":[[[11.9656021,57.7080288],[11.9658089,57.7080597],[11.9657848,57.7081057],[11.9657495,57.7081729],[11.9659231,57.7081989],[11.9659584,57.7081317],[11.9660336,57.7081429],[11.9659436,57.7083144],[11.9656578,57.7082686],[11.9654919,57.708242],[11.9656021,57.7080288]]]}},{"type":"Feature","properties":{"@id":"way/183924436","building":"yes"},"geometry":{"type":"Polygon","coordinates":[[[11.9661921,57.7078127],[11.9662349,57.7077344],[11.9661392,57.7077195],[11.9661766,57.7076513],[11.9662014,57.7076059],[11.9662869,57.7076192],[11.9663625,57.7074811],[11.966455,57.7074955],[11.9663252,57.7077327],[11.9665339,57.7077653],[11.9666632,57.707529],[11.966791,57.707549],[11.9666592,57.707791],[11.9666702,57.7077927],[11.9666229,57.7078797],[11.9661921,57.7078127]]]}},{"type":"Feature","properties":{"@id":"way/183924437","building":"yes","height":"14.5","name":"Wenngrenska Huset"},"geometry":{"type":"Polygon","coordinates":[[[11.9662126,57.707567],[11.9662576,57.7074847],[11.9662805,57.7074429],[11.9660245,57.7074029],[11.9660012,57.7074454],[11.9659036,57.7076237],[11.9658663,57.7076179],[11.9658366,57.7076722],[11.965748,57.7076584],[11.9659436,57.7073009],[11.9661682,57.707336],[11.9664203,57.7073754],[11.9663625,57.7074811],[11.9662869,57.7076192],[11.9662014,57.7076059],[11.966167,57.7075993],[11.9661537,57.707585],[11.9661617,57.7075709],[11.9661891,57.7075641],[11.9662126,57.707567]]]}},{"type":"Feature","properties":{"@id":"way/183924438","building":"yes"},"geometry":{"type":"Polygon","coordinates":[[[11.9661392,57.7077195],[11.9661211,57.7077528],[11.965867,57.7077131],[11.9658852,57.7076798],[11.9661392,57.7077195]]]}},{"type":"Feature","properties":{"@id":"way/183924439","building":"yes"},"geometry":{"type":"Polygon","coordinates":[[[11.9660012,57.7074454],[11.9660245,57.7074029],[11.9662805,57.7074429],[11.9662576,57.7074847],[11.9660012,57.7074454]]]}},{"type":"Feature","properties":{"@id":"way/183924440","building":"yes"},"geometry":{"type":"Polygon","coordinates":[[[11.9659725,57.7076194],[11.9660015,57.7075664],[11.9661384,57.7075878],[11.9661094,57.7076408],[11.9659725,57.7076194]]]}},{"type":"Feature","properties":{"@id":"way/183924441","building":"government","height":"15","name":"Göteborgs stadshus"},"geometry":{"type":"Polygon","coordinates":[[[11.966791,57.707549],[11.9666632,57.707529],[11.966455,57.7074955],[11.9663625,57.7074811],[11.9664203,57.7073754],[11.9664811,57.707385],[11.9666281,57.7074083],[11.9666484,57.7074115],[11.9668486,57.7074432],[11.966791,57.707549]]]}},{"type":"Feature","properties":{"@id":"way/183924442","building":"yes"},"geometry":{"type":"Polygon","coordinates":[[[11.9661094,57.7076408],[11.9661766,57.7076513],[11.9661392,57.7077195],[11.9658852,57.7076798],[11.9658961,57.70766],[11.9659262,57.7076647],[11.9659508,57.7076591],[11.9659597,57.7076429],[11.9659725,57.7076194],[11.9661094,57.7076408]]]}},{"type":"Feature","properties":{"@id":"way/183924443","building":"yes"},"geometry":{"type":"Polygon","coordinates":[[[11.9657052,57.7077367],[11.965748,57.7076584],[11.9658366,57.7076722],[11.9658852,57.7076798],[11.965867,57.7077131],[11.9661211,57.7077528],[11.9661392,57.7077195],[11.9662349,57.7077344],[11.9661921,57.7078127],[11.965943,57.7077738],[11.9657052,57.7077367]]]}},{"type":"Feature","properties":{"@id":"way/183924444","building":"yes"},"geometry":{"type":"Polygon","coordinates":[[[11.9659036,57.7076237],[11.9659439,57.70763],[11.9659597,57.7076429],[11.9659508,57.7076591],[11.9659262,57.7076647],[11.9658961,57.70766],[11.9658852,57.7076798],[11.9658366,57.7076722],[11.9658663,57.7076179],[11.9659036,57.7076237]]]}},{"type":"Feature","properties":{"@id":"way/183931583","building":"apartments","building:levels":"3","roof:levels":"1"},"geometry":{"type":"Polygon","coordinates":[[[11.964523,57.6988436],[11.9647252,57.6988727],[11.964768,57.6987946],[11.9647367,57.6987898],[11.9645623,57.698763],[11.9646185,57.6986574],[11.9648088,57.6986859],[11.9649834,57.698712],[11.9650149,57.6987454],[11.9649664,57.6988319],[11.9648973,57.6989551],[11.9646713,57.6989223],[11.9644926,57.6988954],[11.964523,57.6988436]]]}},{"type":"Feature","properties":{"@id":"way/183931584","building":"apartments","building:levels":"4","roof:levels":"1"},"geometry":{"type":"Polygon","coordinates":[[[11.9667568,57.6986584],[11.9665225,57.6986234],[11.966592,57.6984941],[11.9664969,57.6984787],[11.9664761,57.6984864],[11.9664499,57.6984825],[11.9664413,57.6984702],[11.9665125,57.6983404],[11.9668598,57.6983959],[11.9668721,57.698409],[11.9668874,57.6984253],[11.9668225,57.6985412],[11.9667568,57.6986584]]]}},{"type":"Feature","properties":{"@id":"way/183931586","building":"apartments","building:levels":"4","roof:levels":"1"},"geometry":{"type":"Polygon","coordinates":[[[11.9653958,57.6987205],[11.9660099,57.6988204],[11.9659746,57.6988838],[11.9658385,57.6988618],[11.9655805,57.6988189],[11.9655912,57.698832],[11.9655865,57.6988465],[11.9655657,57.6988535],[11.9655425,57.698851],[11.9655324,57.6988662],[11.9655228,57.6988807],[11.9653263,57.6988492],[11.9653344,57.6988342],[11.9653958,57.6987205]]]}},{"type":"Feature","properties":{"@id":"way/183931590","building":"apartments","building:levels":"4","roof:levels":"1"},"geometry":{"type":"Polygon","coordinates":[[[11.964642,57.6985525],[11.9646998,57.6984551],[11.9647528,57.6984626],[11.9647743,57.6984557],[11.9648037,57.6984611],[11.9648101,57.6984732],[11.9649165,57.6984914],[11.964956,57.6984981],[11.964996,57.6984184],[11.9647614,57.6983824],[11.9647962,57.6983201],[11.9650207,57.698356],[11.9652191,57.6983883],[11.9651609,57.6984936],[11.965101,57.6986018],[11.9650451,57.6986176],[11.9648599,57.6985877],[11.964642,57.6985525]]]}},{"type":"Feature","properties":{"@id":"way/183931591","building":"apartments","building:levels":"4","roof:levels":"0"},"geometry":{"type":"Polygon","coordinates":[[[11.9656569,57.6986216],[11.9654671,57.6985885],[11.9654749,57.6985741],[11.9655367,57.6984596],[11.9657571,57.6984942],[11.96591,57.6985183],[11.9661206,57.6985521],[11.9660902,57.6986089],[11.9660155,57.6985968],[11.9656898,57.6985443],[11.9656825,57.6985587],[11.9657062,57.6985651],[11.9657169,57.6985746],[11.9657098,57.6985905],[11.9656914,57.6985962],[11.9656688,57.6985955],[11.9656638,57.6986064],[11.9656569,57.6986216]]]}},{"type":"Feature","properties":{"@id":"way/183931593","building":"apartments","building:levels":"4","roof:levels":"1","roof:shape":"gabled"},"geometry":{"type":"Polygon","coordinates":[[[11.9662963,57.6991456],[11.966468,57.6991738],[11.9664548,57.6991974],[11.966339,57.6994039],[11.9662792,57.6994211],[11.9661897,57.6994071],[11.9659399,57.6993681],[11.9660816,57.6991113],[11.9661898,57.6991278],[11.9661762,57.6991541],[11.9661529,57.6991519],[11.9660828,57.6992809],[11.9662089,57.6993024],[11.9662654,57.6991991],[11.966251,57.6991965],[11.9662705,57.6991621],[11.9662854,57.6991646],[11.9662963,57.6991456]]]}},{"type":"Feature","properties":{"@id":"way/183931595","building":"apartments","building:levels":"4","roof:levels":"1"},"geometry":{"type":"Polygon","coordinates":[[[11.9655607,57.6990319],[11.9656402,57.6990453],[11.9654926,57.6992984],[11.9653816,57.6992811],[11.9651669,57.6992476],[11.9651299,57.6992129],[11.9651933,57.6990954],[11.9652558,57.6989797],[11.9654327,57.6990096],[11.9654221,57.699032],[11.9654353,57.6990341],[11.9654383,57.6990391],[11.9654194,57.6990658],[11.965401,57.699063],[11.965345,57.6991583],[11.9653544,57.6991606],[11.9653613,57.6991652],[11.9653622,57.6991704],[11.9654709,57.6991884],[11.9655607,57.6990319]]]}},{"type":"Feature","properties":{"@id":"way/183931597","building":"apartments"},"geometry":{"type":"Polygon","coordinates":[[[11.9666833,57.6987896],[11.9665028,57.698761],[11.9665151,57.6987374],[11.9664915,57.6987295],[11.9664834,57.6987143],[11.9664947,57.6987009],[11.966514,57.6986945],[11.9665421,57.6986955],[11.9665457,57.698685],[11.9664,57.6986623],[11.9663911,57.6986792],[11.9662662,57.6986581],[11.9662777,57.6986392],[11.9660902,57.6986089],[11.9661206,57.6985521],[11.9663767,57.6986001],[11.9665225,57.6986234],[11.9667568,57.6986584],[11.9666953,57.6987683],[11.9666833,57.6987896]]]}},{"type":"Feature","properties":{"@id":"way/183931598","building":"apartments"},"geometry":{"type":"Polygon","coordinates":[[[11.9657093,57.6993322],[11.9657696,57.6992286],[11.9658139,57.699235],[11.9658287,57.6992272],[11.965848,57.6992259],[11.9658688,57.6992297],[11.9658803,57.6992383],[11.9658822,57.6992463],[11.9659134,57.6992525],[11.965946,57.6991945],[11.9659314,57.6991916],[11.9659246,57.6991811],[11.9659302,57.6991703],[11.9659465,57.6991632],[11.9659657,57.6991635],[11.9659758,57.6991447],[11.9658231,57.699121],[11.9658467,57.6990755],[11.9660816,57.6991113],[11.9659399,57.6993681],[11.9657093,57.6993322]]]}},{"type":"Feature","properties":{"@id":"way/183931600","building":"yes"},"geometry":{"type":"Polygon","coordinates":[[[11.9659746,57.6988838],[11.9659399,57.6989475],[11.9658017,57.6989246],[11.9658385,57.6988618],[11.9659746,57.6988838]]]}},{"type":"Feature","properties":{"@id":"way/183931602","building":"apartments","building:levels":"5","roof:levels":"1"},"geometry":{"type":"Polygon","coordinates":[[[11.9657571,57.6984942],[11.9655367,57.6984596],[11.9655984,57.6983453],[11.9656607,57.6982299],[11.9657195,57.6982137],[11.9657663,57.6982212],[11.9658254,57.6982306],[11.9660576,57.6982677],[11.9659904,57.698383],[11.9658331,57.6983551],[11.9657571,57.6984942]]]}},{"type":"Feature","properties":{"@id":"way/183932727","building":"apartments"},"geometry":{"type":"Polygon","coordinates":[[[11.967769,57.699404],[11.9675218,57.699367],[11.9674001,57.6993476],[11.9672277,57.6993215],[11.9672699,57.6992486],[11.9673207,57.6991666],[11.9674093,57.6991827],[11.9674018,57.6991966],[11.9673609,57.6992718],[11.967403,57.6992786],[11.9674113,57.6992605],[11.9675788,57.6992875],[11.9675868,57.6992724],[11.9675666,57.6992586],[11.9675745,57.6992433],[11.9675826,57.6992278],[11.9676094,57.6992319],[11.9676117,57.6992265],[11.9676177,57.6992119],[11.9678395,57.6992501],[11.9678313,57.6992681],[11.967769,57.699404]]]}},{"type":"Feature","properties":{"@id":"way/183932728","building":"apartments"},"geometry":{"type":"Polygon","coordinates":[[[11.967916,57.6991228],[11.9673944,57.6990425],[11.9674588,57.6989292],[11.9675358,57.6989417],[11.9675103,57.6989896],[11.9675649,57.6989982],[11.9675707,57.6989863],[11.967618,57.698994],[11.9676113,57.699005],[11.9676327,57.6990083],[11.9676466,57.6989822],[11.9677079,57.6989784],[11.9677304,57.6989823],[11.9677533,57.6989558],[11.9679822,57.6989915],[11.9679559,57.6990412],[11.967971,57.6990506],[11.9679609,57.6990692],[11.9679412,57.699073],[11.967916,57.6991228]]]}},{"type":"Feature","properties":{"@id":"way/183932729","building":"yes"},"geometry":{"type":"Polygon","coordinates":[[[11.9674444,57.6987672],[11.9674744,57.6987162],[11.9676615,57.6987478],[11.9676314,57.6987987],[11.9674444,57.6987672]]]}},{"type":"Feature","properties":{"@id":"way/183932730","building":"yes"},"geometry":{"type":"Polygon","coordinates":[[[11.9670948,57.6993003],[11.9672277,57.6993215],[11.9674001,57.6993476],[11.9673685,57.6993962],[11.9670627,57.6993452],[11.9670948,57.6993003]]]}},{"type":"Feature","properties":{"@id":"way/183932731","building":"yes"},"geometry":{"type":"Polygon","coordinates":[[[11.9673188,57.6994638],[11.9672446,57.6996067],[11.9671004,57.6995824],[11.9669477,57.6995578],[11.9670425,57.6994073],[11.9671829,57.6994314],[11.9673235,57.6994556],[11.9673188,57.6994638]]]}},{"type":"Feature","properties":{"@id":"way/183932732","building":"yes"},"geometry":{"type":"Polygon","coordinates":[[[11.96735,57.6988912],[11.9672038,57.6988677],[11.9672325,57.6988167],[11.9677819,57.6989048],[11.9677533,57.6989558],[11.9674694,57.6989106],[11.96735,57.6988912]]]}},{"type":"Feature","properties":{"@id":"way/183932733","building":"apartments"},"geometry":{"type":"Polygon","coordinates":[[[11.9670425,57.6994073],[11.9669477,57.6995578],[11.9668539,57.6995435],[11.96665,57.699514],[11.9666118,57.6994744],[11.9666903,57.6993414],[11.9667425,57.6992446],[11.9669495,57.6992768],[11.9668939,57.6993758],[11.9669045,57.6993855],[11.9670425,57.6994073]]]}},{"type":"Feature","properties":{"@id":"way/183932734","building":"apartments","building:levels":"4","roof:levels":"0","roof:shape":"quadruple_saltbox"},"geometry":{"type":"Polygon","coordinates":[[[11.967769,57.699404],[11.9676393,57.6996429],[11.967608,57.6996528],[11.9675708,57.699657],[11.9672446,57.6996067],[11.9673188,57.6994638],[11.9673449,57.699467],[11.9673544,57.6994727],[11.9674506,57.6994879],[11.9675218,57.699367],[11.967769,57.699404]]]}},{"type":"Feature","properties":{"@id":"way/183932735","building":"apartments"},"geometry":{"type":"Polygon","coordinates":[[[11.9670778,57.6991317],[11.9668138,57.6990896],[11.9669415,57.6988696],[11.9669666,57.6988264],[11.9672038,57.6988677],[11.96721,57.6988988],[11.9672018,57.698913],[11.9671804,57.6989498],[11.9672154,57.6989552],[11.9671561,57.6990595],[11.9671221,57.6990531],[11.9670778,57.6991317]]]}},{"type":"Feature","properties":{"@id":"way/183936397","building":"apartments"},"geometry":{"type":"Polygon","coordinates":[[[11.9685211,57.6989339],[11.968293,57.6988974],[11.9683563,57.6987744],[11.9684261,57.6986597],[11.9684433,57.6986548],[11.9684602,57.6986499],[11.9687847,57.698701],[11.9687298,57.6988035],[11.9686544,57.6987919],[11.9686143,57.6988575],[11.9686001,57.6988667],[11.9685793,57.6988692],[11.9685589,57.6988678],[11.9685211,57.6989339]]]}},{"type":"Feature","properties":{"@id":"way/183936398","building":"yes"},"geometry":{"type":"Polygon","coordinates":[[[11.9685214,57.6996686],[11.9684544,57.6997878],[11.9682799,57.6997633],[11.9682067,57.699753],[11.9682637,57.6996403],[11.9683277,57.6996455],[11.9683383,57.6996238],[11.9683564,57.699613],[11.9683669,57.6996157],[11.9683652,57.6996213],[11.9683794,57.6996244],[11.9683912,57.6996269],[11.9684142,57.6996145],[11.9684403,57.6996196],[11.9684464,57.6996294],[11.9685337,57.6996455],[11.9685214,57.6996686]]]}},{"type":"Feature","properties":{"@id":"way/183936399","building":"apartments","building:levels":"4","roof:levels":"1"},"geometry":{"type":"Polygon","coordinates":[[[11.9686329,57.6992365],[11.9681458,57.6991601],[11.9682121,57.6990416],[11.9682189,57.6990295],[11.9684197,57.6990608],[11.9684124,57.6990736],[11.9684047,57.6990872],[11.9684208,57.6990923],[11.9684301,57.6991013],[11.9684217,57.6991171],[11.9684099,57.6991232],[11.968395,57.6991241],[11.9683877,57.6991359],[11.968582,57.6991672],[11.9686206,57.6990946],[11.9687024,57.699108],[11.9686329,57.6992365]]]}},{"type":"Feature","properties":{"@id":"way/183936401","building":"apartments","building:levels":"5","roof:levels":"1"},"geometry":{"type":"Polygon","coordinates":[[[11.9687298,57.6988035],[11.9687847,57.698701],[11.9690238,57.6987387],[11.9689648,57.698843],[11.9689256,57.6988364],[11.9688817,57.6989147],[11.9688578,57.6989237],[11.9688351,57.6989199],[11.9688309,57.6989258],[11.9688184,57.6989304],[11.9687975,57.6989318],[11.9687763,57.6989255],[11.9687683,57.6989167],[11.9687708,57.6989093],[11.9687497,57.6989062],[11.9687372,57.6988908],[11.9687804,57.6988119],[11.9687298,57.6988035]]]}},{"type":"Feature","properties":{"@id":"way/183936402","building":"apartments","building:levels":"6","roof:levels":"1"},"geometry":{"type":"Polygon","coordinates":[[[11.9686747,57.6995274],[11.9689623,57.6995748],[11.9688886,57.6997079],[11.9688344,57.6998219],[11.9688068,57.6998285],[11.9687759,57.6998358],[11.9686164,57.6998122],[11.9684544,57.6997878],[11.9685214,57.6996686],[11.968674,57.6996926],[11.9686836,57.6996762],[11.9686706,57.6996658],[11.9686724,57.6996543],[11.968686,57.699647],[11.9687207,57.6995885],[11.968699,57.6995846],[11.9686871,57.699593],[11.9686668,57.6995937],[11.9686495,57.6995863],[11.9686497,57.6995743],[11.9686747,57.6995274]]]}},{"type":"Feature","properties":{"@id":"way/183936404","building":"apartments","building:levels":"6","roof:levels":"1"},"geometry":{"type":"Polygon","coordinates":[[[11.9687024,57.699108],[11.9688219,57.6991285],[11.9688135,57.6991438],[11.9687977,57.6991487],[11.9687774,57.6991464],[11.9687565,57.6991859],[11.9687437,57.699184],[11.9687358,57.699196],[11.9687517,57.6992068],[11.9687649,57.6992024],[11.9689253,57.6992274],[11.9689383,57.6992045],[11.9689247,57.6992025],[11.9689173,57.6991948],[11.9689206,57.6991844],[11.9689352,57.6991774],[11.9689433,57.6991643],[11.9689542,57.6991466],[11.969178,57.6991854],[11.9691685,57.6992025],[11.9691078,57.6993121],[11.9686329,57.6992365],[11.9687024,57.699108]]]}},{"type":"Feature","properties":{"@id":"way/183936408","building":"apartments","building:levels":"6","roof:levels":"1"},"geometry":{"type":"Polygon","coordinates":[[[11.9686139,57.6995175],[11.9684882,57.6994982],[11.9685595,57.6993671],[11.9686867,57.6993858],[11.96869,57.6993939],[11.9686786,57.6994083],[11.9686623,57.6994107],[11.9686426,57.6994085],[11.9686291,57.6994417],[11.9686149,57.6994498],[11.9686044,57.6994475],[11.9685939,57.6994603],[11.9686098,57.6994679],[11.9686249,57.699461],[11.968789,57.6994885],[11.9687959,57.6994767],[11.968803,57.6994647],[11.9687746,57.6994618],[11.9687793,57.6994485],[11.9687557,57.6994389],[11.9687741,57.6994278],[11.9688168,57.6994323],[11.9688306,57.6994097],[11.9690347,57.699444],[11.9690072,57.6994938],[11.9689623,57.6995748],[11.9686747,57.6995274],[11.9686139,57.6995175]]]}},{"type":"Feature","properties":{"@id":"way/183936409","building":"apartments","building:levels":"6","roof:levels":"1"},"geometry":{"type":"Polygon","coordinates":[[[11.9689648,57.698843],[11.9690238,57.6987387],[11.969199,57.6987662],[11.9692052,57.6987672],[11.9693435,57.698789],[11.969362,57.6988065],[11.9693788,57.6988224],[11.9693489,57.6988767],[11.969316,57.6989359],[11.9692495,57.699056],[11.9690122,57.699015],[11.9690357,57.6989712],[11.9690017,57.6989652],[11.9689932,57.6989559],[11.9689943,57.698945],[11.969009,57.6989348],[11.9690254,57.6989317],[11.9690592,57.6989379],[11.9690654,57.698926],[11.9690561,57.6989244],[11.9690635,57.6989117],[11.9690735,57.698914],[11.9690886,57.6988889],[11.9691029,57.6988877],[11.9691131,57.6988684],[11.9690718,57.6988618],[11.9690627,57.6988734],[11.9690457,57.6988808],[11.9690198,57.6988799],[11.9689986,57.6988717],[11.9689947,57.6988618],[11.9690001,57.6988499],[11.9689648,57.698843]]]}},{"type":"Feature","properties":{"@id":"way/183936410","building":"apartments","building:levels":"4","roof:levels":"1"},"geometry":{"type":"Polygon","coordinates":[[[11.9682637,57.6996403],[11.9682067,57.699753],[11.9681552,57.6997434],[11.9679075,57.6997016],[11.9678838,57.6996967],[11.9678662,57.6996864],[11.9678659,57.6996661],[11.9678923,57.6996223],[11.9679999,57.6994204],[11.9682785,57.6994653],[11.9682594,57.6995025],[11.9682696,57.6995056],[11.9682765,57.6995116],[11.9682771,57.6995198],[11.9682709,57.6995273],[11.9682619,57.6995318],[11.9682468,57.6995346],[11.9682313,57.6995337],[11.968186,57.6995252],[11.9681552,57.6995726],[11.968167,57.6995811],[11.9681683,57.6995883],[11.9681635,57.699598],[11.9681502,57.6996045],[11.9681365,57.699606],[11.9681306,57.699619],[11.9681675,57.6996244],[11.9681772,57.6996107],[11.9681946,57.6996059],[11.9682206,57.6996089],[11.9682316,57.6996194],[11.9682299,57.6996324],[11.9682637,57.6996403]]]}},{"type":"Feature","properties":{"@id":"way/183936411","building":"yes"},"geometry":{"type":"Polygon","coordinates":[[[11.9662088,57.6987126],[11.9661847,57.6987544],[11.9660533,57.6987328],[11.9660774,57.6986911],[11.9662088,57.6987126]]]}},{"type":"Feature","properties":{"@id":"way/183936415","building":"yes"},"geometry":{"type":"Polygon","coordinates":[[[11.968367,57.6994796],[11.9684882,57.6994982],[11.9686139,57.6995175],[11.968583,57.6995696],[11.9683392,57.6995327],[11.968367,57.6994796]]]}},{"type":"Feature","properties":{"@id":"way/184770746","building":"yes"},"geometry":{"type":"Polygon","coordinates":[[[11.9682946,57.7100417],[11.9683445,57.7099361],[11.9683512,57.7099031],[11.9687824,57.7099664],[11.9687214,57.7100994],[11.9682946,57.7100417]]]}},{"type":"Feature","properties":{"@id":"way/195003966","building":"apartments"},"geometry":{"type":"Polygon","coordinates":[[[11.9816636,57.7077205],[11.9816601,57.707861],[11.9816379,57.7078609],[11.9816375,57.7078752],[11.9816351,57.7079691],[11.9815955,57.7079689],[11.9815951,57.7079875],[11.9815945,57.7080091],[11.9814638,57.7080082],[11.9814647,57.7079705],[11.9814204,57.7079701],[11.9814236,57.7078496],[11.9813545,57.7078491],[11.9813541,57.7078643],[11.9812118,57.7078633],[11.9812122,57.7078482],[11.9811114,57.7078475],[11.981111,57.7078612],[11.9809716,57.7078603],[11.9809719,57.7078463],[11.9808781,57.7078457],[11.9808753,57.7079636],[11.9806615,57.7079621],[11.9806639,57.7078607],[11.9806673,57.707713],[11.9808791,57.7077144],[11.9808787,57.7077306],[11.9814562,57.7077346],[11.9814565,57.707719],[11.9816636,57.7077205]]]}},{"type":"Feature","properties":{"@id":"way/195005073","building":"apartments","building:levels":"6"},"geometry":{"type":"Polygon","coordinates":[[[11.9826364,57.707991],[11.9826389,57.7078565],[11.9825416,57.7078556],[11.9825409,57.7078689],[11.9824105,57.7078682],[11.9824106,57.7078549],[11.982301,57.7078548],[11.9823003,57.7078672],[11.9821669,57.707866],[11.9821662,57.7078535],[11.9820858,57.7078534],[11.9820829,57.7079711],[11.9818765,57.7079691],[11.981879,57.7078636],[11.981854,57.7078633],[11.9818545,57.7078405],[11.9818576,57.7077201],[11.9819777,57.707721],[11.9820737,57.7077218],[11.9820736,57.7077402],[11.9821949,57.7077405],[11.9825201,57.7077425],[11.982643,57.7077433],[11.9826443,57.7077251],[11.982757,57.7077255],[11.9828569,57.7077264],[11.9828544,57.7078451],[11.9828514,57.7079772],[11.982807,57.7079774],[11.9828042,57.7080494],[11.982804,57.708064],[11.9828305,57.7080644],[11.9828284,57.708123],[11.9828418,57.7081233],[11.9828413,57.7081412],[11.9828395,57.7081688],[11.982826,57.7081687],[11.9828172,57.708386],[11.9828132,57.7084874],[11.9828124,57.7084962],[11.9828306,57.7084963],[11.982829,57.7085427],[11.9828103,57.7085429],[11.9828078,57.7085986],[11.9824245,57.7085934],[11.9824224,57.708606],[11.9823306,57.708605],[11.9822415,57.708604],[11.9822412,57.7085912],[11.981857,57.7085868],[11.9818613,57.7084769],[11.981865,57.7083831],[11.9818733,57.7081724],[11.9818777,57.708061],[11.9820833,57.7080631],[11.9820812,57.7081174],[11.9821164,57.7081173],[11.9821137,57.7082131],[11.9820399,57.708213],[11.9820375,57.7082657],[11.9820761,57.7082655],[11.9820709,57.7083745],[11.9820358,57.7083741],[11.982035,57.7084004],[11.9820681,57.7084007],[11.9820655,57.7084515],[11.9821009,57.708452],[11.9820999,57.7084741],[11.9822468,57.7084761],[11.9822472,57.7084608],[11.9824316,57.7084622],[11.9824298,57.7084822],[11.9825328,57.7084831],[11.9825322,57.7085035],[11.9825842,57.708504],[11.9825864,57.7084569],[11.9825986,57.7084569],[11.9826019,57.7083554],[11.98251,57.7083543],[11.9825169,57.7081235],[11.9825795,57.7081239],[11.9825798,57.7081219],[11.9826097,57.7081219],[11.9826109,57.7080486],[11.9824014,57.7080481],[11.9824037,57.7079884],[11.9826364,57.707991]]]}},{"type":"Feature","properties":{"@id":"way/203763088","building":"yes"},"geometry":{"type":"Polygon","coordinates":[[[11.9683056,57.7092962],[11.9682899,57.7092677],[11.9683428,57.7092251],[11.9683831,57.7092134],[11.9684108,57.7092174],[11.9683929,57.7092486],[11.9683642,57.7093052],[11.9683056,57.7092962]]]}},{"type":"Feature","properties":{"@id":"way/203763092","building":"apartments","building:levels":"6","roof:levels":"1"},"geometry":{"type":"Polygon","coordinates":[[[11.9848411,57.6969998],[11.9845514,57.6971045],[11.9844234,57.6970019],[11.9847085,57.6968952],[11.9848411,57.6969998]]]}},{"type":"Feature","properties":{"@id":"way/203763094","building":"apartments","building:levels":"8","roof:levels":"1","roof:shape":"quadruple_saltbox"},"geometry":{"type":"Polygon","coordinates":[[[11.9848578,57.6965993],[11.9847366,57.696486],[11.9849132,57.6964234],[11.9850575,57.6963723],[11.9851576,57.6964457],[11.9852269,57.6964965],[11.985296,57.6965472],[11.9850774,57.6966259],[11.985032,57.6965928],[11.9850504,57.6965853],[11.9850129,57.6965512],[11.9848633,57.6966044],[11.9848578,57.6965993]]]}},{"type":"Feature","properties":{"@id":"way/203763095","building":"apartments","building:levels":"5","roof:levels":"1"},"geometry":{"type":"Polygon","coordinates":[[[11.9842497,57.6968211],[11.9841097,57.6967044],[11.984134,57.6966961],[11.9841444,57.6966848],[11.9841789,57.6966745],[11.9842001,57.6966753],[11.9842266,57.6966664],[11.9843427,57.6966246],[11.98448,57.6967311],[11.9844892,57.696739],[11.9842497,57.6968211]]]}},{"type":"Feature","properties":{"@id":"way/203763098","building":"apartments","building:levels":"5","roof:levels":"1"},"geometry":{"type":"Polygon","coordinates":[[[11.9835284,57.6970931],[11.9835234,57.6969784],[11.9835199,57.6968981],[11.9836988,57.6968393],[11.9837874,57.6968102],[11.9839258,57.6969257],[11.9837775,57.6969731],[11.9837824,57.6970919],[11.9835284,57.6970931]]]}},{"type":"Feature","properties":{"@id":"way/203777005","building":"apartments","building:levels":"6"},"geometry":{"type":"Polygon","coordinates":[[[11.9844234,57.6970019],[11.9845514,57.6971045],[11.9842618,57.6972104],[11.9841428,57.697108],[11.9842718,57.6970595],[11.984234,57.6970312],[11.984344,57.6969898],[11.9843811,57.6970182],[11.9844234,57.6970019]]]}},{"type":"Feature","properties":{"@id":"way/203777006","building":"apartments","building:levels":"6"},"geometry":{"type":"Polygon","coordinates":[[[11.9850673,57.6967595],[11.9851947,57.6968589],[11.9848411,57.6969998],[11.9847085,57.6968952],[11.9850673,57.6967595]]]}},{"type":"Feature","properties":{"@id":"way/203777007","building":"apartments","building:levels":"5","roof:levels":"1"},"geometry":{"type":"Polygon","coordinates":[[[11.98448,57.6967311],[11.9843427,57.6966246],[11.9843874,57.6966089],[11.9846367,57.6965212],[11.9847366,57.696486],[11.9848578,57.6965993],[11.98448,57.6967311]]]}},{"type":"Feature","properties":{"@id":"way/203777008","building":"apartments","building:levels":"5","roof:levels":"1"},"geometry":{"type":"Polygon","coordinates":[[[11.9839258,57.6969257],[11.9837874,57.6968102],[11.9839917,57.6967431],[11.9841097,57.6967044],[11.9842497,57.6968211],[11.9839258,57.6969257]]]}},{"type":"Feature","properties":{"@id":"way/203919409","building":"apartments","building:levels":"4","roof:levels":"1"},"geometry":{"type":"Polygon","coordinates":[[[11.9797813,57.7039655],[11.9796021,57.7038928],[11.9797667,57.7037777],[11.9799501,57.7038485],[11.9797813,57.7039655]]]}},{"type":"Feature","properties":{"@id":"way/203919411","building":"roof"},"geometry":{"type":"Polygon","coordinates":[[[11.9788933,57.7045844],[11.9787647,57.7045323],[11.978931,57.7044151],[11.9790596,57.7044672],[11.9788948,57.7045834],[11.9788933,57.7045844]]]}},{"type":"Feature","properties":{"@id":"way/203919413","building":"yes","building:levels":"1"},"geometry":{"type":"Polygon","coordinates":[[[11.9841481,57.7013325],[11.9838545,57.7012163],[11.9838911,57.7011899],[11.9842016,57.7010052],[11.9845028,57.7011276],[11.9841481,57.7013325]]]}},{"type":"Feature","properties":{"@id":"way/203919414","building":"yes","building:levels":"1"},"geometry":{"type":"Polygon","coordinates":[[[11.9850948,57.7007024],[11.9848057,57.700587],[11.9848377,57.7005641],[11.9849026,57.7005199],[11.9852218,57.7006494],[11.9850948,57.7007024]]]}},{"type":"Feature","properties":{"@id":"way/203919415","building":"yes","building:levels":"1"},"geometry":{"type":"Polygon","coordinates":[[[11.984633,57.7010171],[11.9843535,57.7009036],[11.984382,57.7008835],[11.9846603,57.7006943],[11.9849505,57.70081],[11.9849165,57.7008343],[11.984633,57.7010171]]]}},{"type":"Feature","properties":{"@id":"way/209233205","building":"yes"},"geometry":{"type":"Polygon","coordinates":[[[11.9765285,57.6968715],[11.9764808,57.6968946],[11.976433,57.6969191],[11.976364,57.6969566],[11.9763136,57.6969866],[11.9762668,57.6970163],[11.9761151,57.6969541],[11.9763424,57.6967953],[11.9763741,57.6968085],[11.9763971,57.6967925],[11.9765298,57.696847],[11.9765073,57.6968626],[11.9765285,57.6968715]]]}},{"type":"Feature","properties":{"@id":"way/209237630","building":"yes"},"geometry":{"type":"Polygon","coordinates":[[[11.9765018,57.6965575],[11.9765496,57.6965245],[11.9765744,57.6965072],[11.9766606,57.6964474],[11.9768852,57.69654],[11.9769193,57.6965162],[11.9769896,57.6965452],[11.976956,57.6965689],[11.9770846,57.696622],[11.9770394,57.6966534],[11.9770431,57.6966551],[11.9770388,57.6966673],[11.9770402,57.6966774],[11.9770454,57.6966885],[11.9769782,57.6967067],[11.9769111,57.6967262],[11.9768763,57.6967119],[11.976647,57.6966177],[11.9765296,57.6965693],[11.9765018,57.6965575]]]}},{"type":"Feature","properties":{"@id":"way/209237631","building":"yes"},"geometry":{"type":"Polygon","coordinates":[[[11.9763654,57.6967794],[11.9765929,57.6966205],[11.9766246,57.6966334],[11.976647,57.6966177],[11.9768763,57.6967119],[11.9768546,57.6967281],[11.9768761,57.6967369],[11.9767927,57.6967645],[11.9767124,57.6967936],[11.9766336,57.696825],[11.9765574,57.6968584],[11.9765298,57.696847],[11.9763971,57.6967925],[11.9763654,57.6967794]]]}},{"type":"Feature","properties":{"@id":"way/209237632","building":"yes"},"geometry":{"type":"Polygon","coordinates":[[[11.9765204,57.6965129],[11.9765449,57.6964957],[11.9765744,57.6965072],[11.9765496,57.6965245],[11.9765204,57.6965129]]]}},{"type":"Feature","properties":{"@id":"way/238860813","building":"yes","building:levels":"1","name":"Slussvaktarstugan"},"geometry":{"type":"Polygon","coordinates":[[[11.9753359,57.7073516],[11.9752201,57.7073507],[11.975221,57.7073163],[11.9753369,57.7073172],[11.9753359,57.7073516]]]}},{"type":"Feature","properties":{"@id":"way/288787884","building":"apartments"},"geometry":{"type":"Polygon","coordinates":[[[11.9827252,57.6997793],[11.9828223,57.6997129],[11.9829247,57.6997062],[11.9829435,57.6996934],[11.9829425,57.6996733],[11.9828835,57.6996489],[11.9828573,57.6996649],[11.9828083,57.6996695],[11.9827063,57.6996271],[11.9827877,57.6995712],[11.9831501,57.6997218],[11.982931,57.6998723],[11.9827252,57.6997793]]]}},{"type":"Feature","properties":{"@id":"way/288790353","building":"apartments"},"geometry":{"type":"Polygon","coordinates":[[[11.9827092,57.7003918],[11.9829243,57.7002419],[11.9831786,57.700346],[11.9831269,57.7003821],[11.9830513,57.7003512],[11.9830197,57.7003481],[11.9829992,57.7003611],[11.9830122,57.7003784],[11.9829526,57.70042],[11.9831306,57.7004631],[11.9831788,57.7004828],[11.9830819,57.7005504],[11.9827092,57.7003918]]]}},{"type":"Feature","properties":{"@id":"way/309807844","building":"yes"},"geometry":{"type":"Polygon","coordinates":[[[11.980735,57.7011639],[11.9806133,57.7011136],[11.9809832,57.7008582],[11.9811049,57.7009085],[11.980735,57.7011639]]]}},{"type":"Feature","properties":{"@id":"way/309807845","building":"yes"},"geometry":{"type":"Polygon","coordinates":[[[11.9809596,57.700841],[11.9808615,57.7009084],[11.9805084,57.7007617],[11.9806065,57.7006943],[11.9809596,57.700841]]]}},{"type":"Feature","properties":{"@id":"way/362377246","building":"apartments","building:levels":"6"},"geometry":{"type":"Polygon","coordinates":[[[11.9778675,57.6980748],[11.9776404,57.6982349],[11.97742,57.6981384],[11.977646,57.697985],[11.9778675,57.6980748]]]}},{"type":"Feature","properties":{"@id":"way/362377247","building":"apartments","building:levels":"6"},"geometry":{"type":"Polygon","coordinates":[[[11.977646,57.697985],[11.9778847,57.6978229],[11.9780997,57.6979111],[11.9778675,57.6980748],[11.977646,57.697985]]]}},{"type":"Feature","properties":{"@id":"way/362377248","building":"apartments"},"geometry":{"type":"Polygon","coordinates":[[[11.9778668,57.6976879],[11.9780144,57.6975831],[11.9780957,57.6976153],[11.9783668,57.6977228],[11.9782693,57.6977916],[11.9780997,57.6979111],[11.9778847,57.6978229],[11.9780217,57.6977299],[11.9779389,57.6976978],[11.97792,57.6977093],[11.9778668,57.6976879]]]}},{"type":"Feature","properties":{"@id":"way/362377249","building":"apartments","building:levels":"6"},"geometry":{"type":"Polygon","coordinates":[[[11.9776404,57.6982349],[11.9775425,57.698304],[11.9773823,57.6984169],[11.97708,57.6982858],[11.9769758,57.6982406],[11.9769501,57.6980888],[11.9772273,57.69808],[11.9772396,57.6981632],[11.9773318,57.6981983],[11.97742,57.6981384],[11.9776404,57.6982349]]]}},{"type":"Feature","properties":{"@id":"way/362377250","building":"apartments"},"geometry":{"type":"Polygon","coordinates":[[[11.9769193,57.6979063],[11.9768892,57.697728],[11.9771734,57.6977162],[11.9771997,57.6978935],[11.9769193,57.6979063]]]}},{"type":"Feature","properties":{"@id":"way/362377251","building":"apartments"},"geometry":{"type":"Polygon","coordinates":[[[11.9768892,57.697728],[11.9768439,57.6974601],[11.9771335,57.697615],[11.9771674,57.6976755],[11.9771734,57.6977162],[11.9768892,57.697728]]]}},{"type":"Feature","properties":{"@id":"way/362377252","building":"apartments"},"geometry":{"type":"Polygon","coordinates":[[[11.9776403,57.6976432],[11.9773373,57.6976264],[11.9773539,57.6974866],[11.9774745,57.6974928],[11.9776589,57.6975024],[11.9776403,57.6976432]]]}},{"type":"Feature","properties":{"@id":"way/362377253","building":"apartments"},"geometry":{"type":"Polygon","coordinates":[[[11.9768439,57.6974601],[11.9772173,57.6974795],[11.9773539,57.6974866],[11.9773373,57.6976264],[11.9771335,57.697615],[11.9768439,57.6974601]]]}},{"type":"Feature","properties":{"@id":"way/362377254","building":"apartments"},"geometry":{"type":"Polygon","coordinates":[[[11.9778668,57.6976879],[11.9777741,57.6976507],[11.9776403,57.6976432],[11.9776589,57.6975024],[11.9778339,57.6975115],[11.9778939,57.6975353],[11.9780144,57.6975831],[11.9778668,57.6976879]]]}},{"type":"Feature","properties":{"@id":"way/370335718","building":"church","name":"Vasakyrkan"},"geometry":{"type":"Polygon","coordinates":[[[11.9738411,57.6968364],[11.9738224,57.6969227],[11.9738422,57.6969258],[11.9738677,57.6969398],[11.9738795,57.6969528],[11.9738838,57.6969702],[11.9738802,57.6969869],[11.9738689,57.6969995],[11.9738455,57.6970126],[11.9738223,57.6970172],[11.9738009,57.6970174],[11.9737815,57.6971055],[11.9736518,57.6970973],[11.9736611,57.6970624],[11.9734643,57.69705],[11.9732529,57.6970365],[11.9732405,57.6970889],[11.9731828,57.6970855],[11.9731794,57.6971014],[11.9731665,57.6971152],[11.9731502,57.6971245],[11.973128,57.6971283],[11.9731009,57.6971276],[11.9730819,57.697123],[11.9730673,57.6971158],[11.973055,57.6971047],[11.9730509,57.6970938],[11.9730533,57.6970847],[11.9730572,57.6970783],[11.9729696,57.6970729],[11.9729885,57.6969828],[11.9730542,57.6969907],[11.9730612,57.6969632],[11.9730182,57.6969617],[11.9730196,57.6969572],[11.9729867,57.6969336],[11.9729929,57.6969011],[11.9730366,57.6968827],[11.973037,57.69688],[11.9730806,57.6968817],[11.9730892,57.6968458],[11.9731264,57.6968477],[11.9731375,57.6967925],[11.9738411,57.6968364]]]}},{"type":"Feature","properties":{"@id":"way/371167666","building":"yes","building:levels":"2"},"geometry":{"type":"Polygon","coordinates":[[[11.9725916,57.7011289],[11.9726967,57.7010572],[11.9730479,57.7012042],[11.9729428,57.7012759],[11.9725916,57.7011289]]]}},{"type":"Feature","properties":{"@id":"way/441573056","building":"commercial","building:levels":"9","name":"SWECO-huset"},"geometry":{"type":"Polygon","coordinates":[[[11.9844168,57.705879],[11.9844495,57.7058788],[11.984465,57.7058791],[11.9844858,57.705883],[11.9845041,57.7058946],[11.9845073,57.705909],[11.9845071,57.7059623],[11.984506,57.7060328],[11.9845056,57.7060935],[11.9844991,57.7061039],[11.9844863,57.7061116],[11.9844677,57.7061164],[11.9844484,57.7061165],[11.9841881,57.7061041],[11.9841743,57.7061035],[11.9841623,57.7061015],[11.9841519,57.7060981],[11.9841423,57.706092],[11.9841352,57.7060844],[11.9841327,57.7060777],[11.9840829,57.7060781],[11.9840824,57.7061026],[11.9840786,57.7061104],[11.9840703,57.7061171],[11.9840563,57.7061233],[11.9840388,57.7061253],[11.9837156,57.7061253],[11.9836516,57.7061231],[11.9836381,57.7061188],[11.9836253,57.7061098],[11.9836205,57.7061032],[11.9836206,57.7060905],[11.9836223,57.7058981],[11.9836276,57.7058907],[11.9836394,57.7058835],[11.9836571,57.7058773],[11.9836909,57.705877],[11.9838491,57.7058771],[11.9838492,57.7057939],[11.9837555,57.7057939],[11.9837396,57.705791],[11.9837284,57.7057864],[11.9837211,57.7057816],[11.9837153,57.7057763],[11.9837126,57.7057694],[11.983715,57.7057204],[11.983716,57.7055214],[11.9837207,57.7055117],[11.9837292,57.7055056],[11.9837422,57.7055003],[11.9837574,57.7054976],[11.9838954,57.7054978],[11.9840418,57.7054979],[11.984058,57.7055003],[11.9840694,57.7055033],[11.984079,57.705509],[11.9840862,57.7055175],[11.9840878,57.7055222],[11.9840893,57.7055462],[11.9841381,57.705546],[11.9841387,57.7055396],[11.9841479,57.705531],[11.9841623,57.7055234],[11.9841802,57.7055193],[11.9842275,57.7055171],[11.9843541,57.7055092],[11.9844391,57.7055032],[11.9844653,57.7055021],[11.9844866,57.7055056],[11.9845018,57.7055124],[11.9845109,57.705524],[11.9845108,57.7055688],[11.98451,57.7057111],[11.9845093,57.7057238],[11.9845045,57.7057324],[11.9844947,57.7057392],[11.9844842,57.7057437],[11.9844699,57.7057468],[11.9844542,57.7057471],[11.9844184,57.705747],[11.9844181,57.7058176],[11.9844168,57.705879]]]}},{"type":"Feature","properties":{"@id":"way/490573738","building":"transportation","building:levels":"1"},"geometry":{"type":"Polygon","coordinates":[[[11.9764368,57.7086153],[11.9761566,57.7085682],[11.9761485,57.7085649],[11.9761432,57.7085603],[11.9761429,57.7085597],[11.9761416,57.7085568],[11.9761418,57.7085528],[11.9761445,57.708549],[11.9761514,57.7085447],[11.9764095,57.7084665],[11.9764456,57.7085243],[11.9763782,57.7085439],[11.9764515,57.7085565],[11.9764368,57.7086153]]]}},{"type":"Feature","properties":{"@id":"way/490573739","building":"transportation","building:levels":"1"},"geometry":{"type":"Polygon","coordinates":[[[11.9760814,57.7085503],[11.9760094,57.7084808],[11.9760008,57.7084464],[11.9760811,57.7080433],[11.9761735,57.7080157],[11.9761961,57.7080387],[11.9762086,57.7080506],[11.9762252,57.7080662],[11.9761624,57.7080852],[11.976183,57.7081054],[11.9761959,57.7081179],[11.9762116,57.7081335],[11.9761495,57.7081524],[11.9761691,57.7081737],[11.9761807,57.7081852],[11.9761958,57.7082002],[11.9761361,57.7082167],[11.9761578,57.7082406],[11.9761711,57.7082552],[11.9761824,57.7082676],[11.9761233,57.708286],[11.9761447,57.7083083],[11.9761566,57.7083199],[11.9761713,57.7083345],[11.9761086,57.708353],[11.976133,57.7083767],[11.9761453,57.7083881],[11.9761585,57.7084015],[11.9760957,57.7084204],[11.9761182,57.7084416],[11.9761298,57.7084531],[11.9761446,57.708468],[11.9760825,57.7084872],[11.976104,57.7085067],[11.9761175,57.7085208],[11.9761317,57.708535],[11.9761092,57.708542],[11.9760814,57.7085503]]]}},{"type":"Feature","properties":{"@id":"way/522434223","building":"roof"},"geometry":{"type":"Polygon","coordinates":[[[11.9678813,57.70632],[11.9678902,57.7063032],[11.9678991,57.7062865],[11.967957,57.7062953],[11.9679771,57.7062984],[11.9679593,57.7063319],[11.9678813,57.70632]]]}},{"type":"Feature","properties":{"@id":"way/541894954","building":"shed"},"geometry":{"type":"Polygon","coordinates":[[[11.9715073,57.7034008],[11.9714947,57.7033718],[11.9716151,57.7033569],[11.9716277,57.7033859],[11.9715073,57.7034008]]]}},{"type":"Feature","properties":{"@id":"way/633885277","building":"office","building:levels":"14"},"geometry":{"type":"Polygon","coordinates":[[[11.9789757,57.7053567],[11.9789774,57.705268],[11.9788876,57.7051966],[11.9788883,57.7050505],[11.9789853,57.7050506],[11.9789865,57.7047948],[11.979286,57.7047952],[11.9792832,57.7053547],[11.9791777,57.7053545],[11.9790906,57.7053573],[11.9789757,57.7053567]]]}},{"type":"Feature","properties":{"@id":"way/712515956","building":"yes"},"geometry":{"type":"Polygon","coordinates":[[[11.9652843,57.6976174],[11.9654493,57.6976433],[11.9655707,57.6976624],[11.9654967,57.6977966],[11.9652104,57.6977516],[11.9652843,57.6976174]]]}},{"type":"Feature","properties":{"@id":"way/792722923","building":"yes"},"geometry":{"type":"Polygon","coordinates":[[[11.977917,57.6993983],[11.9777663,57.6993369],[11.9778158,57.6993025],[11.9779651,57.6993646],[11.977917,57.6993983]]]}},{"type":"Feature","properties":{"@id":"way/940599424","building":"yes","building:levels":"1","roof:levels":"0","roof:shape":"round"},"geometry":{"type":"Polygon","coordinates":[[[11.9701637,57.699068],[11.9701837,57.6990541],[11.9702414,57.6990778],[11.9702214,57.6990917],[11.9701637,57.699068]]]}},{"type":"Feature","properties":{"@id":"way/940599425","building":"yes","building:levels":"1","roof:levels":"0","roof:shape":"round"},"geometry":{"type":"Polygon","coordinates":[[[11.9699907,57.698996],[11.9700091,57.6989823],[11.9700735,57.6990071],[11.9700551,57.6990207],[11.9699907,57.698996]]]}},{"type":"Feature","properties":{"@id":"way/940599427","building":"yes","building:levels":"1","roof:levels":"0","roof:shape":"round"},"geometry":{"type":"Polygon","coordinates":[[[11.9701999,57.6987743],[11.9702134,57.6987646],[11.9702906,57.6987954],[11.9702771,57.6988051],[11.9701999,57.6987743]]]}},{"type":"Feature","properties":{"@id":"way/940599428","building":"yes","building:levels":"1","roof:levels":"0","roof:shape":"round"},"geometry":{"type":"Polygon","coordinates":[[[11.9703389,57.6988318],[11.9703537,57.6988214],[11.9704248,57.69885],[11.97041,57.6988605],[11.9703389,57.6988318]]]}},{"type":"Feature","properties":{"@id":"way/940599430","building":"commercial","name":"Vasagrillen"},"geometry":{"type":"Polygon","coordinates":[[[11.9699433,57.6985832],[11.969974,57.6985616],[11.9699422,57.698549],[11.9699546,57.6985403],[11.9699743,57.6985265],[11.9700062,57.6985393],[11.9700185,57.6985312],[11.9700562,57.6985466],[11.9700692,57.6985375],[11.9701251,57.6985598],[11.9701186,57.6985643],[11.9701852,57.6985924],[11.9701441,57.6986196],[11.9701249,57.6986323],[11.9701021,57.6986223],[11.9700792,57.6986379],[11.9700522,57.698627],[11.9699433,57.6985832]]]}},{"type":"Feature","properties":{"@id":"way/940599431","building":"yes","building:levels":"1","roof:shape":"flat"},"geometry":{"type":"Polygon","coordinates":[[[11.9697108,57.6989939],[11.9696951,57.6989679],[11.9697192,57.6989637],[11.9697617,57.6989564],[11.9697823,57.6989528],[11.9698006,57.6989497],[11.9698178,57.6989467],[11.9698221,57.6989538],[11.9698335,57.6989727],[11.969774,57.698983],[11.9697108,57.6989939]]]}},{"type":"Feature","properties":{"@id":"way/940599441","building":"yes","building:levels":"1","roof:levels":"0","roof:shape":"round"},"geometry":{"type":"Polygon","coordinates":[[[11.9693445,57.6991778],[11.9693285,57.6991753],[11.9693553,57.6991255],[11.9693713,57.699128],[11.9693445,57.6991778]]]}},{"type":"Feature","properties":{"@id":"way/940599442","building":"yes","building:levels":"1","roof:levels":"0","roof:shape":"round"},"geometry":{"type":"Polygon","coordinates":[[[11.9692936,57.6992699],[11.9692765,57.6992672],[11.9693034,57.6992185],[11.9693204,57.6992212],[11.9692936,57.6992699]]]}},{"type":"Feature","properties":{"@id":"way/940599446","building":"yes","building:levels":"1","roof:levels":"0","roof:shape":"round"},"geometry":{"type":"Polygon","coordinates":[[[11.9693921,57.699429],[11.9694163,57.699386],[11.9694451,57.6993906],[11.9694209,57.6994336],[11.9693921,57.699429]]]}},{"type":"Feature","properties":{"@id":"way/940599447","building":"yes","building:levels":"1","roof:levels":"0","roof:shape":"round"},"geometry":{"type":"Polygon","coordinates":[[[11.9693231,57.6995444],[11.9693499,57.6994985],[11.96938,57.6995035],[11.9693532,57.6995494],[11.9693231,57.6995444]]]}},{"type":"Feature","properties":{"@id":"way/940788552","building":"yes","building:levels":"1","roof:levels":"0","roof:shape":"round"},"geometry":{"type":"Polygon","coordinates":[[[11.9745834,57.7020408],[11.9745661,57.7020307],[11.9746318,57.7019986],[11.9746491,57.7020087],[11.9745834,57.7020408]]]}},{"type":"Feature","properties":{"@id":"way/940788553","building":"yes","building:levels":"1","roof:levels":"0","roof:shape":"round"},"geometry":{"type":"Polygon","coordinates":[[[11.9743416,57.7021634],[11.9743222,57.7021521],[11.9743927,57.7021177],[11.974412,57.702129],[11.9743416,57.7021634]]]}},{"type":"Feature","properties":{"@id":"way/940788554","building":"yes","building:levels":"1","roof:levels":"0","roof:shape":"round"},"geometry":{"type":"Polygon","coordinates":[[[11.9745547,57.7021759],[11.9746185,57.7021448],[11.9746441,57.7021598],[11.9745803,57.7021909],[11.9745547,57.7021759]]]}},{"type":"Feature","properties":{"@id":"way/940788555","building":"yes","building:levels":"1","roof:levels":"0","roof:shape":"round"},"geometry":{"type":"Polygon","coordinates":[[[11.9743967,57.702259],[11.9744661,57.7022252],[11.9744866,57.7022371],[11.9744172,57.702271],[11.9743967,57.702259]]]}},{"type":"Feature","properties":{"@id":"way/940788556","building":"yes"},"geometry":{"type":"Polygon","coordinates":[[[11.9750379,57.7028421],[11.9750222,57.7028529],[11.9749464,57.7028214],[11.9749621,57.7028106],[11.9750379,57.7028421]]]}},{"type":"Feature","properties":{"@id":"way/940788564","building":"yes","building:levels":"1","roof:levels":"0","roof:shape":"round"},"geometry":{"type":"Polygon","coordinates":[[[11.9750179,57.7022531],[11.975039,57.7022091],[11.9750621,57.7022123],[11.975041,57.7022562],[11.9750179,57.7022531]]]}},{"type":"Feature","properties":{"@id":"way/940792801","building":"yes"},"geometry":{"type":"Polygon","coordinates":[[[11.9767167,57.7014708],[11.9767098,57.7014568],[11.9767016,57.70144],[11.976697,57.7014308],[11.9766936,57.7014239],[11.976689,57.7014144],[11.9767353,57.7014079],[11.9767629,57.7014643],[11.9767167,57.7014708]]]}},{"type":"Feature","properties":{"@id":"way/940822282","building":"yes"},"geometry":{"type":"Polygon","coordinates":[[[11.9820277,57.7009829],[11.982104,57.7010138],[11.9820529,57.7010498],[11.9819767,57.7010188],[11.9820277,57.7009829]]]}},{"type":"Feature","properties":{"@id":"way/942888535","building":"civic","building:levels":"1"},"geometry":{"type":"Polygon","coordinates":[[[11.9724852,57.7023906],[11.9725046,57.7023735],[11.972544,57.702376],[11.9725525,57.702396],[11.9725331,57.7024089],[11.9724957,57.7024076],[11.9724852,57.7023906]]]}},{"type":"Feature","properties":{"@id":"way/944465256","building":"service","building:levels":"1","roof:levels":"0"},"geometry":{"type":"Polygon","coordinates":[[[11.9842507,57.7047291],[11.9841541,57.7047291],[11.9841541,57.7046073],[11.9842507,57.7046073],[11.9842507,57.7047291]]]}},{"type":"Feature","properties":{"@id":"way/944465260","building":"yes","building:levels":"1","roof:levels":"0","roof:shape":"round"},"geometry":{"type":"Polygon","coordinates":[[[11.9849991,57.7049664],[11.9850044,57.7049234],[11.9850339,57.7049245],[11.9850285,57.7049675],[11.9849991,57.7049664]]]}},{"type":"Feature","properties":{"@id":"way/944465263","building":"yes","building:levels":"1","roof:levels":"0","roof:shape":"round"},"geometry":{"type":"Polygon","coordinates":[[[11.9849292,57.7038452],[11.984939,57.7038024],[11.9849683,57.7038043],[11.9849585,57.7038471],[11.9849292,57.7038452]]]}},{"type":"Feature","properties":{"@id":"way/944465264","building":"yes","building:levels":"1","roof:levels":"0","roof:shape":"round"},"geometry":{"type":"Polygon","coordinates":[[[11.9848891,57.7040111],[11.9848944,57.7039681],[11.9849239,57.7039691],[11.9849185,57.7040121],[11.9848891,57.7040111]]]}},{"type":"Feature","properties":{"@id":"way/976307064","building":"yes"},"geometry":{"type":"Polygon","coordinates":[[[11.9820124,57.7063716],[11.9821171,57.7063716],[11.9821171,57.7064016],[11.9820124,57.7064016],[11.9820124,57.7063716]]]}},{"type":"Feature","properties":{"@id":"way/998323693","building":"shed"},"geometry":{"type":"Polygon","coordinates":[[[11.9846606,57.7094631],[11.9847024,57.7094056],[11.9847711,57.7094198],[11.9847293,57.7094774],[11.9846606,57.7094631]]]}},{"type":"Feature","properties":{"@id":"way/998323694","building":"service"},"geometry":{"type":"Polygon","coordinates":[[[11.9845154,57.709465],[11.9845453,57.7094165],[11.9846616,57.709437],[11.9846317,57.7094855],[11.9845154,57.709465]]]}},{"type":"Feature","properties":{"@id":"way/1013465720","building":"kiosk","building:levels":"2","roof:shape":"flat"},"geometry":{"type":"Polygon","coordinates":[[[11.9733081,57.7081331],[11.9732821,57.7081308],[11.9732581,57.708125],[11.9732378,57.7081161],[11.9732224,57.7081046],[11.9732131,57.7080915],[11.9732105,57.7080775],[11.9732148,57.7080636],[11.9732256,57.7080508],[11.9732423,57.7080399],[11.9732637,57.7080317],[11.9732884,57.7080267],[11.9733146,57.7080253],[11.9733345,57.7080271],[11.9733406,57.7080276],[11.9733646,57.7080334],[11.973385,57.7080423],[11.9734003,57.7080537],[11.9734096,57.7080669],[11.9734122,57.7080809],[11.973408,57.7080948],[11.9733971,57.7081076],[11.9733804,57.7081185],[11.973359,57.7081267],[11.9733343,57.7081317],[11.9733081,57.7081331]]]}},{"type":"Feature","properties":{"@id":"way/1013465722","building":"retail","building:levels":"1","roof:levels":"1","roof:shape":"gabled"},"geometry":{"type":"Polygon","coordinates":[[[11.9736795,57.7081319],[11.973647,57.7081206],[11.9736467,57.7080999],[11.9736832,57.7080898],[11.9737174,57.7081011],[11.9737174,57.7081216],[11.9736795,57.7081319]]]}},{"type":"Feature","properties":{"@id":"way/1013465723","building":"toilets","building:levels":"1","roof:shape":"flat"},"geometry":{"type":"Polygon","coordinates":[[[11.973616,57.7082091],[11.9736093,57.7082026],[11.9736145,57.7081932],[11.9736244,57.7081752],[11.9736315,57.7081624],[11.9736366,57.7081531],[11.9736393,57.7081483],[11.9736519,57.7081449],[11.9736694,57.7081474],[11.9736777,57.7081545],[11.9736629,57.7081815],[11.9736481,57.7082085],[11.9736355,57.7082123],[11.973616,57.7082091]]]}},{"type":"Feature","properties":{"@id":"way/1013465729","building":"retail","building:levels":"1","name":"Franks","roof:shape":"flat"},"geometry":{"type":"Polygon","coordinates":[[[11.974516,57.7087515],[11.9745391,57.7087818],[11.9745257,57.7087848],[11.9745224,57.7087895],[11.9745165,57.7087943],[11.9745081,57.7087986],[11.9744985,57.7088016],[11.9744863,57.7088035],[11.9744748,57.7088038],[11.9744621,57.7088023],[11.9744512,57.7087993],[11.9744436,57.7087958],[11.9744382,57.7087925],[11.9744339,57.7087886],[11.9744304,57.708783],[11.9744294,57.7087783],[11.9744299,57.708772],[11.9744324,57.7087674],[11.9744385,57.7087618],[11.9744469,57.7087569],[11.9744581,57.7087531],[11.9744705,57.7087511],[11.9744825,57.708751],[11.9744929,57.7087519],[11.9745023,57.7087544],[11.974516,57.7087515]]]}},{"type":"Feature","properties":{"@id":"way/1013537364","building":"yes"},"geometry":{"type":"Polygon","coordinates":[[[11.9810517,57.695352],[11.9810955,57.6953219],[11.9811235,57.6953334],[11.9810797,57.6953636],[11.9810517,57.695352]]]}},{"type":"Feature","properties":{"@id":"way/1023939811","building":"yes","building:levels":"1","roof:levels":"0","roof:shape":"round"},"geometry":{"type":"Polygon","coordinates":[[[11.9751618,57.7001986],[11.975144,57.7001908],[11.9752059,57.7001504],[11.9752237,57.7001582],[11.9751618,57.7001986]]]}},{"type":"Feature","properties":{"@id":"way/1023939812","building":"yes","building:levels":"1","roof:levels":"0","roof:shape":"round"},"geometry":{"type":"Polygon","coordinates":[[[11.9750825,57.7002559],[11.9750632,57.7002479],[11.9751233,57.7002064],[11.9751426,57.7002143],[11.9750825,57.7002559]]]}},{"type":"Feature","properties":{"@id":"way/1023939813","building":"yes","building:levels":"1","roof:levels":"0","roof:shape":"round"},"geometry":{"type":"Polygon","coordinates":[[[11.9750021,57.7003115],[11.9749833,57.7003036],[11.9750422,57.7002636],[11.9750609,57.7002715],[11.9750021,57.7003115]]]}},{"type":"Feature","properties":{"@id":"way/1023939814","building":"yes","building:levels":"1","roof:levels":"0","roof:shape":"round"},"geometry":{"type":"Polygon","coordinates":[[[11.9697307,57.7041382],[11.9697082,57.7041289],[11.9697608,57.7040924],[11.9697834,57.7041017],[11.9697307,57.7041382]]]}},{"type":"Feature","properties":{"@id":"way/1023939815","building":"yes","building:levels":"1","roof:levels":"0","roof:shape":"round"},"geometry":{"type":"Polygon","coordinates":[[[11.9698264,57.7040696],[11.9698041,57.7040604],[11.9698591,57.7040223],[11.9698814,57.7040315],[11.9698264,57.7040696]]]}},{"type":"Feature","properties":{"@id":"way/1023939816","building":"yes","building:levels":"1","roof:levels":"0","roof:shape":"round"},"geometry":{"type":"Polygon","coordinates":[[[11.9697617,57.7039329],[11.9697353,57.7039221],[11.9697894,57.7038846],[11.9698158,57.7038954],[11.9697617,57.7039329]]]}},{"type":"Feature","properties":{"@id":"way/1023939817","building":"yes","building:levels":"1","roof:levels":"0","roof:shape":"round"},"geometry":{"type":"Polygon","coordinates":[[[11.9696648,57.7039999],[11.9696407,57.7039903],[11.9696947,57.7039515],[11.9697187,57.703961],[11.9696648,57.7039999]]]}},{"type":"Feature","properties":{"@id":"way/1023939818","building":"yes","building:levels":"1","height":"3","roof:levels":"0","roof:shape":"round"},"geometry":{"type":"Polygon","coordinates":[[[11.9732202,57.7075869],[11.9731237,57.7075915],[11.9731222,57.7075822],[11.9732186,57.7075776],[11.9732202,57.7075869]]]}},{"type":"Feature","properties":{"@id":"way/1023939819","building":"yes","building:levels":"1","height":"3","roof:levels":"0","roof:shape":"round"},"geometry":{"type":"Polygon","coordinates":[[[11.9731135,57.7075916],[11.9730198,57.7075953],[11.9730187,57.7075869],[11.9731123,57.7075832],[11.9731135,57.7075916]]]}},{"type":"Feature","properties":{"@id":"way/1023939820","building":"yes","building:levels":"1","height":"3","roof:levels":"0","roof:shape":"round"},"geometry":{"type":"Polygon","coordinates":[[[11.9731183,57.7075277],[11.9731188,57.7075109],[11.9732079,57.7075116],[11.9732074,57.7075284],[11.9731183,57.7075277]]]}},{"type":"Feature","properties":{"@id":"way/1023939821","building":"yes","building:levels":"1","height":"3","roof:levels":"0","roof:shape":"round"},"geometry":{"type":"Polygon","coordinates":[[[11.9729926,57.7075284],[11.9729926,57.7075098],[11.9730831,57.7075098],[11.9730831,57.7075284],[11.9729926,57.7075284]]]}},{"type":"Feature","properties":{"@id":"way/1023939822","building":"yes","building:levels":"1","height":"3","roof:levels":"0","roof:shape":"round"},"geometry":{"type":"Polygon","coordinates":[[[11.9731645,57.7077809],[11.9731617,57.7077654],[11.9732467,57.7077611],[11.9732495,57.7077765],[11.9731645,57.7077809]]]}},{"type":"Feature","properties":{"@id":"way/1023939823","building":"yes","building:levels":"1","height":"3","roof:levels":"0","roof:shape":"round"},"geometry":{"type":"Polygon","coordinates":[[[11.97341,57.7077669],[11.9734065,57.7077509],[11.9734915,57.7077456],[11.973495,57.7077616],[11.97341,57.7077669]]]}},{"type":"Feature","properties":{"@id":"way/1023939824","building":"yes","building:levels":"1","height":"3","roof:levels":"0","roof:shape":"round"},"geometry":{"type":"Polygon","coordinates":[[[11.9732678,57.7076883],[11.9732646,57.707671],[11.9733514,57.7076665],[11.9733546,57.7076838],[11.9732678,57.7076883]]]}},{"type":"Feature","properties":{"@id":"way/1023939825","building":"yes","building:levels":"1","height":"3","roof:levels":"0","roof:shape":"round"},"geometry":{"type":"Polygon","coordinates":[[[11.973479,57.707676],[11.9733915,57.7076815],[11.9733879,57.7076649],[11.9734754,57.7076594],[11.973479,57.707676]]]}},{"type":"Feature","properties":{"@id":"way/1023939826","building":"yes","building:levels":"1","roof:levels":"0","roof:shape":"round"},"geometry":{"type":"Polygon","coordinates":[[[11.9692539,57.7067075],[11.9692632,57.70669],[11.9693548,57.706704],[11.9693454,57.7067215],[11.9692539,57.7067075]]]}},{"type":"Feature","properties":{"@id":"way/1023939827","building":"yes","building:levels":"1","roof:levels":"0","roof:shape":"round"},"geometry":{"type":"Polygon","coordinates":[[[11.9689351,57.7066601],[11.9689439,57.7066436],[11.9690322,57.7066571],[11.9690234,57.7066736],[11.9689351,57.7066601]]]}},{"type":"Feature","properties":{"@id":"way/1023939828","building":"yes"},"geometry":{"type":"Polygon","coordinates":[[[11.9690013,57.7071762],[11.9690077,57.7071644],[11.9690989,57.7071785],[11.9690925,57.7071902],[11.9690013,57.7071762]]]}},{"type":"Feature","properties":{"@id":"way/1023939829","building":"yes"},"geometry":{"type":"Polygon","coordinates":[[[11.968698,57.7071264],[11.9687049,57.7071147],[11.9687981,57.7071305],[11.9687912,57.7071421],[11.968698,57.7071264]]]}},{"type":"Feature","properties":{"@id":"way/1023939830","building":"yes","building:levels":"1","height":"3","roof:levels":"0","roof:shape":"round"},"geometry":{"type":"Polygon","coordinates":[[[11.9672986,57.7068109],[11.9673073,57.7067968],[11.9673855,57.7068106],[11.9673768,57.7068247],[11.9672986,57.7068109]]]}},{"type":"Feature","properties":{"@id":"way/1023939831","building":"yes","building:levels":"1","height":"3","roof:levels":"0","roof:shape":"round"},"geometry":{"type":"Polygon","coordinates":[[[11.9671709,57.7067909],[11.9671781,57.7067781],[11.9672614,57.7067916],[11.9672541,57.7068043],[11.9671709,57.7067909]]]}},{"type":"Feature","properties":{"@id":"way/1023939832","building":"yes","building:levels":"1","height":"3","roof:levels":"0","roof:shape":"round"},"geometry":{"type":"Polygon","coordinates":[[[11.9666495,57.7068478],[11.9666593,57.7068309],[11.9667476,57.7068456],[11.9667377,57.7068625],[11.9666495,57.7068478]]]}},{"type":"Feature","properties":{"@id":"way/1023939833","building":"yes","building:levels":"1","height":"3","roof:levels":"0","roof:shape":"round"},"geometry":{"type":"Polygon","coordinates":[[[11.9671488,57.7069248],[11.9671587,57.7069082],[11.9672423,57.7069224],[11.9672324,57.7069391],[11.9671488,57.7069248]]]}},{"type":"Feature","properties":{"@id":"way/1023939834","building":"yes","building:levels":"1","height":"3","roof:levels":"0","roof:shape":"round"},"geometry":{"type":"Polygon","coordinates":[[[11.9675963,57.7074056],[11.9675679,57.7074007],[11.9675946,57.7073558],[11.967623,57.7073606],[11.9675963,57.7074056]]]}},{"type":"Feature","properties":{"@id":"way/1023939835","building":"yes","building:levels":"1","height":"3","roof:levels":"0","roof:shape":"round"},"geometry":{"type":"Polygon","coordinates":[[[11.9676458,57.7073149],[11.9676147,57.7073098],[11.9676419,57.7072623],[11.967673,57.7072674],[11.9676458,57.7073149]]]}},{"type":"Feature","properties":{"@id":"way/1023939836","building":"yes","building:levels":"1","height":"3","roof:levels":"0","roof:shape":"round"},"geometry":{"type":"Polygon","coordinates":[[[11.967692,57.7072245],[11.9676623,57.7072203],[11.9676858,57.7071734],[11.9677155,57.7071777],[11.967692,57.7072245]]]}},{"type":"Feature","properties":{"@id":"way/1023939837","building":"yes","building:levels":"1","height":"3","roof:levels":"0","roof:shape":"round"},"geometry":{"type":"Polygon","coordinates":[[[11.9678864,57.7072531],[11.967861,57.7072491],[11.9678854,57.7072045],[11.9679108,57.7072085],[11.9678864,57.7072531]]]}},{"type":"Feature","properties":{"@id":"way/1023939838","building":"yes","building:levels":"1","height":"3","roof:levels":"0","roof:shape":"round"},"geometry":{"type":"Polygon","coordinates":[[[11.9678523,57.7073193],[11.9678233,57.7073148],[11.9678478,57.7072694],[11.9678768,57.7072739],[11.9678523,57.7073193]]]}},{"type":"Feature","properties":{"@id":"way/1023939839","building":"yes","building:levels":"1","height":"3","roof:levels":"0","roof:shape":"round"},"geometry":{"type":"Polygon","coordinates":[[[11.9678178,57.7073843],[11.9677893,57.7073801],[11.9678136,57.707333],[11.9678421,57.7073372],[11.9678178,57.7073843]]]}},{"type":"Feature","properties":{"@id":"way/1023939851","building":"yes","building:levels":"1","height":"3","roof:levels":"0","roof:shape":"round"},"geometry":{"type":"Polygon","coordinates":[[[11.9650631,57.7024732],[11.9650509,57.7024679],[11.9651096,57.7024289],[11.9651218,57.7024341],[11.9650631,57.7024732]]]}},{"type":"Feature","properties":{"@id":"way/1023939852","building":"yes","building:levels":"1","roof:levels":"0","roof:shape":"round"},"geometry":{"type":"Polygon","coordinates":[[[11.9664672,57.698309],[11.966476,57.6982927],[11.9665637,57.6983062],[11.9665549,57.6983225],[11.9664672,57.698309]]]}},{"type":"Feature","properties":{"@id":"way/1023942994","building":"yes","building:levels":"1","height":"3","roof:levels":"0","roof:shape":"round"},"geometry":{"type":"Polygon","coordinates":[[[11.974712,57.7087343],[11.974721,57.7087202],[11.9748067,57.7087359],[11.9747976,57.70875],[11.974712,57.7087343]]]}},{"type":"Feature","properties":{"@id":"way/1023942995","building":"yes","building:levels":"1","height":"3","roof:levels":"0","roof:shape":"round"},"geometry":{"type":"Polygon","coordinates":[[[11.9748796,57.7087629],[11.974889,57.7087485],[11.9749753,57.7087645],[11.9749659,57.7087789],[11.9748796,57.7087629]]]}},{"type":"Feature","properties":{"@id":"way/1023942996","building":"yes"},"geometry":{"type":"Polygon","coordinates":[[[11.9773007,57.7079115],[11.9772668,57.7079086],[11.9772767,57.7078756],[11.9773105,57.7078785],[11.9773007,57.7079115]]]}},{"type":"Feature","properties":{"@id":"way/1023942997","building":"yes"},"geometry":{"type":"Polygon","coordinates":[[[11.9778012,57.7080751],[11.9777722,57.7080716],[11.9777921,57.708025],[11.9778211,57.7080285],[11.9778012,57.7080751]]]}},{"type":"Feature","properties":{"@id":"way/1050517557","building":"yes","building:levels":"1","roof:levels":"0","roof:shape":"round"},"geometry":{"type":"Polygon","coordinates":[[[11.9695368,57.7039484],[11.9695152,57.7039385],[11.9695713,57.7039035],[11.969593,57.7039134],[11.9695368,57.7039484]]]}},{"type":"Feature","properties":{"@id":"way/1050517558","building":"yes","building:levels":"1","roof:levels":"0","roof:shape":"round"},"geometry":{"type":"Polygon","coordinates":[[[11.9696376,57.7038812],[11.969616,57.7038712],[11.9696721,57.7038363],[11.9696938,57.7038462],[11.9696376,57.7038812]]]}},{"type":"Feature","properties":{"@id":"way/1050517559","building":"yes","building:levels":"1","roof:levels":"0","roof:shape":"round"},"geometry":{"type":"Polygon","coordinates":[[[11.9699541,57.704121],[11.9699316,57.7041117],[11.9699842,57.7040752],[11.9700068,57.7040845],[11.9699541,57.704121]]]}},{"type":"Feature","properties":{"@id":"way/1050517560","building":"yes","building:levels":"1","roof:levels":"0","roof:shape":"round"},"geometry":{"type":"Polygon","coordinates":[[[11.9698526,57.7041879],[11.9698301,57.7041786],[11.9698827,57.7041421],[11.9699053,57.7041514],[11.9698526,57.7041879]]]}},{"type":"Feature","properties":{"@id":"way/1050643227","building":"yes"},"geometry":{"type":"Polygon","coordinates":[[[11.9795276,57.7080109],[11.9795283,57.7079778],[11.9797273,57.7079789],[11.9797267,57.708012],[11.9795276,57.7080109]]]}},{"type":"Feature","properties":{"@id":"way/1050643228","building":"yes"},"geometry":{"type":"Polygon","coordinates":[[[11.9799716,57.708007],[11.9799724,57.7079737],[11.9801714,57.707975],[11.9801703,57.7080262],[11.98011,57.7080258],[11.9801104,57.7080079],[11.9799716,57.708007]]]}},{"type":"Feature","properties":{"@id":"way/1050643229","building":"yes"},"geometry":{"type":"Polygon","coordinates":[[[11.9809788,57.7081804],[11.9809811,57.7080979],[11.9810512,57.7080985],[11.9810489,57.708181],[11.9809788,57.7081804]]]}},{"type":"Feature","properties":{"@id":"way/1050643230","building":"yes"},"geometry":{"type":"Polygon","coordinates":[[[11.9809739,57.7080921],[11.9809736,57.7080556],[11.9810772,57.7080554],[11.9810775,57.7080918],[11.9809739,57.7080921]]]}},{"type":"Feature","properties":{"@id":"way/1050643231","building":"yes"},"geometry":{"type":"Polygon","coordinates":[[[11.9812833,57.7083994],[11.9812961,57.7083748],[11.9813714,57.708386],[11.9813586,57.7084106],[11.9812833,57.7083994]]]}},{"type":"Feature","properties":{"@id":"way/1050643232","building":"yes"},"geometry":{"type":"Polygon","coordinates":[[[11.9813192,57.7079853],[11.9813201,57.7079196],[11.9813914,57.7079199],[11.9813904,57.7079856],[11.9813192,57.7079853]]]}},{"type":"Feature","properties":{"@id":"way/1050643233","building":"school"},"geometry":{"type":"Polygon","coordinates":[[[11.9820731,57.7087429],[11.9820736,57.7087077],[11.9822771,57.7087086],[11.9822766,57.7087438],[11.9820731,57.7087429]]]}},{"type":"Feature","properties":{"@id":"way/1050643234","building":"yes"},"geometry":{"type":"Polygon","coordinates":[[[11.9822602,57.7084216],[11.9822602,57.7083623],[11.9823837,57.7083623],[11.9823837,57.7084216],[11.9822602,57.7084216]]]}},{"type":"Feature","properties":{"@id":"way/1050643235","building":"yes"},"geometry":{"type":"Polygon","coordinates":[[[11.9822191,57.7083526],[11.9821594,57.7083521],[11.9821607,57.7083039],[11.9822204,57.7083044],[11.9822191,57.7083526]]]}},{"type":"Feature","properties":{"@id":"way/1050643236","building":"yes"},"geometry":{"type":"Polygon","coordinates":[[[11.9824839,57.7083548],[11.9824241,57.7083544],[11.9824255,57.7083062],[11.9824852,57.7083066],[11.9824839,57.7083548]]]}},{"type":"Feature","properties":{"@id":"way/1050643237","building":"yes"},"geometry":{"type":"Polygon","coordinates":[[[11.9822246,57.7081497],[11.9821649,57.7081492],[11.9821662,57.708101],[11.9822259,57.7081015],[11.9822246,57.7081497]]]}},{"type":"Feature","properties":{"@id":"way/1050643238","building":"yes"},"geometry":{"type":"Polygon","coordinates":[[[11.98249,57.7081511],[11.9824303,57.7081506],[11.9824317,57.7081024],[11.9824914,57.7081029],[11.98249,57.7081511]]]}},{"type":"Feature","properties":{"@id":"way/1050643239","building":"yes"},"geometry":{"type":"Polygon","coordinates":[[[11.9822359,57.7079409],[11.9821656,57.7079411],[11.9821651,57.707886],[11.9822354,57.7078858],[11.9822359,57.7079409]]]}},{"type":"Feature","properties":{"@id":"way/1050643240","building":"yes"},"geometry":{"type":"Polygon","coordinates":[[[11.9825454,57.7079434],[11.9824751,57.7079435],[11.9824745,57.7078885],[11.9825449,57.7078883],[11.9825454,57.7079434]]]}},{"type":"Feature","properties":{"@id":"way/1054068872","building":"yes"},"geometry":{"type":"Polygon","coordinates":[[[11.9794443,57.6965739],[11.9793261,57.6965238],[11.9793885,57.6964817],[11.9795067,57.6965318],[11.9794443,57.6965739]]]}},{"type":"Feature","properties":{"@id":"way/1054068873","building":"yes","height":"2"},"geometry":{"type":"Polygon","coordinates":[[[11.979234,57.6964661],[11.9792818,57.6964332],[11.9793263,57.6964517],[11.9792784,57.6964846],[11.979234,57.6964661]]]}},{"type":"Feature","properties":{"@id":"way/1054068874","building":"yes"},"geometry":{"type":"Polygon","coordinates":[[[11.9828208,57.6975201],[11.9827812,57.6974963],[11.9828611,57.6974582],[11.9829007,57.697482],[11.9828208,57.6975201]]]}},{"type":"Feature","properties":{"@id":"way/1054068875","building":"yes"},"geometry":{"type":"Polygon","coordinates":[[[11.9817881,57.6979552],[11.9818179,57.6979401],[11.981884,57.6979773],[11.9818542,57.6979924],[11.9817881,57.6979552]]]}},{"type":"Feature","properties":{"@id":"way/1054073448","building":"yes"},"geometry":{"type":"Polygon","coordinates":[[[11.9842829,57.6969085],[11.9842552,57.6968849],[11.9843196,57.6968633],[11.9843473,57.696887],[11.9842829,57.6969085]]]}},{"type":"Feature","properties":{"@id":"way/1063030031","building":"yes","building:levels":"1","roof:levels":"0","roof:shape":"round"},"geometry":{"type":"Polygon","coordinates":[[[11.9668775,57.7091756],[11.9668489,57.7091709],[11.9668752,57.7091247],[11.9669038,57.7091293],[11.9668775,57.7091756]]]}},{"type":"Feature","properties":{"@id":"way/1063030032","building":"yes","building:levels":"1","roof:levels":"0","roof:shape":"round"},"geometry":{"type":"Polygon","coordinates":[[[11.9668222,57.7092795],[11.9667936,57.7092748],[11.9668199,57.7092286],[11.9668485,57.7092332],[11.9668222,57.7092795]]]}},{"type":"Feature","properties":{"@id":"way/1063030033","building":"yes","building:levels":"1","roof:levels":"0","roof:shape":"round"},"geometry":{"type":"Polygon","coordinates":[[[11.9666321,57.709273],[11.9666035,57.7092684],[11.9666298,57.7092221],[11.9666584,57.7092268],[11.9666321,57.709273]]]}},{"type":"Feature","properties":{"@id":"way/1063030034","building":"yes","building:levels":"1","roof:levels":"0","roof:shape":"round"},"geometry":{"type":"Polygon","coordinates":[[[11.9666876,57.7091669],[11.966659,57.7091622],[11.9666854,57.709116],[11.966714,57.7091206],[11.9666876,57.7091669]]]}},{"type":"Feature","properties":{"@id":"way/1080057731","building":"bridge"},"geometry":{"type":"Polygon","coordinates":[[[11.970548,57.7054901],[11.9705753,57.7054384],[11.9706907,57.7054558],[11.9706634,57.7055075],[11.970548,57.7054901]]]}},{"type":"Feature","properties":{"@id":"way/1080057732","building":"bridge"},"geometry":{"type":"Polygon","coordinates":[[[11.970635,57.7053266],[11.9706619,57.7052752],[11.9707806,57.705293],[11.9707536,57.7053444],[11.970635,57.7053266]]]}},{"type":"Feature","properties":{"@id":"way/1080995988","building":"yes"},"geometry":{"type":"Polygon","coordinates":[[[11.9735245,57.6963129],[11.9735551,57.6962763],[11.9736595,57.6963012],[11.9736289,57.6963378],[11.9735245,57.6963129]]]}},{"type":"Feature","properties":{"@id":"way/1080995989","building":"yes"},"geometry":{"type":"Polygon","coordinates":[[[11.9722821,57.6956077],[11.9723112,57.6955727],[11.9723518,57.6955823],[11.9723779,57.6955509],[11.9724386,57.6955653],[11.9723834,57.6956318],[11.9722821,57.6956077]]]}},{"type":"Feature","properties":{"@id":"way/1080995990","building":"yes"},"geometry":{"type":"Polygon","coordinates":[[[11.972151,57.6959891],[11.9720777,57.6959707],[11.9721232,57.6959191],[11.9721964,57.6959375],[11.972151,57.6959891]]]}},{"type":"Feature","properties":{"@id":"way/1080995991","building":"yes"},"geometry":{"type":"Polygon","coordinates":[[[11.9719776,57.6960022],[11.9720148,57.6959579],[11.9720336,57.6959614],[11.97205,57.6959457],[11.9720809,57.6959533],[11.972053,57.6959839],[11.9720296,57.695978],[11.9720004,57.6960068],[11.9719776,57.6960022]]]}},{"type":"Feature","properties":{"@id":"way/1080995992","building":"yes"},"geometry":{"type":"Polygon","coordinates":[[[11.9726882,57.6951563],[11.9727105,57.6951286],[11.9727301,57.6951201],[11.9728133,57.6951393],[11.9727791,57.6951786],[11.9726882,57.6951563]]]}},{"type":"Feature","properties":{"@id":"way/1080995994","building":"yes"},"geometry":{"type":"Polygon","coordinates":[[[11.9727548,57.6950036],[11.972775,57.6949795],[11.972918,57.6950137],[11.9728978,57.6950378],[11.9727548,57.6950036]]]}},{"type":"Feature","properties":{"@id":"way/1080998754","building":"yes"},"geometry":{"type":"Polygon","coordinates":[[[11.9785099,57.6986485],[11.9790656,57.6982736],[11.9792204,57.6983375],[11.978759,57.6986578],[11.9787228,57.698643],[11.9786392,57.6987018],[11.9785099,57.6986485]]]}},{"type":"Feature","properties":{"@id":"way/1086167511","building":"yes"},"geometry":{"type":"Polygon","coordinates":[[[11.9842248,57.708917],[11.9841741,57.7089168],[11.9841749,57.7088614],[11.9842256,57.7088616],[11.9842248,57.708917]]]}},{"type":"Feature","properties":{"@id":"way/1096834912","building":"roof"},"geometry":{"type":"Polygon","coordinates":[[[11.9730765,57.7098083],[11.9730954,57.7097732],[11.9731158,57.7097352],[11.9743575,57.7099476],[11.9746275,57.7099937],[11.9745865,57.7100658],[11.9743145,57.7100194],[11.9730765,57.7098083]]]}},{"type":"Feature","properties":{"@id":"way/1096834913","building":"roof"},"geometry":{"type":"Polygon","coordinates":[[[11.9734451,57.709639],[11.9747179,57.7098614],[11.9746824,57.7099167],[11.9734101,57.7097008],[11.9734451,57.709639]]]}},{"type":"Feature","properties":{"@id":"way/1096834914","building":"roof"},"geometry":{"type":"Polygon","coordinates":[[[11.9735022,57.7095382],[11.9735356,57.7094763],[11.9751861,57.7097661],[11.9751491,57.7098256],[11.9735022,57.7095382]]]}},{"type":"Feature","properties":{"@id":"way/1096834915","building":"roof"},"geometry":{"type":"Polygon","coordinates":[[[11.9762777,57.7098549],[11.9735946,57.7093834],[11.9736295,57.7093264],[11.9763128,57.7097964],[11.9762777,57.7098549]]]}},{"type":"Feature","properties":{"@id":"way/1096834916","building":"roof"},"geometry":{"type":"Polygon","coordinates":[[[11.9736855,57.7092347],[11.9737228,57.7091743],[11.9763942,57.7096332],[11.9763577,57.7096971],[11.9736855,57.7092347]]]}},{"type":"Feature","properties":{"@id":"way/1096834917","building":"roof"},"geometry":{"type":"Polygon","coordinates":[[[11.9737624,57.7090746],[11.9738059,57.708998],[11.9738136,57.7089864],[11.9739645,57.7090107],[11.9740187,57.7089271],[11.9738695,57.7088987],[11.9739165,57.7088235],[11.9740604,57.7088495],[11.9741176,57.7087661],[11.9742027,57.7087816],[11.9742871,57.7087969],[11.9743108,57.7087596],[11.974617,57.7088137],[11.9745842,57.7088718],[11.9745758,57.7088861],[11.9774736,57.7093992],[11.9774435,57.7094466],[11.9742408,57.708891],[11.9742098,57.7089462],[11.9774131,57.7094989],[11.9773711,57.7095684],[11.9741625,57.7090141],[11.9741365,57.7090619],[11.977341,57.7096192],[11.9772955,57.709697],[11.9746422,57.7092376],[11.9737624,57.7090746]]]}},{"type":"Feature","properties":{"@id":"way/1096834918","building":"roof"},"geometry":{"type":"Polygon","coordinates":[[[11.9722988,57.7105454],[11.9728279,57.709664],[11.9729033,57.709677],[11.9723745,57.7105583],[11.9722988,57.7105454]]]}},{"type":"Feature","properties":{"@id":"way/1104079998","building":"yes","building:levels":"1","height":"5"},"geometry":{"type":"Polygon","coordinates":[[[11.9845446,57.7004472],[11.984837,57.7002305],[11.9849535,57.7002787],[11.9846613,57.7004937],[11.9845446,57.7004472]]]}},{"type":"Feature","properties":{"@id":"way/1132942998","building":"yes"},"geometry":{"type":"Polygon","coordinates":[[[11.9789816,57.6977909],[11.9789388,57.6977726],[11.9790435,57.6977028],[11.9790863,57.6977211],[11.9789816,57.6977909]]]}},{"type":"Feature","properties":{"@id":"way/1132942999","building":"yes"},"geometry":{"type":"Polygon","coordinates":[[[11.9786846,57.6976633],[11.9786418,57.6976449],[11.9787464,57.6975751],[11.9787893,57.6975935],[11.9786846,57.6976633]]]}},{"type":"Feature","properties":{"@id":"way/1148428655","building":"yes"},"geometry":{"type":"Polygon","coordinates":[[[11.9790807,57.702504],[11.9790967,57.7024933],[11.9799933,57.7018918],[11.9800224,57.7018723],[11.981124,57.7023411],[11.9810814,57.7023697],[11.9810218,57.7024096],[11.9801824,57.7029728],[11.9790807,57.702504]]]}},{"type":"Feature","properties":{"@id":"way/1148428657","building":"grandstand"},"geometry":{"type":"Polygon","coordinates":[[[11.9790164,57.7024601],[11.9791741,57.7023553],[11.979165,57.7023513],[11.9791475,57.7023437],[11.9798841,57.7018452],[11.9799933,57.7018918],[11.9790967,57.7024933],[11.9790164,57.7024601]]]}},{"type":"Feature","properties":{"@id":"way/1154724156","building":"yes","building:levels":"1","height":"5"},"geometry":{"type":"Polygon","coordinates":[[[11.9811144,57.7042848],[11.9811154,57.7042405],[11.9811773,57.7042409],[11.9811762,57.7042852],[11.9811144,57.7042848]]]}},{"type":"Feature","properties":{"@id":"way/1154724157","building":"service","building:levels":"1","height":"5","roof:shape":"gabled"},"geometry":{"type":"Polygon","coordinates":[[[11.9844907,57.7051984],[11.9844915,57.7051767],[11.9845239,57.7051771],[11.9845357,57.7051772],[11.9845348,57.7051989],[11.9844907,57.7051984]]]}},{"type":"Feature","properties":{"@id":"way/1167610563","building":"service"},"geometry":{"type":"Polygon","coordinates":[[[11.9711596,57.6974015],[11.9711675,57.6973426],[11.9714573,57.6973537],[11.9714494,57.6974126],[11.9711596,57.6974015]]]}},{"type":"Feature","properties":{"@id":"way/1170874584","building":"yes"},"geometry":{"type":"Polygon","coordinates":[[[11.9806021,57.7012965],[11.9805504,57.7012716],[11.9805994,57.7012426],[11.9806511,57.7012675],[11.9806021,57.7012965]]]}},{"type":"Feature","properties":{"@id":"way/1180021070","building":"roof","height":"3"},"geometry":{"type":"Polygon","coordinates":[[[11.9706843,57.7093028],[11.9707521,57.7090727],[11.9708231,57.7090787],[11.9707552,57.7093087],[11.9706843,57.7093028]]]}},{"type":"Feature","properties":{"@id":"way/1180021071","building":"roof","height":"3"},"geometry":{"type":"Polygon","coordinates":[[[11.9708489,57.7093217],[11.9710865,57.7088899],[11.9711483,57.7088996],[11.9709105,57.7093313],[11.9708489,57.7093217]]]}},{"type":"Feature","properties":{"@id":"way/1180021072","building":"roof","height":"3"},"geometry":{"type":"Polygon","coordinates":[[[11.9710393,57.7093516],[11.9712752,57.7089205],[11.9713375,57.7089302],[11.9711015,57.7093613],[11.9710393,57.7093516]]]}},{"type":"Feature","properties":{"@id":"way/1180021073","building":"roof","height":"3"},"geometry":{"type":"Polygon","coordinates":[[[11.9714197,57.7089432],[11.9714818,57.708953],[11.9712449,57.7093834],[11.971183,57.7093736],[11.9714197,57.7089432]]]}},{"type":"Feature","properties":{"@id":"way/1195164377","building":"yes"},"geometry":{"type":"Polygon","coordinates":[[[11.9795005,57.7002691],[11.9794337,57.7002438],[11.9794717,57.7002152],[11.9795384,57.7002404],[11.9795005,57.7002691]]]}},{"type":"Feature","properties":{"@id":"way/1195264188","building":"yes"},"geometry":{"type":"Polygon","coordinates":[[[11.9698541,57.7036213],[11.9698197,57.7036013],[11.9698512,57.7035859],[11.9698856,57.7036059],[11.9698541,57.7036213]]]}},{"type":"Feature","properties":{"@id":"way/1196815370","building":"retail","building:levels":"2","roof:levels":"0"},"geometry":{"type":"Polygon","coordinates":[[[11.9651414,57.7025883],[11.9652164,57.7025417],[11.9652694,57.7025088],[11.96533,57.7025385],[11.9652051,57.7026153],[11.9651794,57.7026044],[11.9651626,57.7025973],[11.9651414,57.7025883]]]}},{"type":"Feature","properties":{"@id":"way/1207263275","building":"yes"},"geometry":{"type":"Polygon","coordinates":[[[11.9793972,57.7000774],[11.9794408,57.7000555],[11.9795173,57.7000989],[11.9794737,57.7001208],[11.9793972,57.7000774]]]}},{"type":"Feature","properties":{"@id":"way/1234665930","building":"yes"},"geometry":{"type":"Polygon","coordinates":[[[11.9775499,57.6971312],[11.9776021,57.6970964],[11.977575,57.6970848],[11.977597,57.6970698],[11.9777456,57.6971332],[11.9777227,57.6971797],[11.9776314,57.6971663],[11.9775499,57.6971312]]]}},{"type":"Feature","properties":{"@id":"way/1255414305","building":"yes"},"geometry":{"type":"Polygon","coordinates":[[[11.9813479,57.6986879],[11.9814102,57.6986567],[11.9814289,57.6986674],[11.9813666,57.6986985],[11.9813479,57.6986879]]]}},{"type":"Feature","properties":{"@id":"way/1255414306","building":"yes"},"geometry":{"type":"Polygon","coordinates":[[[11.9811722,57.6987764],[11.9812325,57.6987477],[11.9812524,57.6987596],[11.981192,57.6987883],[11.9811722,57.6987764]]]}},{"type":"Feature","properties":{"@id":"way/1255414307","building":"yes","building:levels":"1","roof:levels":"0","roof:shape":"round"},"geometry":{"type":"Polygon","coordinates":[[[11.9742257,57.7004229],[11.974242,57.7004113],[11.9742572,57.7004174],[11.9742812,57.7004271],[11.9742649,57.7004387],[11.9742257,57.7004229]]]}},{"type":"Feature","properties":{"@id":"way/1255414308","building":"yes","building:levels":"1","roof:levels":"0","roof:shape":"round"},"geometry":{"type":"Polygon","coordinates":[[[11.9740481,57.7003487],[11.9740687,57.7003355],[11.9741107,57.7003543],[11.97409,57.7003675],[11.9740481,57.7003487]]]}},{"type":"Feature","properties":{"@id":"way/1255733281","building":"yes","building:levels":"1","roof:shape":"flat"},"geometry":{"type":"Polygon","coordinates":[[[11.9844694,57.706199],[11.9844283,57.7061993],[11.9844238,57.7061981],[11.9844203,57.7061962],[11.984418,57.7061935],[11.984418,57.7061702],[11.9844199,57.7061679],[11.9844232,57.7061663],[11.9844282,57.7061654],[11.9844381,57.7061656],[11.9844761,57.7061663],[11.98448,57.7061673],[11.9844827,57.7061691],[11.9844836,57.7061716],[11.9844792,57.7061938],[11.984478,57.7061961],[11.9844741,57.706198],[11.9844694,57.706199]]]}},{"type":"Feature","properties":{"@id":"way/1280181679","building":"roof","height":"2"},"geometry":{"type":"Polygon","coordinates":[[[11.9791903,57.6964367],[11.9792325,57.6964091],[11.9792622,57.696422],[11.97922,57.6964497],[11.9791903,57.6964367]]]}},{"type":"Feature","properties":{"@id":"way/1298653100","building":"yes","building:levels":"1"},"geometry":{"type":"Polygon","coordinates":[[[11.9727293,57.7024834],[11.9727355,57.7024847],[11.9728141,57.7025206],[11.9728158,57.7025223],[11.9728151,57.702524],[11.9728132,57.7025256],[11.9727882,57.7025412],[11.972785,57.702542],[11.9727818,57.7025421],[11.9727779,57.7025412],[11.9726995,57.7025054],[11.9726972,57.7025026],[11.972697,57.7025],[11.9727002,57.7024975],[11.9727189,57.7024859],[11.9727234,57.7024841],[11.9727293,57.7024834]]]}},{"type":"Feature","properties":{"@id":"way/1352425876","building":"yes","building:levels":"1","roof:levels":"0","roof:shape":"round"},"geometry":{"type":"Polygon","coordinates":[[[11.9673265,57.7076373],[11.9673521,57.7075911],[11.9673778,57.7075951],[11.9673523,57.7076414],[11.9673265,57.7076373]]]}},{"type":"Feature","properties":{"@id":"way/1355332315","building":"yes","building:levels":"1"},"geometry":{"type":"Polygon","coordinates":[[[11.9702072,57.7026937],[11.9703557,57.7025903],[11.9707079,57.7027455],[11.9706028,57.7028071],[11.9705364,57.7027759],[11.9704796,57.7028128],[11.9702072,57.7026937]]]}},{"type":"Feature","properties":{"@id":"way/1372793089","building":"yes","building:levels":"1","roof:levels":"0","roof:shape":"round"},"geometry":{"type":"Polygon","coordinates":[[[11.9691382,57.7070992],[11.9691467,57.7070842],[11.9691959,57.7070922],[11.9691875,57.7071072],[11.9691382,57.7070992]]]}},{"type":"Feature","properties":{"@id":"way/1372793090","building":"yes","building:levels":"1","roof:levels":"0","roof:shape":"round"},"geometry":{"type":"Polygon","coordinates":[[[11.9689661,57.7070731],[11.9689741,57.707059],[11.9690297,57.7070679],[11.9690218,57.7070821],[11.9689661,57.7070731]]]}},{"type":"Feature","properties":{"@id":"way/1372793091","building":"yes","building:levels":"1","roof:levels":"0","roof:shape":"round"},"geometry":{"type":"Polygon","coordinates":[[[11.9738685,57.7005765],[11.9739282,57.7006013],[11.9739068,57.700616],[11.9738471,57.7005913],[11.9738685,57.7005765]]]}},{"type":"Feature","properties":{"@id":"way/1372793092","building":"yes","building:levels":"1","roof:levels":"0","roof:shape":"round"},"geometry":{"type":"Polygon","coordinates":[[[11.9735815,57.7004809],[11.973603,57.700467],[11.9736681,57.7004956],[11.9736466,57.7005095],[11.9735815,57.7004809]]]}},{"type":"Feature","properties":{"@id":"way/1373116275","building":"roof"},"geometry":{"type":"Polygon","coordinates":[[[11.9814232,57.7041388],[11.9812934,57.7040837],[11.9813233,57.7040636],[11.9814531,57.7041188],[11.9814232,57.7041388]]]}},{"type":"Feature","properties":{"@id":"way/1382645935","building":"yes"},"geometry":{"type":"Polygon","coordinates":[[[11.9824013,57.6983116],[11.9824664,57.6982794],[11.9824838,57.6982894],[11.9824187,57.6983217],[11.9824013,57.6983116]]]}},{"type":"Feature","properties":{"@id":"way/1382645936","building":"yes"},"geometry":{"type":"Polygon","coordinates":[[[11.982577,57.6982245],[11.9826438,57.6981915],[11.9826601,57.6982009],[11.9825934,57.698234],[11.982577,57.6982245]]]}},{"type":"Feature","properties":{"@id":"way/1382670571","building":"yes","building:levels":"1","roof:levels":"0","roof:shape":"round"},"geometry":{"type":"Polygon","coordinates":[[[11.9695743,57.7066457],[11.9695832,57.7066294],[11.9696637,57.706642],[11.9696548,57.7066583],[11.9695743,57.7066457]]]}},{"type":"Feature","properties":{"@id":"way/1382670572","building":"yes","building:levels":"1","roof:levels":"0","roof:shape":"round"},"geometry":{"type":"Polygon","coordinates":[[[11.969111,57.7065741],[11.9691201,57.7065567],[11.9691966,57.7065681],[11.9691874,57.7065855],[11.969111,57.7065741]]]}},{"type":"Feature","properties":{"@id":"way/1382670573","building":"yes","building:levels":"1","roof:levels":"0","roof:shape":"round"},"geometry":{"type":"Polygon","coordinates":[[[11.9676264,57.7078489],[11.9676383,57.7078262],[11.9676673,57.7078306],[11.9676554,57.7078532],[11.9676264,57.7078489]]]}},{"type":"Feature","properties":{"@id":"way/1382670574","building":"yes","building:levels":"1","roof:levels":"0","roof:shape":"round"},"geometry":{"type":"Polygon","coordinates":[[[11.9676005,57.7079003],[11.9676122,57.7078782],[11.9676401,57.7078824],[11.9676285,57.7079045],[11.9676005,57.7079003]]]}},{"type":"Feature","properties":{"@id":"way/1382671383","building":"yes"},"geometry":{"type":"Polygon","coordinates":[[[11.9734977,57.7072572],[11.9735026,57.7072462],[11.9735656,57.7072541],[11.9735607,57.7072651],[11.9734977,57.7072572]]]}},{"type":"Feature","properties":{"@id":"way/1388220420","building":"yes","building:levels":"1","roof:shape":"gabled"},"geometry":{"type":"Polygon","coordinates":[[[11.9661688,57.7056518],[11.9662805,57.7056691],[11.966258,57.7057106],[11.9661444,57.7056941],[11.9661688,57.7056518]]]}},{"type":"Feature","properties":{"@id":"way/1388221272","building":"yes","building:levels":"1","roof:levels":"1","roof:shape":"mansard"},"geometry":{"type":"Polygon","coordinates":[[[11.9660511,57.7057795],[11.9660443,57.7057916],[11.9660241,57.7058277],[11.9660144,57.7058451],[11.9660029,57.7058478],[11.9659271,57.7058369],[11.9659647,57.7057672],[11.9659968,57.7057718],[11.9660511,57.7057795]]]}},{"type":"Feature","properties":{"@id":"way/1393563099","building":"roof"},"geometry":{"type":"Polygon","coordinates":[[[11.9747195,57.7071764],[11.9747876,57.7070932],[11.9748354,57.7071044],[11.9747673,57.7071876],[11.9747195,57.7071764]]]}},{"type":"Feature","properties":{"@id":"way/1416828422","building":"yes"},"geometry":{"type":"Polygon","coordinates":[[[11.9792657,57.7080606],[11.9790979,57.7080585],[11.9791008,57.7079925],[11.9792687,57.7079946],[11.9792673,57.7080251],[11.9792657,57.7080606]]]}},{"type":"Feature","properties":{"@id":"way/1420810408","building":"service"},"geometry":{"type":"Polygon","coordinates":[[[11.9770121,57.7078451],[11.9770054,57.7077985],[11.9770582,57.7077964],[11.9770649,57.7078429],[11.9770121,57.7078451]]]}},{"type":"Feature","properties":{"@id":"way/1430170872","building":"yes","name":"Hyatt Place Gothenburg Central"},"geometry":{"type":"Polygon","coordinates":[[[11.9723004,57.7088455],[11.9728738,57.7089361],[11.972572,57.7094035],[11.9720183,57.7093115],[11.9723004,57.7088455]]]}},{"type":"Feature","properties":{"@id":"way/1481101044","building":"service"},"geometry":{"type":"Polygon","coordinates":[[[11.9821344,57.6962919],[11.9821729,57.6963111],[11.9821102,57.696347],[11.9820718,57.6963278],[11.9821344,57.6962919]]]}},{"type":"Feature","properties":{"@id":"way/1481113577","building":"yes"},"geometry":{"type":"Polygon","coordinates":[[[11.9803332,57.7017951],[11.9803394,57.7018008],[11.9803419,57.7018071],[11.9803404,57.7018136],[11.9803352,57.7018195],[11.9803267,57.7018242],[11.9803158,57.7018271],[11.9803034,57.7018281],[11.9802911,57.7018268],[11.9802803,57.7018235],[11.9802721,57.7018184],[11.9802675,57.7018121],[11.980267,57.7018054],[11.9802707,57.701799],[11.9802781,57.7017936],[11.9802884,57.7017898],[11.9803005,57.701788],[11.9803127,57.7017884],[11.9803239,57.7017909],[11.9803332,57.7017951]]]}},{"type":"Feature","properties":{"@id":"way/1545099921","building":"service"},"geometry":{"type":"Polygon","coordinates":[[[11.972737,57.6986429],[11.9727676,57.698655],[11.9726814,57.6987169],[11.9726509,57.6987047],[11.972737,57.6986429]]]}},{"type":"Feature","properties":{"@id":"way/1552305283","building":"yes"},"geometry":{"type":"Polygon","coordinates":[[[11.9750216,57.7085658],[11.9750275,57.7085541],[11.9750816,57.7085619],[11.9750756,57.7085737],[11.9750216,57.7085658]]]}},{"type":"Feature","properties":{"@id":"way/1558782535","building":"yes"},"geometry":{"type":"Polygon","coordinates":[[[11.978752,57.6958953],[11.9788094,57.6958243],[11.9788713,57.6957479],[11.9790973,57.6958001],[11.978978,57.6959475],[11.9788695,57.6959224],[11.978752,57.6958953]]]}},{"type":"Feature","properties":{"@id":"relation/277588","building":"apartments","building:levels":"6","roof:levels":"2"},"geometry":{"type":"Polygon","coordinates":[[[11.972111,57.6963714],[11.972099,57.69638],[11.9720857,57.6963868],[11.9720698,57.6963893],[11.9720513,57.6963892],[11.9720352,57.6963859],[11.9719,57.6964117],[11.9718856,57.6964208],[11.9718638,57.6964263],[11.971846,57.6964268],[11.9718283,57.6964252],[11.9716726,57.6964551],[11.9716514,57.6964689],[11.9716249,57.6964744],[11.9715974,57.6964719],[11.9714526,57.6965067],[11.9714543,57.6965107],[11.9714386,57.696521],[11.971424,57.6965282],[11.9714048,57.6965314],[11.971381,57.6965324],[11.9713651,57.6965298],[11.9713031,57.6965431],[11.9712719,57.6965448],[11.9712481,57.6965432],[11.9712222,57.6965342],[11.9711999,57.696518],[11.9711927,57.6965084],[11.9711924,57.6964946],[11.9711984,57.6964783],[11.9712258,57.6964456],[11.9712217,57.6964361],[11.9712335,57.6964205],[11.9712516,57.6964154],[11.9712776,57.6963844],[11.97127,57.6963751],[11.9712696,57.6963651],[11.9712759,57.6963565],[11.9712937,57.6963463],[11.9713141,57.6963421],[11.9713971,57.6962417],[11.971391,57.6962366],[11.9713888,57.6962296],[11.9713904,57.69622],[11.9714004,57.6962103],[11.9714204,57.6962004],[11.9714337,57.696199],[11.9715087,57.6961097],[11.9715064,57.6960982],[11.971511,57.6960861],[11.971523,57.6960764],[11.9715331,57.6960706],[11.9715456,57.6960662],[11.9715487,57.6960625],[11.9716788,57.6959076],[11.9718233,57.6957364],[11.9719527,57.6955827],[11.9720463,57.6954717],[11.9721925,57.6952992],[11.9723032,57.6951667],[11.9724463,57.694996],[11.9725155,57.6949144],[11.9725413,57.6948645],[11.9725326,57.6948536],[11.9725429,57.6948328],[11.9725723,57.6948252],[11.9726023,57.6947651],[11.9725919,57.6947556],[11.9726048,57.6947347],[11.9726323,57.6947276],[11.972678,57.6946496],[11.9726648,57.6946392],[11.9726776,57.6946195],[11.9727002,57.6946142],[11.9727049,57.6946052],[11.9726949,57.6945938],[11.9727054,57.6945744],[11.9727288,57.694569],[11.9727527,57.6945313],[11.9728402,57.6945239],[11.9729012,57.6945709],[11.9729293,57.6945719],[11.9729541,57.69459],[11.97295,57.6946038],[11.9730275,57.6946604],[11.9730552,57.694662],[11.9730668,57.6946703],[11.9730788,57.6946794],[11.9730751,57.6947023],[11.9731302,57.6947417],[11.9731363,57.6947396],[11.9732428,57.694818],[11.9734486,57.6949671],[11.9733881,57.6950319],[11.9725859,57.695912],[11.972589,57.6959245],[11.9725643,57.69595],[11.9725483,57.6959539],[11.9724495,57.6960618],[11.9724563,57.6960723],[11.9724589,57.6960832],[11.9724506,57.6961],[11.9724342,57.6961119],[11.9724087,57.6961205],[11.9723928,57.6961232],[11.9722009,57.6963311],[11.9721998,57.6963448],[11.9721953,57.6963514],[11.9721804,57.6963634],[11.9721637,57.696369],[11.9721434,57.6963723],[11.972111,57.6963714]],[[11.9719657,57.6962796],[11.9720854,57.6961462],[11.9720918,57.6961456],[11.9721246,57.6961149],[11.9721184,57.6961135],[11.9722557,57.6959505],[11.9722792,57.6959547],[11.9723129,57.6959183],[11.9723098,57.6959075],[11.9723678,57.6958513],[11.9723639,57.6958453],[11.9723657,57.6958386],[11.9723734,57.6958283],[11.9723888,57.6958231],[11.9723971,57.695823],[11.9724447,57.6957764],[11.9724492,57.6957684],[11.9724461,57.6957608],[11.9724347,57.6957535],[11.9724838,57.6956979],[11.9725072,57.6957041],[11.9725705,57.695634],[11.9725453,57.6956272],[11.9725958,57.6955724],[11.9726121,57.6955713],[11.9726611,57.6955172],[11.9726545,57.6955118],[11.972656,57.6954999],[11.9726721,57.6954928],[11.972683,57.6954931],[11.9727462,57.6954237],[11.9727414,57.695417],[11.9727411,57.6954104],[11.972751,57.6954022],[11.9727602,57.6953986],[11.9727701,57.6953975],[11.9728108,57.6953522],[11.9728067,57.69534],[11.9728075,57.6953319],[11.9728828,57.6952473],[11.9728967,57.6952399],[11.9729266,57.6952309],[11.9729632,57.6951885],[11.9729591,57.6951824],[11.9729497,57.6951759],[11.9729881,57.6951334],[11.9729961,57.6951314],[11.9730036,57.6951308],[11.9730294,57.6951382],[11.9730455,57.695121],[11.9730249,57.6951169],[11.9730174,57.6951132],[11.9730098,57.6951076],[11.9730084,57.6951002],[11.9730123,57.6950952],[11.9730204,57.6950898],[11.9730331,57.6950862],[11.9730496,57.695086],[11.973073,57.6950925],[11.9731089,57.6950553],[11.9731331,57.6950304],[11.9731086,57.6950242],[11.9731003,57.695016],[11.9731009,57.6950049],[11.9731095,57.6949967],[11.973126,57.6949902],[11.9731456,57.6949889],[11.9731664,57.6949938],[11.9731873,57.6949726],[11.9731653,57.6949542],[11.9731429,57.6949559],[11.9731333,57.6949526],[11.9731225,57.6949455],[11.9731198,57.6949375],[11.9730924,57.6949179],[11.9730535,57.6948901],[11.9730412,57.6948806],[11.9730206,57.6948848],[11.9730018,57.6948827],[11.9729907,57.6948782],[11.9729837,57.6948722],[11.9729827,57.694864],[11.9729852,57.6948558],[11.972998,57.6948487],[11.9729424,57.6948076],[11.9728886,57.6947695],[11.9728887,57.6947563],[11.9728963,57.6947444],[11.9728572,57.6947107],[11.9728476,57.6947095],[11.97282,57.6947565],[11.9728208,57.6947616],[11.9728293,57.6947617],[11.9728316,57.6947716],[11.97278,57.6948478],[11.972786,57.6948784],[11.972731,57.6949677],[11.972735,57.6949688],[11.9727444,57.694982],[11.9727261,57.6949977],[11.9727459,57.6950223],[11.9727221,57.6950506],[11.9727179,57.6950531],[11.972707,57.6950561],[11.9726951,57.6950568],[11.9726774,57.6950533],[11.9726693,57.6950645],[11.972691,57.6950744],[11.9726926,57.6950825],[11.9726884,57.6950892],[11.972679,57.6950936],[11.9726678,57.6950971],[11.9726507,57.695095],[11.9725963,57.6951591],[11.9726011,57.6951622],[11.9726036,57.6951691],[11.9726013,57.6951737],[11.9725953,57.6951786],[11.9725857,57.6951823],[11.9725763,57.6951832],[11.9725679,57.6951918],[11.9725807,57.6952015],[11.9725814,57.6952086],[11.9725762,57.6952144],[11.9725634,57.6952198],[11.9725426,57.6952199],[11.9725168,57.6952511],[11.9725229,57.6952579],[11.9725227,57.6952641],[11.972516,57.6952706],[11.9725072,57.6952746],[11.9724943,57.6952769],[11.9724157,57.6953682],[11.9724247,57.6953819],[11.9723921,57.6954243],[11.9723616,57.6954304],[11.9722702,57.6955395],[11.9723159,57.6955502],[11.9723009,57.6955681],[11.9722554,57.6955574],[11.9717061,57.696211],[11.9716101,57.6962785],[11.9715981,57.6962831],[11.9715512,57.6963161],[11.9715486,57.6963264],[11.9715536,57.6963361],[11.9715638,57.6963426],[11.9715779,57.6963467],[11.9715898,57.6963481],[11.9716039,57.696347],[11.9716775,57.6963227],[11.9717707,57.6963043],[11.971818,57.6962985],[11.9719034,57.6962919],[11.9719594,57.6962825],[11.9719657,57.6962796]]]}},{"type":"Feature","properties":{"@id":"relation/452799","building":"university","building:levels":"3","name":"Institutionen för filosofi, lingvistik och vetenskapsteori","roof:levels":"0","roof:shape":"quadruple_saltbox"},"geometry":{"type":"Polygon","coordinates":[[[11.9839307,57.6963584],[11.9836373,57.6961338],[11.9836055,57.6961456],[11.9835807,57.6961266],[11.98351,57.6960725],[11.9837178,57.6959949],[11.9837327,57.6960063],[11.9841703,57.695843],[11.9845445,57.6961294],[11.9844,57.6961833],[11.9840497,57.696314],[11.9839307,57.6963584]],[[11.984044,57.6962253],[11.9843377,57.6961179],[11.9841239,57.6959509],[11.9841039,57.6959582],[11.9841164,57.695968],[11.984062,57.6959879],[11.9840494,57.695978],[11.98383,57.6960582],[11.984044,57.6962253]]]}},{"type":"Feature","properties":{"@id":"relation/1110093","building":"apartments"},"geometry":{"type":"Polygon","coordinates":[[[11.9708854,57.69628],[11.9708242,57.6963066],[11.97069,57.696309],[11.9706594,57.6962908],[11.9705621,57.6962027],[11.9705238,57.6961593],[11.9704144,57.6960614],[11.9702659,57.695973],[11.9701551,57.6959081],[11.9702156,57.6958518],[11.97023,57.6958378],[11.9702859,57.6957917],[11.9704004,57.6956972],[11.9705664,57.6955506],[11.9708811,57.695282],[11.970858,57.6952743],[11.9709076,57.6952304],[11.9711109,57.6950503],[11.9713226,57.6951051],[11.9713103,57.6951191],[11.9717671,57.6952288],[11.9715821,57.6954494],[11.9714576,57.6955978],[11.971262,57.695831],[11.97112,57.6960004],[11.9710109,57.6961304],[11.9709042,57.6962576],[11.9708854,57.69628]],[[11.9714744,57.6952815],[11.9712424,57.6952226],[11.9712463,57.6952176],[11.971227,57.6952115],[11.9712248,57.6952032],[11.9711838,57.6951934],[11.9711269,57.6952418],[11.9710728,57.6952877],[11.9710392,57.6953162],[11.9710646,57.6953264],[11.9710226,57.6953634],[11.9708918,57.6954789],[11.970751,57.6956044],[11.9705254,57.6958053],[11.9705694,57.6958206],[11.9705151,57.6958607],[11.9704615,57.6959004],[11.9705869,57.6959828],[11.9707208,57.6961028],[11.9706831,57.6961173],[11.9707195,57.6961489],[11.9707547,57.6961387],[11.9707724,57.6961431],[11.9707951,57.6961114],[11.9707788,57.6961071],[11.9707677,57.6960968],[11.9707724,57.696083],[11.9714257,57.6953048],[11.971449,57.6953108],[11.9714744,57.6952815]]]}},{"type":"Feature","properties":{"@id":"relation/1110269","building":"yes"},"geometry":{"type":"Polygon","coordinates":[[[11.9780185,57.6991627],[11.9778158,57.6993025],[11.9777663,57.6993369],[11.9767835,57.7000148],[11.9762584,57.6998008],[11.9772205,57.6991366],[11.9773423,57.6990525],[11.9775207,57.6989293],[11.9778541,57.6990636],[11.9780125,57.6991274],[11.9780185,57.6991627]],[[11.9776331,57.699282],[11.9774583,57.6992107],[11.9772821,57.6993342],[11.9774569,57.6994054],[11.9776331,57.699282]]]}},{"type":"Feature","properties":{"@id":"relation/1110271","building":"hotel","name":"Hotel Liseberg Heden"},"geometry":{"type":"Polygon","coordinates":[[[11.9816222,57.7012262],[11.9818715,57.7012268],[11.9818699,57.7014495],[11.9818696,57.7014883],[11.9818695,57.7014959],[11.9818912,57.7014959],[11.9819126,57.7015173],[11.9819609,57.7015012],[11.9820195,57.701518],[11.982021,57.7015575],[11.9819665,57.7015716],[11.9819673,57.7015878],[11.982023,57.7016078],[11.9820247,57.701653],[11.98196,57.7016747],[11.981888,57.7016524],[11.9818883,57.7016232],[11.9818097,57.701623],[11.9818092,57.7016941],[11.981755,57.701694],[11.9817539,57.7018462],[11.9817421,57.7018462],[11.9817397,57.7020631],[11.9808159,57.70206],[11.9808039,57.7020646],[11.9807925,57.7020646],[11.9807669,57.7020645],[11.980747,57.7020526],[11.9807471,57.7020389],[11.980662,57.7020388],[11.9806661,57.7014725],[11.9806877,57.7014726],[11.980688,57.7014558],[11.9807092,57.7014449],[11.9807354,57.7014454],[11.9807357,57.7014095],[11.9810476,57.7014101],[11.9810485,57.7012942],[11.9810722,57.7012943],[11.9810727,57.7012251],[11.9816222,57.7012262]],[[11.9816289,57.7013539],[11.9812717,57.7013506],[11.9812691,57.7014326],[11.9815005,57.7014338],[11.9815016,57.7014017],[11.9815538,57.7013727],[11.9816283,57.7013723],[11.9816289,57.7013539]],[[11.9815092,57.7017947],[11.9808747,57.7017894],[11.9808713,57.7019067],[11.9815057,57.701912],[11.9815092,57.7017947]],[[11.9808517,57.7015485],[11.9808484,57.7016692],[11.9814034,57.7016735],[11.9814041,57.7016472],[11.9813337,57.7016466],[11.9813363,57.7015522],[11.9808517,57.7015485]]]}},{"type":"Feature","properties":{"@id":"relation/1113257","building":"office","building:levels":"4","roof:levels":"1"},"geometry":{"type":"Polygon","coordinates":[[[11.9723361,57.7014086],[11.9724399,57.7014512],[11.9724306,57.7014575],[11.9726202,57.7015352],[11.972678,57.7015589],[11.9726873,57.7015526],[11.9727868,57.7015934],[11.9726981,57.7016552],[11.9726825,57.7016488],[11.9726083,57.7017002],[11.9726,57.701706],[11.9725205,57.7017608],[11.9725361,57.7017671],[11.9724555,57.7018233],[11.972357,57.7017829],[11.9723668,57.7017755],[11.9721288,57.7016779],[11.972119,57.7016854],[11.9720047,57.7016385],[11.9720898,57.7015792],[11.972106,57.7015852],[11.9722644,57.7014757],[11.9722483,57.7014697],[11.9723361,57.7014086]],[[11.972379,57.701583],[11.9723586,57.7015849],[11.9723338,57.7016018],[11.9723344,57.7016149],[11.972416,57.7016483],[11.9724265,57.7016361],[11.9724449,57.7016247],[11.9724767,57.7016185],[11.972379,57.701583]]]}},{"type":"Feature","properties":{"@id":"relation/1229859","building":"yes"},"geometry":{"type":"Polygon","coordinates":[[[11.9717751,57.7068924],[11.9717516,57.7069346],[11.9713707,57.7068754],[11.9712548,57.7068574],[11.9706362,57.7067612],[11.9707281,57.7065925],[11.9708966,57.7066187],[11.9709836,57.7064589],[11.9708151,57.7064327],[11.9709075,57.706263],[11.971024,57.7062811],[11.9715887,57.7063688],[11.9720134,57.7064348],[11.9720446,57.7064713],[11.971957,57.7066322],[11.9718127,57.7068973],[11.9717751,57.7068924]],[[11.9715862,57.7067338],[11.9716793,57.7065603],[11.9711766,57.7064834],[11.9710836,57.7066569],[11.9715862,57.7067338]]]}},{"type":"Feature","properties":{"@id":"relation/1229861","building":"yes"},"geometry":{"type":"Polygon","coordinates":[[[11.9701186,57.7044249],[11.9698184,57.7042934],[11.9698439,57.7042768],[11.9700216,57.704161],[11.9702023,57.7040433],[11.9704994,57.7041754],[11.9702973,57.7043084],[11.9701186,57.7044249]],[[11.9701665,57.7042579],[11.970194,57.7042696],[11.9702825,57.7042104],[11.9701994,57.704175],[11.9701465,57.7042104],[11.9701629,57.7042175],[11.9701217,57.704245],[11.9701057,57.7042382],[11.9700662,57.7042646],[11.9701214,57.7042881],[11.9701665,57.7042579]]]}},{"type":"Feature","properties":{"@id":"relation/1229863","building":"hotel","building:levels":"3","name":"Hotel Eggers","roof:levels":"2","roof:shape":"gambrel"},"geometry":{"type":"Polygon","coordinates":[[[11.9718314,57.708181],[11.9718484,57.7081489],[11.9717504,57.7081335],[11.9718904,57.7078779],[11.9719337,57.7078829],[11.9719851,57.7078888],[11.9719813,57.7078989],[11.9725829,57.708039],[11.9725933,57.7080404],[11.972599,57.708044],[11.9725987,57.7080491],[11.9725439,57.7081449],[11.9725572,57.7081463],[11.9725637,57.7081525],[11.972549,57.7081815],[11.9725338,57.7081857],[11.9725226,57.708184],[11.9724779,57.7082643],[11.9724673,57.7082833],[11.9724572,57.7082848],[11.9723789,57.7082732],[11.9718314,57.708181]],[[11.9719921,57.7081169],[11.9722885,57.7081666],[11.9723064,57.7081473],[11.9723008,57.7081405],[11.9722979,57.7081331],[11.9722985,57.7081251],[11.9723046,57.7081153],[11.9723166,57.7081078],[11.9723236,57.7080973],[11.972038,57.7080288],[11.9719921,57.7081169]]]}},{"type":"Feature","properties":{"@id":"relation/1229864","building":"yes"},"geometry":{"type":"Polygon","coordinates":[[[11.9717097,57.7044749],[11.9715509,57.7043738],[11.9715356,57.7043642],[11.9715488,57.7042353],[11.9715592,57.7041495],[11.971784,57.7041564],[11.97194,57.7041609],[11.9719692,57.7041813],[11.9719187,57.7043808],[11.9717097,57.7044749]],[[11.9716298,57.7042498],[11.9716221,57.7043456],[11.9716452,57.7043676],[11.9717,57.7043447],[11.9717367,57.7043374],[11.971761,57.7043177],[11.9717668,57.7042691],[11.9717738,57.7042553],[11.9716298,57.7042498]]]}},{"type":"Feature","properties":{"@id":"relation/1229864","building":"yes"},"geometry":{"type":"Polygon","coordinates":[[[11.9708953,57.7041587],[11.9709082,57.7041465],[11.9709366,57.7041363],[11.9709782,57.7041315],[11.9710047,57.7041341],[11.9712716,57.7041418],[11.9712472,57.7043417],[11.9711272,57.7044275],[11.9708967,57.7043184],[11.9707529,57.7042559],[11.9708953,57.7041587]],[[11.971007,57.7042463],[11.9709508,57.7042834],[11.971105,57.7043505],[11.9711595,57.7043354],[11.9711701,57.7042406],[11.9710517,57.7042373],[11.971007,57.7042463]]]}},{"type":"Feature","properties":{"@id":"relation/1260074","building":"yes"},"geometry":{"type":"Polygon","coordinates":[[[11.9720505,57.7053987],[11.9720891,57.7054521],[11.9721281,57.7055049],[11.9721451,57.7055268],[11.9718557,57.7055877],[11.971625,57.7056364],[11.9714609,57.7054128],[11.9715783,57.7053881],[11.9717526,57.7053513],[11.971981,57.7053032],[11.9720505,57.7053987]],[[11.9719401,57.7054196],[11.9717278,57.7054641],[11.9717858,57.705543],[11.9719981,57.7054985],[11.9719401,57.7054196]]]}},{"type":"Feature","properties":{"@id":"relation/1260075","building":"apartments","building:levels":"4","roof:levels":"1"},"geometry":{"type":"Polygon","coordinates":[[[11.9722696,57.7059821],[11.9721542,57.7060064],[11.9719636,57.7060466],[11.9719225,57.7060394],[11.9717609,57.7058204],[11.9719892,57.7057723],[11.9720979,57.7057494],[11.9721167,57.7057748],[11.9722696,57.7059821]],[[11.9720497,57.7059662],[11.9721427,57.7059467],[11.9720467,57.7058159],[11.9719537,57.7058353],[11.9720497,57.7059662]]]}},{"type":"Feature","properties":{"@id":"relation/1275367","building":"yes"},"geometry":{"type":"Polygon","coordinates":[[[11.9650973,57.7026253],[11.9651752,57.7026483],[11.9658056,57.7028152],[11.9655341,57.7031107],[11.9651431,57.703003],[11.9651325,57.703016],[11.9647148,57.7029026],[11.9647329,57.7028865],[11.9648514,57.7027807],[11.9648702,57.702764],[11.9650413,57.7026603],[11.9650973,57.7026253]],[[11.9654178,57.7028095],[11.965293,57.7029463],[11.9654488,57.7029855],[11.9655567,57.7028647],[11.9655106,57.7028518],[11.9654828,57.70286],[11.965452,57.7028518],[11.9654417,57.7028353],[11.9654556,57.7028196],[11.9654178,57.7028095]],[[11.9651174,57.702759],[11.9650881,57.7027786],[11.9651213,57.7027947],[11.9650544,57.7028446],[11.9650386,57.7028662],[11.9651603,57.7028987],[11.965255,57.7027955],[11.9651174,57.702759]]]}},{"type":"Feature","properties":{"@id":"relation/1275368","building":"yes"},"geometry":{"type":"Polygon","coordinates":[[[11.9646761,57.7033633],[11.9646254,57.7034563],[11.9648948,57.7034942],[11.9648482,57.7035844],[11.9647208,57.7035664],[11.964363,57.703516],[11.9644261,57.7034073],[11.9645187,57.7032423],[11.964661,57.7029888],[11.9647032,57.702977],[11.9647371,57.7029675],[11.9650202,57.7030551],[11.9651413,57.7030925],[11.9649451,57.7034091],[11.9646761,57.7033633]],[[11.9647824,57.7031517],[11.9648066,57.7031545],[11.964821,57.7031314],[11.9649975,57.7031598],[11.9650194,57.7031297],[11.9648164,57.703091],[11.9647824,57.7031517]],[[11.9649422,57.7032456],[11.9648854,57.7032363],[11.9648703,57.703263],[11.9647771,57.7032484],[11.9647945,57.7032185],[11.9647551,57.7032108],[11.9646857,57.7033202],[11.9648728,57.7033549],[11.9649422,57.7032456]]]}},{"type":"Feature","properties":{"@id":"relation/1275369","building":"apartments","building:levels":"3","roof:levels":"1"},"geometry":{"type":"Polygon","coordinates":[[[11.9660658,57.7033406],[11.9662476,57.7033922],[11.9663117,57.7034104],[11.9668387,57.7035601],[11.9667023,57.7038348],[11.9666487,57.7038578],[11.9665478,57.7038424],[11.9662207,57.7037925],[11.9658601,57.7037345],[11.9660658,57.7033406]],[[11.9664039,57.7035975],[11.9663685,57.7036611],[11.9662696,57.7036454],[11.9662884,57.7036116],[11.9662269,57.7036018],[11.966188,57.7036717],[11.9664408,57.7037118],[11.9664963,57.7036122],[11.9664039,57.7035975]]]}},{"type":"Feature","properties":{"@id":"relation/1275370","building":"yes"},"geometry":{"type":"Polygon","coordinates":[[[11.9654459,57.7036722],[11.9653094,57.7036541],[11.9649891,57.7036057],[11.9648482,57.7035844],[11.9648948,57.7034942],[11.9649451,57.7034091],[11.9651413,57.7030925],[11.9655898,57.7032072],[11.9656796,57.7032309],[11.9654459,57.7036722]],[[11.9650809,57.7035179],[11.9652593,57.7032383],[11.9651538,57.7032191],[11.9649755,57.7034987],[11.9650809,57.7035179]],[[11.9654872,57.7033023],[11.9653342,57.7035469],[11.96537,57.7035529],[11.9654112,57.7035598],[11.965497,57.7034183],[11.9655579,57.7033179],[11.9655166,57.7033087],[11.9654872,57.7033023]]]}},{"type":"Feature","properties":{"@id":"relation/1275371","building":"yes"},"geometry":{"type":"Polygon","coordinates":[[[11.9660658,57.7033406],[11.9658601,57.7037345],[11.9656301,57.7036999],[11.9654459,57.7036722],[11.9656796,57.7032309],[11.9658503,57.7032794],[11.9660658,57.7033406]],[[11.965812,57.7033899],[11.96579,57.7033863],[11.9657099,57.7033732],[11.9656685,57.7034458],[11.9655855,57.7035915],[11.9656856,57.7036061],[11.9657823,57.7036236],[11.9659067,57.7034053],[11.965812,57.7033899]]]}},{"type":"Feature","properties":{"@id":"relation/1314301","building":"apartments","building:levels":"3","roof:levels":"1","roof:shape":"many"},"geometry":{"type":"Polygon","coordinates":[[[11.9710917,57.6949103],[11.9711345,57.6947968],[11.9712065,57.6948006],[11.9713631,57.6942118],[11.9712842,57.6942131],[11.9712705,57.693694],[11.9714606,57.6936659],[11.9715695,57.6936486],[11.971583,57.6936464],[11.971639,57.6936375],[11.9718779,57.6938044],[11.9721208,57.6939793],[11.9723407,57.6941298],[11.97236,57.6942028],[11.9723786,57.6942674],[11.9723071,57.6943729],[11.9721919,57.6945429],[11.9719279,57.6949322],[11.9718338,57.695071],[11.9717438,57.6950493],[11.9714323,57.6949744],[11.9714155,57.6949901],[11.9710917,57.6949103]],[[11.9713351,57.6948441],[11.9713752,57.6948569],[11.9714159,57.6948384],[11.9716792,57.6949048],[11.9717259,57.6948946],[11.9717619,57.6948405],[11.9717213,57.6947953],[11.9720234,57.6943709],[11.9720005,57.6942615],[11.9720177,57.6942513],[11.9720414,57.6942512],[11.9720568,57.6942581],[11.972068,57.6942251],[11.9720305,57.6941941],[11.972021,57.6941985],[11.9720038,57.6941991],[11.9719878,57.6941936],[11.9719695,57.6941081],[11.9719934,57.6940967],[11.9715183,57.6937493],[11.9715085,57.6937592],[11.9714829,57.6937643],[11.9714607,57.6937623],[11.9714679,57.6938566],[11.9714875,57.6938727],[11.9714974,57.6939922],[11.9715017,57.6940747],[11.9715628,57.6940743],[11.9715617,57.6941072],[11.9715768,57.6941068],[11.9715798,57.6941846],[11.9715537,57.6941908],[11.9715293,57.6943],[11.9713859,57.6948269],[11.9713717,57.694832],[11.9713514,57.694828],[11.9713351,57.6948441]]]}},{"type":"Feature","properties":{"@id":"relation/1314302","building":"apartments","building:levels":"3","roof:levels":"1","roof:shape":"hipped"},"geometry":{"type":"Polygon","coordinates":[[[11.970111,57.6949107],[11.97021,57.694743],[11.9702918,57.6946044],[11.9703087,57.6945758],[11.9703951,57.6944572],[11.9705058,57.6943051],[11.9708651,57.6942993],[11.9710429,57.6942965],[11.9710253,57.6943852],[11.9710105,57.6944597],[11.9709638,57.6945383],[11.9708702,57.694696],[11.9707736,57.6948585],[11.9706844,57.6950087],[11.9705473,57.6949853],[11.9703093,57.6949446],[11.970111,57.6949107]],[[11.9703629,57.6948426],[11.9705607,57.694877],[11.9708326,57.6944092],[11.9706485,57.6944108],[11.9706168,57.6944545],[11.9705574,57.6945363],[11.9705032,57.694611],[11.9704878,57.6946363],[11.9704636,57.6946763],[11.9704252,57.6947397],[11.9703629,57.6948426]]]}},{"type":"Feature","properties":{"@id":"relation/1788442","building":"office","building:levels":"7","roof:levels":"0"},"geometry":{"type":"Polygon","coordinates":[[[11.9845094,57.7041204],[11.9842156,57.7040973],[11.9840143,57.7040815],[11.9840256,57.7040388],[11.9840322,57.7040392],[11.9840339,57.7040315],[11.9835494,57.7039935],[11.983561,57.7039503],[11.9835676,57.7039508],[11.9835695,57.703943],[11.9833758,57.7039278],[11.9830843,57.7039049],[11.9830955,57.7038618],[11.9831566,57.7038664],[11.9831716,57.7038119],[11.9832767,57.7038199],[11.9832839,57.7038096],[11.9832912,57.7037992],[11.9832594,57.7037966],[11.9832689,57.7037609],[11.983361,57.7037409],[11.9833295,57.7037001],[11.9834326,57.7036775],[11.9834259,57.7036686],[11.9834192,57.7036598],[11.9833878,57.7036666],[11.9833526,57.7036203],[11.9839609,57.7032045],[11.9843739,57.7033775],[11.9843645,57.7033837],[11.9845267,57.7034515],[11.9846007,57.703548],[11.9846154,57.7035445],[11.9847211,57.7036833],[11.9846139,57.704074],[11.9845439,57.7040684],[11.9845452,57.704044],[11.9845081,57.704044],[11.9844995,57.7040748],[11.9845222,57.7040763],[11.9845094,57.7041204]],[[11.9839577,57.7038713],[11.9839609,57.703863],[11.9839274,57.703858],[11.9839429,57.7038309],[11.9839607,57.7038086],[11.9839939,57.7037797],[11.9840338,57.7037543],[11.9840857,57.7037305],[11.9841184,57.703754],[11.9841451,57.7037457],[11.9842076,57.7037313],[11.9842587,57.7037258],[11.9842961,57.7037242],[11.984323,57.7037243],[11.984337,57.7037255],[11.9843436,57.7037068],[11.9842701,57.7036096],[11.9836265,57.7037494],[11.9837035,57.7038521],[11.9839577,57.7038713]]]}},{"type":"Feature","properties":{"@id":"relation/1811683","building":"apartments"},"geometry":{"type":"Polygon","coordinates":[[[11.9822708,57.7093512],[11.9822271,57.7094308],[11.9821698,57.709534],[11.9820807,57.7096965],[11.9819772,57.7098862],[11.9806173,57.709625],[11.9806211,57.7095008],[11.9806308,57.7091247],[11.9806901,57.7091026],[11.9812019,57.7091835],[11.9817868,57.7092747],[11.9818143,57.709279],[11.9819391,57.7092983],[11.9822708,57.7093512]],[[11.9815919,57.7093786],[11.9815593,57.709441],[11.9815287,57.709501],[11.9815346,57.7095076],[11.9815415,57.7095155],[11.9817079,57.7095421],[11.9817651,57.7094381],[11.9818296,57.7094473],[11.981798,57.7095201],[11.9818249,57.7095246],[11.9818048,57.7095692],[11.9817135,57.7095547],[11.9816788,57.7095999],[11.9817432,57.7096113],[11.9817131,57.7096559],[11.9816433,57.7096445],[11.9816705,57.7095999],[11.9811473,57.7095184],[11.98113,57.7094956],[11.9811321,57.7095063],[11.9810011,57.7095048],[11.9810065,57.7093753],[11.9811368,57.7093819],[11.9811391,57.7094533],[11.981307,57.7094776],[11.981322,57.7094728],[11.9813381,57.7094677],[11.981363,57.7094212],[11.9813991,57.7093533],[11.9813925,57.7093368],[11.9811381,57.7092977],[11.9808837,57.7092592],[11.9808701,57.7092494],[11.9808418,57.709257],[11.980853,57.7092659],[11.9808566,57.7093934],[11.9808726,57.7094028],[11.9808711,57.7094265],[11.9808536,57.7094341],[11.9808478,57.7095263],[11.9808556,57.7095286],[11.9808652,57.709533],[11.9808733,57.7095448],[11.9809548,57.7095628],[11.9809865,57.7095572],[11.9810316,57.7095661],[11.9810445,57.7095795],[11.9810832,57.7095863],[11.9810856,57.7095825],[11.9812763,57.7096195],[11.9813085,57.7095742],[11.9813711,57.7095863],[11.9813659,57.7095943],[11.9815235,57.7096251],[11.9814972,57.7096631],[11.9816656,57.7096958],[11.9816804,57.7096736],[11.9817444,57.7096837],[11.9817275,57.7097072],[11.9818399,57.7097286],[11.9819996,57.7094368],[11.9817332,57.7093915],[11.9816124,57.7093725],[11.9815919,57.7093786]]]}},{"type":"Feature","properties":{"@id":"relation/1811684","building":"yes"},"geometry":{"type":"Polygon","coordinates":[[[11.9830798,57.7077045],[11.9832137,57.707705],[11.983214,57.7076831],[11.9833589,57.7076836],[11.9841514,57.7076866],[11.9843192,57.7076872],[11.9843188,57.7077155],[11.9845462,57.7077191],[11.9845426,57.7080793],[11.9845427,57.7081427],[11.9845428,57.7082113],[11.9845361,57.7083745],[11.9845367,57.7084215],[11.984532,57.7085827],[11.9845271,57.7087853],[11.9845284,57.7090202],[11.9845231,57.7092011],[11.9844269,57.7092262],[11.9842708,57.7092745],[11.9841416,57.709339],[11.9840215,57.709428],[11.9839203,57.7094091],[11.9835824,57.709351],[11.9832382,57.709294],[11.9830895,57.7092732],[11.983037,57.7092512],[11.9830798,57.7077045]],[[11.9833093,57.7091616],[11.9839195,57.7092499],[11.9840202,57.709195],[11.9841532,57.7091477],[11.9842478,57.7091175],[11.9842909,57.7081979],[11.9842934,57.7081435],[11.9842942,57.7081266],[11.9842156,57.7081255],[11.9842317,57.7078715],[11.9833757,57.7078683],[11.9833697,57.7083052],[11.9833173,57.708303],[11.9833093,57.7091616]]]}},{"type":"Feature","properties":{"@id":"relation/1840376","building":"public","name":"Polisen Göteborg"},"geometry":{"type":"Polygon","coordinates":[[[11.9815741,57.7050658],[11.9820976,57.7050665],[11.9820984,57.7048978],[11.9822839,57.7048981],[11.9822831,57.7050713],[11.9829046,57.7050722],[11.9829054,57.704899],[11.9830824,57.7048992],[11.983081,57.7051677],[11.982761,57.7051672],[11.9827604,57.7052902],[11.9828142,57.7052903],[11.982814,57.705332],[11.9828138,57.7053758],[11.9827607,57.7053757],[11.9827601,57.7055014],[11.9830736,57.7055018],[11.9830723,57.7057643],[11.9828702,57.705764],[11.982871,57.7055968],[11.9827485,57.7055966],[11.982747,57.705903],[11.9830755,57.7059034],[11.9830747,57.7060663],[11.9820593,57.7060649],[11.9820595,57.7060218],[11.9818344,57.7060215],[11.9818303,57.7069496],[11.9815199,57.7069492],[11.9815244,57.7059051],[11.9818312,57.7059055],[11.981831,57.705947],[11.9820796,57.7059474],[11.9820803,57.7057915],[11.9818292,57.7057911],[11.9818291,57.7058236],[11.9817005,57.7058234],[11.9817007,57.7057918],[11.9815705,57.7057916],[11.9815741,57.7050658]],[[11.9819073,57.7057604],[11.982079,57.7057598],[11.9820769,57.7055896],[11.9819052,57.7055902],[11.9819073,57.7057604]],[[11.9822774,57.7057336],[11.982445,57.7057337],[11.9824453,57.7055975],[11.9822776,57.7055974],[11.9822774,57.7057336]],[[11.9822386,57.7059049],[11.982435,57.705904],[11.982433,57.7057659],[11.9822365,57.7057667],[11.9822386,57.7059049]]]}},{"type":"Feature","properties":{"@id":"relation/2120289","building":"yes"},"geometry":{"type":"Polygon","coordinates":[[[11.9723249,57.7049049],[11.9722712,57.7051454],[11.972247,57.7051622],[11.9722275,57.7051757],[11.9720494,57.705211],[11.9718783,57.7052449],[11.9716503,57.7049371],[11.9718654,57.7048838],[11.9723249,57.7049049]],[[11.9719614,57.705119],[11.9720428,57.7051033],[11.9720407,57.7050942],[11.9720463,57.7050829],[11.972059,57.7050738],[11.9720817,57.7050681],[11.9720994,57.7050678],[11.9721241,57.7049495],[11.971989,57.7049438],[11.9719897,57.704951],[11.9719826,57.7049627],[11.97196,57.7049672],[11.9719395,57.7049657],[11.9719268,57.7049582],[11.9718595,57.7049729],[11.9719084,57.7050436],[11.9719268,57.7050394],[11.971948,57.7050406],[11.9719657,57.70505],[11.9719678,57.7050613],[11.9719543,57.7050731],[11.9719331,57.7050761],[11.9719614,57.705119]]]}},{"type":"Feature","properties":{"@id":"relation/2120290","building":"yes"},"geometry":{"type":"Polygon","coordinates":[[[11.9724298,57.7044542],[11.9724001,57.7045756],[11.9723985,57.7045823],[11.9723744,57.7046809],[11.9719432,57.7046525],[11.9717471,57.7045471],[11.9719674,57.7044442],[11.9719954,57.7044348],[11.972029,57.7044317],[11.9724298,57.7044542]],[[11.9719537,57.7045771],[11.9719961,57.7046025],[11.9721921,57.7046134],[11.9722133,57.7045272],[11.9720428,57.7045159],[11.9719629,57.7045484],[11.9719841,57.7045639],[11.9719537,57.7045771]]]}},{"type":"Feature","properties":{"@id":"relation/2120291","building":"yes","name":"Kammarrätten i Göteborg"},"geometry":{"type":"Polygon","coordinates":[[[11.9723744,57.7046809],[11.9723249,57.7049049],[11.9718654,57.7048838],[11.9719432,57.7046525],[11.9723744,57.7046809]],[[11.9719796,57.7048356],[11.9721531,57.7048438],[11.9721585,57.7048184],[11.9721362,57.7048169],[11.9721554,57.7047393],[11.9721778,57.7047408],[11.9721815,57.7047227],[11.9720227,57.7047121],[11.9719796,57.7048356]]]}},{"type":"Feature","properties":{"@id":"relation/2120292","building":"yes"},"geometry":{"type":"Polygon","coordinates":[[[11.9732948,57.7065516],[11.9733701,57.7063778],[11.9734194,57.7063459],[11.973596,57.7062383],[11.9736905,57.7062825],[11.9737829,57.7063264],[11.9736038,57.7064353],[11.9735348,57.706588],[11.9734168,57.7065701],[11.9734052,57.7065683],[11.9732948,57.7065516]],[[11.97352,57.7064896],[11.973559,57.706411],[11.973613,57.7063757],[11.97359,57.7063651],[11.973578,57.706372],[11.97355,57.7063736],[11.973529,57.706364],[11.9734566,57.7064021],[11.9734129,57.7064736],[11.97352,57.7064896]]]}},{"type":"Feature","properties":{"@id":"relation/2120293","building":"yes"},"geometry":{"type":"Polygon","coordinates":[[[11.9735348,57.706588],[11.9736038,57.7064353],[11.9737829,57.7063264],[11.9740589,57.7064481],[11.9742166,57.7065176],[11.9742269,57.7065417],[11.9742394,57.7065708],[11.9741736,57.7066835],[11.9738222,57.706631],[11.9735348,57.706588]],[[11.9736941,57.7065318],[11.973861,57.7065553],[11.9740172,57.7065773],[11.9740142,57.7065607],[11.9737451,57.7064517],[11.9737261,57.7064623],[11.9736941,57.7065318]]]}},{"type":"Feature","properties":{"@id":"relation/2120294","building":"yes"},"geometry":{"type":"Polygon","coordinates":[[[11.9740233,57.7069369],[11.9739362,57.7070941],[11.9736836,57.7070548],[11.9735664,57.7070368],[11.9735537,57.7070282],[11.9736298,57.7068838],[11.9736635,57.7068759],[11.9738407,57.7069043],[11.9740233,57.7069369]],[[11.97364,57.7070117],[11.973778,57.7070332],[11.9737822,57.7070253],[11.9737691,57.7070177],[11.9737749,57.7070036],[11.9737935,57.7069977],[11.9738112,57.707],[11.9738282,57.7069663],[11.9738431,57.7069667],[11.9738508,57.7069527],[11.9736832,57.7069267],[11.97364,57.7070117]]]}},{"type":"Feature","properties":{"@id":"relation/2120295","building":"yes"},"geometry":{"type":"Polygon","coordinates":[[[11.9723863,57.7060425],[11.9725221,57.7062441],[11.9724303,57.7064297],[11.9722522,57.7064023],[11.9722071,57.7064028],[11.9721864,57.7063932],[11.9721687,57.7063849],[11.972166,57.7063611],[11.9719982,57.7061284],[11.9721998,57.7060834],[11.9723863,57.7060425]],[[11.9723642,57.7063228],[11.9724142,57.7063303],[11.9723912,57.7062052],[11.9723192,57.7061144],[11.9721851,57.7061443],[11.9722882,57.7062881],[11.9723162,57.706286],[11.9723602,57.7063041],[11.9723642,57.7063228]]]}},{"type":"Feature","properties":{"@id":"relation/2120296","building":"yes"},"geometry":{"type":"Polygon","coordinates":[[[11.9728473,57.7062159],[11.973115,57.7062886],[11.973011,57.7065154],[11.9727212,57.7064747],[11.9728473,57.7062159]],[[11.9728559,57.706381],[11.9729737,57.7063979],[11.9730204,57.7063042],[11.9729055,57.7062822],[11.9728559,57.706381]]]}},{"type":"Feature","properties":{"@id":"relation/2120297","building":"yes"},"geometry":{"type":"Polygon","coordinates":[[[11.9718783,57.7052449],[11.9714375,57.7053341],[11.9713916,57.7053231],[11.9712903,57.7051848],[11.9711827,57.7050378],[11.9716503,57.7049371],[11.9718783,57.7052449]],[[11.9715753,57.7052044],[11.9716206,57.7051951],[11.9716112,57.705182],[11.9716131,57.7051716],[11.9716225,57.7051642],[11.9716519,57.7051582],[11.9716756,57.7051588],[11.9716886,57.7051661],[11.971698,57.7051791],[11.9717333,57.7051719],[11.9716262,57.7050231],[11.9715853,57.7050315],[11.9716,57.705052],[11.9715199,57.7050684],[11.9715052,57.705048],[11.9714682,57.7050556],[11.9715055,57.7051074],[11.9715285,57.7051027],[11.9715507,57.7051063],[11.9715713,57.705135],[11.9715572,57.7051475],[11.9715373,57.7051516],[11.9715753,57.7052044]]]}},{"type":"Feature","properties":{"@id":"relation/2120298","building":"yes"},"geometry":{"type":"Polygon","coordinates":[[[11.9728473,57.7062159],[11.9727723,57.7062081],[11.9725221,57.7062441],[11.9723863,57.7060425],[11.9726153,57.7059967],[11.9728656,57.7059429],[11.9729091,57.7059365],[11.9729464,57.7059424],[11.9731313,57.7060279],[11.9728473,57.7062159]],[[11.9728234,57.7061346],[11.9728489,57.7061373],[11.9729437,57.7060764],[11.9728807,57.7060492],[11.9728687,57.7060564],[11.972839,57.7060579],[11.9728234,57.7060511],[11.9727675,57.7060624],[11.9728234,57.7061346]],[[11.9725665,57.7061779],[11.9727218,57.7061475],[11.9726741,57.7060778],[11.9726564,57.7060813],[11.97263,57.7060864],[11.9726436,57.7061062],[11.9725879,57.7061171],[11.972575,57.7060983],[11.9725286,57.7061068],[11.9725632,57.7061541],[11.9725565,57.7061632],[11.9725665,57.7061779]]]}},{"type":"Feature","properties":{"@id":"relation/2122260","building":"apartments","building:levels":"3","roof:levels":"1"},"geometry":{"type":"Polygon","coordinates":[[[11.9659475,57.7051834],[11.9658128,57.7051635],[11.9655413,57.7051234],[11.9656531,57.7049072],[11.965724,57.7049185],[11.9660117,57.7049644],[11.9660448,57.7049977],[11.966009,57.705066],[11.9659475,57.7051834]],[[11.9657406,57.7051182],[11.9657846,57.7051249],[11.9658076,57.7050817],[11.9657993,57.7050804],[11.965795,57.7050687],[11.9658119,57.7050414],[11.9658023,57.7050291],[11.9657102,57.7050148],[11.9657038,57.7050227],[11.9656857,57.7050258],[11.9656398,57.7050189],[11.9656203,57.7050555],[11.9657334,57.7050727],[11.9657557,57.7050899],[11.9657406,57.7051182]]]}},{"type":"Feature","properties":{"@id":"relation/2122262","building":"yes"},"geometry":{"type":"Polygon","coordinates":[[[11.9659399,57.7028679],[11.9662631,57.7029545],[11.9659997,57.703235],[11.9658318,57.70319],[11.9656765,57.7031484],[11.9659399,57.7028679]],[[11.9660026,57.7031407],[11.966088,57.7030533],[11.9659714,57.7030207],[11.9658962,57.7030976],[11.9659057,57.7031136],[11.9660026,57.7031407]]]}},{"type":"Feature","properties":{"@id":"relation/2122263","building":"yes"},"geometry":{"type":"Polygon","coordinates":[[[11.9649178,57.7052635],[11.9649764,57.7051503],[11.9650294,57.7050478],[11.9651625,57.7050674],[11.9654159,57.7051049],[11.965342,57.7052477],[11.9653043,57.7053206],[11.9651514,57.705298],[11.965129,57.7052947],[11.9649178,57.7052635]],[[11.9652107,57.7052317],[11.9652637,57.7051357],[11.9651416,57.7051165],[11.9651021,57.7051881],[11.9651597,57.7051972],[11.9651667,57.7052068],[11.9651579,57.7052234],[11.9652107,57.7052317]]]}},{"type":"Feature","properties":{"@id":"relation/2122264","building":"retail","building:levels":"4","roof:levels":"1"},"geometry":{"type":"Polygon","coordinates":[[[11.9679605,57.704077],[11.9674342,57.7039918],[11.9669808,57.7039184],[11.967124,57.7036568],[11.9674421,57.7037458],[11.967595,57.7037886],[11.9678603,57.7038628],[11.9680574,57.7039179],[11.9679605,57.704077]],[[11.9673495,57.7039285],[11.9673936,57.7038458],[11.967168,57.7038114],[11.9671428,57.7038585],[11.9672133,57.7038693],[11.9672245,57.7038837],[11.9672118,57.7039075],[11.9673495,57.7039285]]]}},{"type":"Feature","properties":{"@id":"relation/2122268","building":"office","building:levels":"3","roof:levels":"0"},"geometry":{"type":"Polygon","coordinates":[[[11.9645627,57.7049754],[11.9646785,57.704759],[11.9648261,57.7047815],[11.9649641,57.7048025],[11.9650328,57.704813],[11.9649739,57.7049231],[11.9649171,57.7050294],[11.9647452,57.7050031],[11.9645627,57.7049754]],[[11.9646734,57.7049359],[11.9648028,57.7049554],[11.9648268,57.7049099],[11.9647348,57.7048961],[11.9647446,57.7048774],[11.9647073,57.7048718],[11.9646734,57.7049359]]]}},{"type":"Feature","properties":{"@id":"relation/2122303","building":"yes"},"geometry":{"type":"Polygon","coordinates":[[[11.9657332,57.7056161],[11.9657185,57.7056422],[11.9656175,57.7058219],[11.9654343,57.7057928],[11.9653114,57.705773],[11.9652216,57.7057586],[11.9653351,57.7055526],[11.965466,57.7055737],[11.9655632,57.7055889],[11.9657332,57.7056161]],[[11.9653927,57.7057415],[11.9654915,57.7057586],[11.9655139,57.7057187],[11.9654373,57.7056811],[11.9654035,57.7056758],[11.9653738,57.7057241],[11.9653927,57.7057415]],[[11.9654205,57.705648],[11.9654523,57.7056539],[11.965554,57.7056471],[11.9655743,57.7056109],[11.9654547,57.7055924],[11.9654205,57.705648]]]}},{"type":"Feature","properties":{"@id":"relation/2124166","building":"yes"},"geometry":{"type":"Polygon","coordinates":[[[11.968052,57.7052795],[11.9679586,57.7054515],[11.9679338,57.7054973],[11.9677001,57.7054611],[11.9678183,57.7052433],[11.968052,57.7052795]],[[11.9677902,57.7054062],[11.967922,57.7054266],[11.9679265,57.7054183],[11.967907,57.7054117],[11.9679003,57.7053968],[11.9679088,57.70538],[11.9679289,57.7053714],[11.9679523,57.7053691],[11.9679558,57.7053627],[11.9678248,57.7053424],[11.9677902,57.7054062]]]}},{"type":"Feature","properties":{"@id":"relation/2124167","building":"yes"},"geometry":{"type":"Polygon","coordinates":[[[11.9678183,57.7052433],[11.9677001,57.7054611],[11.9676388,57.7054516],[11.9673364,57.7054048],[11.9673653,57.7053516],[11.9674065,57.7052756],[11.9674546,57.705187],[11.9678183,57.7052433]],[[11.9676533,57.7053114],[11.9674725,57.7052834],[11.9674304,57.7053611],[11.9676111,57.7053891],[11.9676533,57.7053114]]]}},{"type":"Feature","properties":{"@id":"relation/2124168","building":"yes","height":"15"},"geometry":{"type":"Polygon","coordinates":[[[11.9683047,57.7056926],[11.9682721,57.7057528],[11.9682588,57.7057773],[11.9678168,57.7057089],[11.9675239,57.7056635],[11.9676388,57.7054516],[11.9677001,57.7054611],[11.9679338,57.7054973],[11.9678648,57.7056245],[11.9683047,57.7056926]],[[11.9678301,57.705534],[11.9677028,57.7055143],[11.9676566,57.7055993],[11.9677592,57.7056152],[11.9677533,57.7056261],[11.967778,57.7056299],[11.9678301,57.705534]]]}},{"type":"Feature","properties":{"@id":"relation/2124169","building":"apartments","building:levels":"3","roof:levels":"0"},"geometry":{"type":"Polygon","coordinates":[[[11.9666403,57.705164],[11.9666037,57.7052316],[11.9665738,57.7052866],[11.9663414,57.7052506],[11.9660909,57.7052119],[11.9661456,57.7051119],[11.9661987,57.7050148],[11.9662469,57.7049999],[11.966692,57.7050689],[11.9666403,57.705164]],[[11.9665166,57.7052198],[11.9665535,57.7051519],[11.9663578,57.7051216],[11.9663139,57.7052025],[11.9663623,57.7051959],[11.9665166,57.7052198]]]}},{"type":"Feature","properties":{"@id":"relation/2124170","building":"retail","height":"15"},"geometry":{"type":"Polygon","coordinates":[[[11.9679586,57.7054515],[11.9683986,57.7055197],[11.9683047,57.7056926],[11.9682657,57.7056866],[11.9678648,57.7056245],[11.9679338,57.7054973],[11.9679586,57.7054515]],[[11.967947,57.705577],[11.9681538,57.7056091],[11.9681917,57.7055393],[11.9679849,57.7055072],[11.967947,57.705577]]]}},{"type":"Feature","properties":{"@id":"relation/2124171","building":"yes"},"geometry":{"type":"Polygon","coordinates":[[[11.9676388,57.7054516],[11.9675239,57.7056635],[11.9672215,57.7056166],[11.9673188,57.7054373],[11.9673364,57.7054048],[11.9676388,57.7054516]],[[11.9673571,57.7055341],[11.9673803,57.7055377],[11.967394,57.705528],[11.96742,57.7055267],[11.9674417,57.7055354],[11.9674414,57.7055492],[11.9674898,57.7055566],[11.9675345,57.7054743],[11.9674008,57.7054536],[11.9673571,57.7055341]]]}},{"type":"Feature","properties":{"@id":"relation/2124185","building":"office","building:levels":"5","height":"18"},"geometry":{"type":"Polygon","coordinates":[[[11.9682267,57.7058397],[11.9680529,57.7061584],[11.9679771,57.7062984],[11.967957,57.7062953],[11.9679356,57.7062919],[11.9678991,57.7062865],[11.9678902,57.7063032],[11.9678813,57.70632],[11.967326,57.7062338],[11.9671561,57.7062073],[11.9674246,57.7057149],[11.9675324,57.7057317],[11.9680004,57.7058045],[11.9682267,57.7058397]],[[11.9674296,57.7060654],[11.9677275,57.7061107],[11.9678085,57.7059584],[11.9675107,57.7059132],[11.9674296,57.7060654]]]}},{"type":"Feature","properties":{"@id":"relation/2124186","building":"apartments","building:levels":"2","name":"Frimurarehuset","roof:levels":"0"},"geometry":{"type":"Polygon","coordinates":[[[11.9674246,57.7057149],[11.9671561,57.7062073],[11.9671166,57.7062011],[11.9667939,57.7061509],[11.9669934,57.705785],[11.967015,57.7057455],[11.9670624,57.7056585],[11.9673629,57.7057053],[11.9674246,57.7057149]],[[11.9670494,57.7060098],[11.9671393,57.7060249],[11.967269,57.7058042],[11.9671791,57.7057891],[11.9670494,57.7060098]]]}},{"type":"Feature","properties":{"@id":"relation/2124187","building":"apartments","building:levels":"3","roof:levels":"1"},"geometry":{"type":"Polygon","coordinates":[[[11.9670624,57.7056585],[11.967015,57.7057455],[11.9668949,57.7057268],[11.9668733,57.7057663],[11.9669934,57.705785],[11.9667939,57.7061509],[11.9665597,57.7061145],[11.9664184,57.7060925],[11.9664854,57.7059696],[11.9666869,57.7056002],[11.9668642,57.7056272],[11.9670624,57.7056585]],[[11.9666572,57.7057347],[11.9667741,57.7057529],[11.9667839,57.7057349],[11.9667575,57.7057308],[11.9667696,57.7057087],[11.966679,57.7056946],[11.9666572,57.7057347]]]}},{"type":"Feature","properties":{"@id":"relation/2416394","building":"government","building:levels":"3","name":"Göteborgs rådhus"},"geometry":{"type":"Polygon","coordinates":[[[11.9658482,57.7072185],[11.965167,57.7071083],[11.9652803,57.7069068],[11.9653077,57.7069107],[11.9653335,57.7068596],[11.965322,57.7068577],[11.9654497,57.7066288],[11.9661439,57.7067361],[11.9659907,57.7070214],[11.9659727,57.707018],[11.9658482,57.7072185]],[[11.9658234,57.7069245],[11.9658975,57.7067875],[11.9656151,57.7067439],[11.965541,57.7068809],[11.9658234,57.7069245]],[[11.965451,57.706936],[11.9654162,57.7070032],[11.9653628,57.7069947],[11.9653296,57.7070541],[11.9657976,57.7071271],[11.9658642,57.7070029],[11.965451,57.706936]]]}},{"type":"Feature","properties":{"@id":"relation/2416395","building":"office"},"geometry":{"type":"Polygon","coordinates":[[[11.9657845,57.7097628],[11.9647389,57.7096803],[11.9647244,57.7096695],[11.9648893,57.7092994],[11.96591,57.7094429],[11.9657845,57.7097628]],[[11.9653743,57.7095887],[11.9654019,57.709517],[11.9652401,57.7094965],[11.9652082,57.7095759],[11.9653743,57.7095887]]]}},{"type":"Feature","properties":{"@id":"relation/2416397","building":"yes"},"geometry":{"type":"Polygon","coordinates":[[[11.9652912,57.7092896],[11.9651066,57.7092621],[11.9649499,57.7092387],[11.9649251,57.7092123],[11.9650321,57.7090101],[11.9653191,57.709053],[11.9654101,57.7090656],[11.9653656,57.709148],[11.9652912,57.7092896]],[[11.9652903,57.7090969],[11.9651841,57.7090795],[11.9651488,57.7091502],[11.9651775,57.7091549],[11.9652012,57.7091465],[11.965259,57.7091549],[11.9652903,57.7090969]]]}},{"type":"Feature","properties":{"@id":"relation/2416398","building":"office"},"geometry":{"type":"Polygon","coordinates":[[[11.9656066,57.707715],[11.9647863,57.7075892],[11.9647509,57.7075838],[11.9647235,57.7075796],[11.9645966,57.7075601],[11.9642087,57.7075006],[11.9637723,57.7074337],[11.9636374,57.707413],[11.9638475,57.7069698],[11.9643075,57.7070431],[11.9651389,57.7071756],[11.9656018,57.7072494],[11.9656167,57.7072518],[11.9656329,57.7072543],[11.9658428,57.7072878],[11.9656066,57.707715]],[[11.9643503,57.70739],[11.9644562,57.7071995],[11.9640161,57.7071305],[11.9639083,57.7073224],[11.9643503,57.70739]],[[11.9648774,57.7074729],[11.9649812,57.7072782],[11.9645575,57.7072137],[11.9644537,57.7074085],[11.9648774,57.7074729]],[[11.9654315,57.7075546],[11.9655344,57.7073635],[11.9650723,57.7072925],[11.9649694,57.7074836],[11.9654315,57.7075546]]]}},{"type":"Feature","properties":{"@id":"relation/2424701","building":"yes"},"geometry":{"type":"Polygon","coordinates":[[[11.9803202,57.7090343],[11.980175,57.7092952],[11.980118,57.7093976],[11.9800623,57.7094978],[11.978602,57.7092195],[11.9787169,57.7090074],[11.978799,57.7088559],[11.9788291,57.7088176],[11.9788761,57.7088073],[11.9789371,57.7088121],[11.9791928,57.7088532],[11.9795993,57.7089185],[11.9798879,57.7089649],[11.9803202,57.7090343]],[[11.9792604,57.709031],[11.9791703,57.7091892],[11.9795156,57.7092453],[11.9795343,57.7092127],[11.9796504,57.7092315],[11.9796239,57.7092779],[11.9798694,57.7093178],[11.9799517,57.7091734],[11.9798173,57.7091516],[11.9798329,57.7091241],[11.9792604,57.709031]]]}},{"type":"Feature","properties":{"@id":"relation/2448362","building":"yes"},"geometry":{"type":"Polygon","coordinates":[[[11.9657845,57.7097628],[11.96591,57.7094429],[11.9662752,57.7094936],[11.9663079,57.7095217],[11.966218,57.7097142],[11.9661992,57.7097545],[11.9661715,57.709776],[11.966166,57.7097802],[11.9660876,57.7097852],[11.9657845,57.7097628]],[[11.9660147,57.7096348],[11.9660585,57.7096235],[11.9660404,57.7096071],[11.9660464,57.7095844],[11.9660812,57.7095704],[11.9661217,57.709571],[11.9661375,57.709544],[11.9659719,57.7095196],[11.965932,57.7096166],[11.9659415,57.7096253],[11.9660147,57.7096348]]]}},{"type":"Feature","properties":{"@id":"relation/2448517","building":"yes"},"geometry":{"type":"Polygon","coordinates":[[[11.9659436,57.7083144],[11.9660336,57.7081429],[11.9660577,57.708097],[11.9661223,57.7081066],[11.9663384,57.708139],[11.9664725,57.7081591],[11.9665669,57.7081732],[11.9665421,57.7082205],[11.9664529,57.7083907],[11.966333,57.7083727],[11.9662053,57.7083536],[11.9659436,57.7083144]],[[11.9661061,57.7082355],[11.9662309,57.7082542],[11.9662348,57.7082468],[11.9662505,57.708241],[11.9662739,57.7082432],[11.9662931,57.7082484],[11.9663005,57.7082567],[11.9662967,57.708264],[11.9664078,57.7082807],[11.9664513,57.7081978],[11.9661496,57.7081526],[11.9661061,57.7082355]]]}},{"type":"Feature","properties":{"@id":"relation/2448518","building":"yes","building:levels":"4","roof:levels":"1"},"geometry":{"type":"Polygon","coordinates":[[[11.9664529,57.7083907],[11.9665421,57.7082205],[11.9667024,57.7082445],[11.9669572,57.7082827],[11.966868,57.7084528],[11.9664529,57.7083907]],[[11.9665559,57.7083409],[11.9666479,57.7083547],[11.9666545,57.7083422],[11.9666851,57.7083467],[11.966709,57.7083012],[11.9667357,57.7083052],[11.9667446,57.7082884],[11.9665952,57.708266],[11.9665559,57.7083409]]]}},{"type":"Feature","properties":{"@id":"relation/3114029","building":"stadium"},"geometry":{"type":"Polygon","coordinates":[[[11.9794495,57.7069595],[11.9792953,57.7069237],[11.9791746,57.7068585],[11.9791102,57.7067725],[11.9791317,57.7057386],[11.9791988,57.7056534],[11.9793221,57.7055896],[11.9794791,57.7055552],[11.9801199,57.705558],[11.9807934,57.7055624],[11.9809516,57.7055989],[11.9810723,57.7056641],[11.9811353,57.7057494],[11.9811138,57.7067847],[11.9810454,57.7068686],[11.9809247,57.7069323],[11.9807665,57.7069674],[11.9794495,57.7069595]],[[11.979412,57.7067439],[11.9794308,57.706769],[11.9794684,57.706789],[11.9795139,57.7067991],[11.9807102,57.7068062],[11.9807571,57.7067955],[11.9807933,57.7067768],[11.9808148,57.7067518],[11.9808336,57.7057788],[11.9808161,57.7057544],[11.9807786,57.7057336],[11.980733,57.7057236],[11.9795341,57.7057164],[11.9794911,57.7057264],[11.9794536,57.7057452],[11.9794308,57.7057723],[11.979412,57.7067439]]]}},{"type":"Feature","properties":{"@id":"relation/10476740","building":"parking","building:levels":"1","name":"Lorensberg","roof:levels":"1"},"geometry":{"type":"Polygon","coordinates":[[[11.980564,57.6988323],[11.9804012,57.6987419],[11.9803343,57.6987047],[11.9802839,57.6986756],[11.9801603,57.6986041],[11.9800505,57.6985406],[11.9807754,57.6981847],[11.9809736,57.6982148],[11.9810823,57.6982457],[11.9814576,57.6984723],[11.9806397,57.6988737],[11.980564,57.6988323]]]}},{"type":"Feature","properties":{"@id":"relation/13567611","building":"roof"},"geometry":{"type":"Polygon","coordinates":[[[11.9732626,57.7081435],[11.9732233,57.7081305],[11.9731947,57.7081111],[11.9731802,57.7080876],[11.9731817,57.7080628],[11.9731989,57.7080399],[11.9732297,57.7080214],[11.9732705,57.7080097],[11.9733164,57.7080062],[11.9733617,57.7080113],[11.9734011,57.7080243],[11.9734297,57.7080438],[11.9734441,57.7080673],[11.9734427,57.708092],[11.9734255,57.708115],[11.9733946,57.7081334],[11.9733538,57.7081451],[11.973308,57.7081486],[11.9732626,57.7081435]],[[11.9733081,57.7081331],[11.9733343,57.7081317],[11.973359,57.7081267],[11.9733804,57.7081185],[11.9733971,57.7081076],[11.973408,57.7080948],[11.9734122,57.7080809],[11.9734096,57.7080669],[11.9734003,57.7080537],[11.973385,57.7080423],[11.9733646,57.7080334],[11.9733406,57.7080276],[11.9733345,57.7080271],[11.9733146,57.7080253],[11.9732884,57.7080267],[11.9732637,57.7080317],[11.9732423,57.7080399],[11.9732256,57.7080508],[11.9732148,57.7080636],[11.9732105,57.7080775],[11.9732131,57.7080915],[11.9732224,57.7081046],[11.9732378,57.7081161],[11.9732581,57.708125],[11.9732821,57.7081308],[11.9733081,57.7081331]]]}},{"type":"Feature","properties":{"@id":"relation/13567612","building":"yes"},"geometry":{"type":"Polygon","coordinates":[[[11.9728746,57.7099121],[11.9728875,57.7098904],[11.9731808,57.7099419],[11.9731688,57.7099615],[11.9734904,57.7100185],[11.9734789,57.7100407],[11.9730186,57.7099601],[11.9730317,57.7099396],[11.9728746,57.7099121]]]}},{"type":"Feature","properties":{"@id":"relation/13739531","building":"transportation","building:levels":"1","name":"Nils Ericson Terminalen","roof:levels":"0","roof:shape":"round"},"geometry":{"type":"Polygon","coordinates":[[[11.9720813,57.7108078],[11.9717573,57.7107517],[11.9718536,57.710589],[11.9718878,57.7105321],[11.9719262,57.7104684],[11.9719591,57.7104137],[11.9719941,57.7103565],[11.9720279,57.7102992],[11.9720617,57.7102435],[11.9720969,57.7101858],[11.972131,57.7101283],[11.9721656,57.7100726],[11.9721997,57.7100153],[11.9722345,57.7099574],[11.9722695,57.7098989],[11.9722997,57.7098499],[11.9723335,57.7097942],[11.9723445,57.7097749],[11.9723044,57.7097677],[11.9723107,57.709758],[11.9722764,57.7097509],[11.9722892,57.7097278],[11.9722166,57.7097159],[11.9722329,57.7096927],[11.9721532,57.7096791],[11.9721643,57.7096627],[11.9718403,57.7096068],[11.9718567,57.7095796],[11.971873,57.7095824],[11.9718787,57.7095791],[11.9721798,57.709632],[11.9721876,57.7096187],[11.9723519,57.7096469],[11.9723445,57.70966],[11.9724,57.7096694],[11.9724244,57.7096287],[11.972444,57.7095957],[11.9726318,57.7096292],[11.9727642,57.7096528],[11.9727569,57.709664],[11.9727755,57.7096673],[11.9727651,57.7096839],[11.9727543,57.7097012],[11.9727371,57.7096981],[11.9726833,57.7097882],[11.9727267,57.7097956],[11.9727072,57.7098283],[11.9726636,57.709821],[11.9726492,57.7098455],[11.9726928,57.7098528],[11.9726732,57.7098858],[11.9726295,57.7098783],[11.9726151,57.7099028],[11.9726585,57.7099101],[11.9726389,57.7099432],[11.9725954,57.7099356],[11.9725809,57.7099603],[11.9726241,57.7099676],[11.9726046,57.7100009],[11.9725611,57.7099934],[11.9725468,57.7100179],[11.9725901,57.7100253],[11.9725705,57.7100581],[11.9725268,57.7100507],[11.9724776,57.7101336],[11.97249,57.7101356],[11.9724709,57.7101679],[11.9724586,57.7101657],[11.9724101,57.7102471],[11.9724489,57.7102537],[11.9724293,57.710287],[11.9723901,57.7102803],[11.9723758,57.7103047],[11.9724148,57.7103115],[11.9723955,57.7103444],[11.9723563,57.7103377],[11.9723419,57.7103619],[11.9723808,57.7103688],[11.9723611,57.7104017],[11.972322,57.7103946],[11.9723077,57.7104193],[11.9723464,57.7104259],[11.9723272,57.7104593],[11.9722876,57.7104523],[11.9722388,57.7105353],[11.9722476,57.7105365],[11.9722392,57.710549],[11.9722273,57.7105681],[11.9722201,57.7105664],[11.9721716,57.7106491],[11.9720813,57.7108078]]]}},{"type":"Feature","properties":{"@id":"relation/14415340","building":"yes"},"geometry":{"type":"Polygon","coordinates":[[[11.9662397,57.7043644],[11.9660767,57.7043393],[11.9659122,57.7043138],[11.9659813,57.7041829],[11.9660386,57.7040744],[11.9661392,57.7040899],[11.9663669,57.7041239],[11.9662397,57.7043644]],[[11.9660105,57.7042131],[11.9661574,57.7042348],[11.9661726,57.7042076],[11.9662194,57.7042147],[11.96626,57.7041446],[11.9661838,57.7041335],[11.9661757,57.704149],[11.9660558,57.7041313],[11.9660497,57.7041433],[11.9660807,57.7041482],[11.9660552,57.7041957],[11.9660161,57.7042],[11.9660105,57.7042131]]]}},{"type":"Feature","properties":{"@id":"relation/14415341","building":"yes"},"geometry":{"type":"Polygon","coordinates":[[[11.9661392,57.7040899],[11.9662427,57.7038872],[11.9663769,57.7039077],[11.9666049,57.703943],[11.966633,57.7039674],[11.9665689,57.7040858],[11.9664006,57.70406],[11.9663669,57.7041239],[11.9661392,57.7040899]],[[11.966266,57.7040141],[11.9663036,57.704019],[11.9663056,57.7040137],[11.9663231,57.7040119],[11.9663366,57.7040123],[11.9663445,57.7040152],[11.9663534,57.7040206],[11.9663569,57.7040277],[11.9663978,57.7040332],[11.9664189,57.703992],[11.966286,57.7039732],[11.966266,57.7040141]]]}},{"type":"Feature","properties":{"@id":"relation/14415342","building":"retail","building:levels":"3","roof:levels":"1"},"geometry":{"type":"Polygon","coordinates":[[[11.9650087,57.7041762],[11.9646321,57.7041179],[11.9647315,57.7039299],[11.9647576,57.7038805],[11.9650153,57.7039194],[11.9649904,57.7039658],[11.9651094,57.703984],[11.965111,57.7039882],[11.9650087,57.7041762]],[[11.9647731,57.7040304],[11.9648356,57.7040386],[11.9649149,57.7040516],[11.9649652,57.703965],[11.9648234,57.7039414],[11.9647731,57.7040304]]]}},{"type":"Feature","properties":{"@id":"relation/14415343","building":"yes","building:levels":"1","name":"Bilora"},"geometry":{"type":"Polygon","coordinates":[[[11.9715592,57.7041495],[11.9715488,57.7042353],[11.9715356,57.7043642],[11.9714382,57.7043622],[11.9712472,57.7043417],[11.9712716,57.7041418],[11.9715592,57.7041495]],[[11.971347,57.7043175],[11.9714293,57.7043194],[11.9714296,57.7043134],[11.971438,57.7043094],[11.9714807,57.7043102],[11.9714812,57.7042985],[11.9714563,57.7042897],[11.9714576,57.7042731],[11.9714383,57.7042728],[11.9714159,57.7042572],[11.9713521,57.7042559],[11.971347,57.7043175]]]}},{"type":"Feature","properties":{"@id":"relation/15990132","building":"yes","name":"Hvilla Medici"},"geometry":{"type":"Polygon","coordinates":[[[11.9803161,57.695186],[11.9801626,57.6951232],[11.9802223,57.6950443],[11.9802707,57.6950508],[11.980332,57.6950531],[11.9803258,57.6950965],[11.9804012,57.6951271],[11.9805007,57.6950586],[11.9806807,57.6951334],[11.9805541,57.6952206],[11.9804926,57.695263],[11.9804494,57.6952451],[11.9804027,57.6952257],[11.9803455,57.6952019],[11.9803128,57.6951884],[11.9803161,57.695186]]]}},{"type":"Feature","properties":{"@id":"relation/16887885","building":"civic","name":"Göteborgs Konserthus"},"geometry":{"type":"Polygon","coordinates":[[[11.9791627,57.6970095],[11.9790475,57.6970895],[11.9790185,57.6971096],[11.9790144,57.6971079],[11.9790076,57.6971129],[11.97797,57.6966847],[11.9779719,57.6966832],[11.9778388,57.6966283],[11.9782328,57.6963546],[11.9783657,57.6964096],[11.9783677,57.6964082],[11.9794053,57.6968366],[11.979399,57.696841],[11.9794029,57.6968426],[11.9793773,57.6968604],[11.9792324,57.6969611],[11.9792107,57.6969761],[11.9791896,57.6969907],[11.9791627,57.6970095]]]}},{"type":"Feature","properties":{"@id":"relation/16887886","building":"roof"},"geometry":{"type":"Polygon","coordinates":[[[11.9791627,57.6970095],[11.9791896,57.6969907],[11.9792107,57.6969761],[11.9792324,57.6969611],[11.9793773,57.6968604],[11.9794029,57.6968426],[11.9794518,57.6968647],[11.9792124,57.6970295],[11.9791627,57.6970095]]]}},{"type":"Feature","properties":{"@id":"relation/16887890","building":"museum","name":"Göteborgs konstmuseum"},"geometry":{"type":"Polygon","coordinates":[[[11.9808141,57.6964025],[11.9808976,57.696346],[11.9809464,57.6963662],[11.9811872,57.6961988],[11.981584,57.6963634],[11.9817458,57.6964287],[11.9809531,57.696981],[11.9808785,57.696951],[11.9808654,57.6969555],[11.980851,57.6969595],[11.9808349,57.6969625],[11.980818,57.6969645],[11.9808017,57.6969655],[11.9807824,57.6969654],[11.9807598,57.6969633],[11.9807395,57.6969595],[11.9807221,57.6969546],[11.9807062,57.6969484],[11.9806911,57.6969406],[11.9806803,57.6969334],[11.9806653,57.6969186],[11.9806577,57.6969049],[11.9806555,57.6968919],[11.9806575,57.6968778],[11.980662,57.696868],[11.9806737,57.6968724],[11.9806773,57.6968694],[11.980461,57.6967804],[11.9805263,57.6967343],[11.980363,57.696668],[11.9803269,57.696653],[11.980291,57.696638],[11.9801496,57.696579],[11.9800839,57.6966252],[11.9798886,57.6965437],[11.9799933,57.696473],[11.9799446,57.6964517],[11.9799785,57.6964289],[11.9799341,57.6964104],[11.979935,57.6964045],[11.9799334,57.6963988],[11.9799279,57.6963933],[11.97992,57.6963889],[11.9799099,57.6963857],[11.9798988,57.6963846],[11.9798878,57.6963848],[11.9798773,57.6963869],[11.9798658,57.6963819],[11.9799042,57.6963301],[11.9799693,57.6963157],[11.9800077,57.6962995],[11.9802112,57.6961585],[11.9804094,57.6962404],[11.9804137,57.6962373],[11.9808141,57.6964025]]]}},{"type":"Feature","properties":{"@id":"relation/16887891","building":"civic","name":"Göteborgs konsthall"},"geometry":{"type":"Polygon","coordinates":[[[11.9798658,57.6963819],[11.9798773,57.6963869],[11.9798878,57.6963848],[11.9798988,57.6963846],[11.9799099,57.6963857],[11.97992,57.6963889],[11.9799279,57.6963933],[11.9799334,57.6963988],[11.979935,57.6964045],[11.9799341,57.6964104],[11.9799785,57.6964289],[11.9799446,57.6964517],[11.9799933,57.696473],[11.9798886,57.6965437],[11.9795693,57.6967594],[11.9793929,57.6966841],[11.979481,57.6966247],[11.9794217,57.6965994],[11.9796467,57.6964469],[11.9795877,57.6964219],[11.9795568,57.6964432],[11.9796064,57.6964645],[11.9795441,57.6965068],[11.9794251,57.6964568],[11.9794885,57.6964141],[11.9795169,57.6964264],[11.9795485,57.696405],[11.9795251,57.6963953],[11.9795298,57.6963917],[11.9793626,57.6963211],[11.9794997,57.6962285],[11.9795536,57.6962512],[11.9795756,57.6962358],[11.9795885,57.6962413],[11.9796017,57.6962469],[11.979579,57.6962621],[11.979667,57.6962994],[11.9796521,57.6963087],[11.9798189,57.6963794],[11.9798351,57.6963687],[11.9798658,57.6963819]]]}},{"type":"Feature","properties":{"@id":"relation/16887895","building":"public","building:levels":"4","name":"Stadsbiblioteket på Götaplatsen","roof:levels":"0"},"geometry":{"type":"Polygon","coordinates":[[[11.9796217,57.6976041],[11.9801674,57.6978318],[11.9801397,57.6978517],[11.9801292,57.697859],[11.9801827,57.6978815],[11.9799147,57.6980678],[11.9798362,57.6980381],[11.9797683,57.6980157],[11.9795285,57.6981834],[11.9795018,57.698202],[11.9793541,57.6981493],[11.9789577,57.6980079],[11.9795976,57.6975939],[11.9796217,57.6976041]]]}},{"type":"Feature","properties":{"@id":"relation/16887899","building":"apartments","building:levels":"5"},"geometry":{"type":"Polygon","coordinates":[[[11.9783065,57.6971715],[11.9783996,57.697106],[11.9786561,57.6972114],[11.9788051,57.6972727],[11.9787842,57.6972878],[11.9788346,57.6973083],[11.978696,57.6974084],[11.9786777,57.6974018],[11.9786095,57.6974515],[11.9786276,57.697458],[11.9784899,57.6975574],[11.9784396,57.6975376],[11.978414,57.6975557],[11.9783019,57.69751],[11.9780251,57.697396],[11.9781426,57.6973134],[11.9783169,57.6973841],[11.9785046,57.6972517],[11.9783065,57.6971715]]]}},{"type":"Feature","properties":{"@id":"relation/16887900","building":"apartments","building:levels":"6"},"geometry":{"type":"Polygon","coordinates":[[[11.9780819,57.6971515],[11.9779772,57.6971069],[11.977964,57.6971153],[11.9779116,57.6970932],[11.9779227,57.6970855],[11.9777296,57.697006],[11.9777273,57.6969915],[11.9777366,57.6969849],[11.9777154,57.6969766],[11.9777147,57.6969665],[11.9775597,57.6970748],[11.9773512,57.6969907],[11.9774492,57.6969229],[11.9774482,57.6969068],[11.977466,57.6968938],[11.9774948,57.6968911],[11.9776369,57.6967924],[11.9783996,57.697106],[11.9783065,57.6971715],[11.9782766,57.697185],[11.9781216,57.6971229],[11.9780819,57.6971515]]]}},{"type":"Feature","properties":{"@id":"relation/16887901","building":"apartments"},"geometry":{"type":"Polygon","coordinates":[[[11.9781426,57.6973134],[11.9780251,57.697396],[11.9779771,57.6973762],[11.9779026,57.6973452],[11.9778325,57.6973419],[11.9778258,57.6973416],[11.9778105,57.697349],[11.9777806,57.6973471],[11.977768,57.697339],[11.9776271,57.6973321],[11.9776466,57.697191],[11.9777604,57.6971963],[11.9777618,57.6971883],[11.977883,57.6971939],[11.9778819,57.697202],[11.9779263,57.6972042],[11.9779287,57.6972143],[11.977966,57.6972294],[11.9781638,57.6972904],[11.9781426,57.6973134]]]}},{"type":"Feature","properties":{"@id":"relation/16887902","building":"yes"},"geometry":{"type":"Polygon","coordinates":[[[11.9783065,57.6971715],[11.9785046,57.6972517],[11.9783169,57.6973841],[11.9781426,57.6973134],[11.9781638,57.6972904],[11.977966,57.6972294],[11.9780819,57.6971515],[11.9781216,57.6971229],[11.9782766,57.697185],[11.9783065,57.6971715]]]}},{"type":"Feature","properties":{"@id":"relation/17284033","building":"commercial"},"geometry":{"type":"Polygon","coordinates":[[[11.9838336,57.7063383],[11.9838343,57.7062886],[11.984431,57.706291],[11.9844295,57.7064241],[11.9844291,57.7064413],[11.984397,57.7064406],[11.9841998,57.7064396],[11.9841914,57.7064508],[11.9841805,57.7064568],[11.9841686,57.7064603],[11.9841515,57.706463],[11.9840405,57.7064661],[11.9839729,57.7064677],[11.9839571,57.7064699],[11.9839444,57.7064735],[11.9839495,57.7064777],[11.9839516,57.7064823],[11.9839511,57.7064868],[11.983948,57.7064916],[11.9839431,57.706495],[11.9839353,57.7064977],[11.9839269,57.706499],[11.9839183,57.7064991],[11.9839091,57.7064973],[11.9839018,57.7064942],[11.9838954,57.7065006],[11.9838911,57.7065079],[11.9838878,57.7065252],[11.9838835,57.7065501],[11.9838779,57.7065648],[11.983871,57.7065717],[11.9838591,57.7065777],[11.9838441,57.7065812],[11.9838369,57.7065825],[11.9838333,57.7067936],[11.9835548,57.7068149],[11.9835614,57.706337],[11.9838336,57.7063383]]]}}]}