{"type":"FeatureCollection","generator":"Tools/FetchMapDetails.py","copyright":"Map data © OpenStreetMap contributors, ODbL 1.0","timestamp":"2026-09-19T00:36:03Z","features":[{"type":"Feature","properties":{"name":"Tabeilu Sushi","kind":"place"},"geometry":{"type":"Point","coordinates":[11.9680665,57.6962043]}},{"type":"Feature","properties":{"name":"Japan House","kind":"place"},"geometry":{"type":"Point","coordinates":[11.9660551,57.6975579]}},{"type":"Feature","properties":{"name":"Radisson Blu Scandinavia","kind":"place"},"geometry":{"type":"Point","coordinates":[11.9728138,57.707038]}},{"type":"Feature","properties":{"name":"Scandic Crown","kind":"place"},"geometry":{"type":"Point","coordinates":[11.9779952,57.7081633]}},{"type":"Feature","properties":{"name":"Handelsbanken","kind":"place"},"geometry":{"type":"Point","coordinates":[11.9678486,57.7062069]}},{"type":"Feature","properties":{"name":"Karin Boye","kind":"place"},"geometry":{"type":"Point","coordinates":[11.9788887,57.6980399]}},{"type":"Feature","properties":{"name":"J. A. Wadman","kind":"place"},"geometry":{"type":"Point","coordinates":[11.979141,57.6980218]}},{"type":"Feature","properties":{"name":"Lilla Bommen","kind":"tram_stop"},"geometry":{"type":"Point","coordinates":[11.9667699,57.7092219]}},{"type":"Feature","properties":{"name":"Drottningtorget","kind":"tram_stop"},"geometry":{"type":"Point","coordinates":[11.9734989,57.7075529]}},{"type":"Feature","properties":{"name":"Drottningtorget","kind":"tram_stop"},"geometry":{"type":"Point","coordinates":[11.9729691,57.7076512]}},{"type":"Feature","properties":{"name":"Brunnsparken","kind":"tram_stop"},"geometry":{"type":"Point","coordinates":[11.9688473,57.7065914]}},{"type":"Feature","properties":{"name":"Pressbyrån","kind":"shop"},"geometry":{"type":"Point","coordinates":[11.9733161,57.7080771]}},{"type":"Feature","properties":{"name":"Drottningtorget","kind":"tram_stop"},"geometry":{"type":"Point","coordinates":[11.9729524,57.7078166]}},{"type":"Feature","properties":{"name":"Scandic Europa","kind":"place"},"geometry":{"type":"Point","coordinates":[11.9705789,57.7081513]}},{"type":"Feature","properties":{"name":"The Golden Days","kind":"place"},"geometry":{"type":"Point","coordinates":[11.9668666,57.7061357]}},{"type":"Feature","properties":{"name":"Nordea","kind":"place"},"geometry":{"type":"Point","coordinates":[11.966984,57.7093873]}},{"type":"Feature","properties":{"name":"Biopalatset","kind":"place"},"geometry":{"type":"Point","coordinates":[11.966847,57.703422]}},{"type":"Feature","properties":{"name":"Vasaplatsen","kind":"tram_stop"},"geometry":{"type":"Point","coordinates":[11.97005,57.6989459]}},{"type":"Feature","properties":{"name":"Vasa Viktoriagatan","kind":"tram_stop"},"geometry":{"type":"Point","coordinates":[11.9669504,57.6981715]}},{"type":"Feature","properties":{"name":"Vasa Viktoriagatan","kind":"tram_stop"},"geometry":{"type":"Point","coordinates":[11.9664299,57.698251]}},{"type":"Feature","properties":{"name":"Valand","kind":"tram_stop"},"geometry":{"type":"Point","coordinates":[11.9741954,57.7004569]}},{"type":"Feature","properties":{"name":"Valand","kind":"tram_stop"},"geometry":{"type":"Point","coordinates":[11.9736913,57.7004526]}},{"type":"Feature","properties":{"name":"Valand","kind":"tram_stop"},"geometry":{"type":"Point","coordinates":[11.975272,57.7001588]}},{"type":"Feature","properties":{"name":"P-hus City","kind":"place"},"geometry":{"type":"Point","coordinates":[11.9717198,57.7061087]}},{"type":"Feature","properties":{"name":"Foodie Neo Asian Gourmet Kitchen","kind":"place"},"geometry":{"type":"Point","coordinates":[11.9664218,57.7092142]}},{"type":"Feature","properties":{"name":"Lilla Hanoi","kind":"place"},"geometry":{"type":"Point","coordinates":[11.9650047,57.7092098]}},{"type":"Feature","properties":{"name":"Café green & rum","kind":"place"},"geometry":{"type":"Point","coordinates":[11.9668704,57.7095808]}},{"type":"Feature","properties":{"name":"Komo - Korean and Mongolian steakhouse","kind":"place"},"geometry":{"type":"Point","coordinates":[11.9653534,57.7096994]}},{"type":"Feature","properties":{"name":"Paddan","kind":"place"},"geometry":{"type":"Point","coordinates":[11.9694418,57.703154]}},{"type":"Feature","properties":{"name":"Max","kind":"place"},"geometry":{"type":"Point","coordinates":[11.979259,57.7065896]}},{"type":"Feature","properties":{"name":"Hotel Vanilla","kind":"place"},"geometry":{"type":"Point","coordinates":[11.9669219,57.7051124]}},{"type":"Feature","properties":{"name":"Rosenkaféet","kind":"place"},"geometry":{"type":"Point","coordinates":[11.9760631,57.706602]}},{"type":"Feature","properties":{"name":"Trädgår'n","kind":"place"},"geometry":{"type":"Point","coordinates":[11.9757305,57.7044491]}},{"type":"Feature","properties":{"name":"Zaika Flavour of India","kind":"place"},"geometry":{"type":"Point","coordinates":[11.9762,57.698797]}},{"type":"Feature","properties":{"name":"NTI Gymnasiet Kronhus","kind":"place"},"geometry":{"type":"Point","coordinates":[11.9656507,57.7082216]}},{"type":"Feature","properties":{"name":"Lilla London","kind":"place"},"geometry":{"type":"Point","coordinates":[11.9744806,57.7003592]}},{"type":"Feature","properties":{"name":"Centralstationen","kind":"place"},"geometry":{"type":"Point","coordinates":[11.9749115,57.7088253]}},{"type":"Feature","properties":{"name":"Roy","kind":"place"},"geometry":{"type":"Point","coordinates":[11.9781648,57.6978299]}},{"type":"Feature","properties":{"name":"Sun Wall","kind":"place"},"geometry":{"type":"Point","coordinates":[11.9718221,57.7058373]}},{"type":"Feature","properties":{"name":"Klang Market","kind":"place"},"geometry":{"type":"Point","coordinates":[11.9722537,57.7044494]}},{"type":"Feature","properties":{"name":"Masaki","kind":"place"},"geometry":{"type":"Point","coordinates":[11.9714921,57.7056971]}},{"type":"Feature","properties":{"name":"Stadium","kind":"shop"},"geometry":{"type":"Point","coordinates":[11.9704774,57.7059527]}},{"type":"Feature","properties":{"name":"Super Sushi","kind":"place"},"geometry":{"type":"Point","coordinates":[11.9705667,57.7062272]}},{"type":"Feature","properties":{"name":"Cappuccino","kind":"place"},"geometry":{"type":"Point","coordinates":[11.9699811,57.7047262]}},{"type":"Feature","properties":{"name":"Plaza","kind":"place"},"geometry":{"type":"Point","coordinates":[11.968594,57.705056]}},{"type":"Feature","properties":{"name":"Pizzeria 13","kind":"place"},"geometry":{"type":"Point","coordinates":[11.9722297,57.7001729]}},{"type":"Feature","properties":{"name":"El Corazón","kind":"place"},"geometry":{"type":"Point","coordinates":[11.973038,57.70198]}},{"type":"Feature","properties":{"name":"Project","kind":"place"},"geometry":{"type":"Point","coordinates":[11.9827142,57.6978355]}},{"type":"Feature","properties":{"name":"Berzeliigatan","kind":"tram_stop"},"geometry":{"type":"Point","coordinates":[11.9823163,57.6983133]}},{"type":"Feature","properties":{"name":"Subway","kind":"place"},"geometry":{"type":"Point","coordinates":[11.9729041,57.7095806]}},{"type":"Feature","properties":{"name":"Trattoria da Pasquale","kind":"place"},"geometry":{"type":"Point","coordinates":[11.9845678,57.7000034]}},{"type":"Feature","properties":{"name":"Koka","kind":"place"},"geometry":{"type":"Point","coordinates":[11.965551,57.6984956]}},{"type":"Feature","properties":{"name":"Betlehemskyrkan","kind":"place"},"geometry":{"type":"Point","coordinates":[11.9676667,57.6985597]}},{"type":"Feature","properties":{"name":"Krakow","kind":"place"},"geometry":{"type":"Point","coordinates":[11.968668,57.6954528]}},{"type":"Feature","properties":{"name":"Burger King","kind":"place"},"geometry":{"type":"Point","coordinates":[11.9744888,57.7010718]}},{"type":"Feature","properties":{"name":"Familjen","kind":"place"},"geometry":{"type":"Point","coordinates":[11.9762559,57.6975246]}},{"type":"Feature","properties":{"name":"MacForum","kind":"shop"},"geometry":{"type":"Point","coordinates":[11.9671428,57.7091768]}},{"type":"Feature","properties":{"name":"Espresso House","kind":"place"},"geometry":{"type":"Point","coordinates":[11.966426,57.703462]}},{"type":"Feature","properties":{"name":"Hertz","kind":"place"},"geometry":{"type":"Point","coordinates":[11.9698211,57.7093558]}},{"type":"Feature","properties":{"name":"Nordiska Kompaniet","kind":"shop"},"geometry":{"type":"Point","coordinates":[11.9695989,57.7057378]}},{"type":"Feature","properties":{"name":"Fröken Olssons Kafe","kind":"place"},"geometry":{"type":"Point","coordinates":[11.9715225,57.7054308]}},{"type":"Feature","properties":{"name":"Restaurang 28+","kind":"place"},"geometry":{"type":"Point","coordinates":[11.9739369,57.6981094]}},{"type":"Feature","properties":{"name":"Björns Bar","kind":"place"},"geometry":{"type":"Point","coordinates":[11.9655314,57.6985355]}},{"type":"Feature","properties":{"name":"The Bishop's Arms","kind":"place"},"geometry":{"type":"Point","coordinates":[11.9780227,57.6985978]}},{"type":"Feature","properties":{"name":"Texas Long Horn Steakhouse","kind":"place"},"geometry":{"type":"Point","coordinates":[11.974825,57.701764]}},{"type":"Feature","properties":{"name":"Elite Park Avenue","kind":"place"},"geometry":{"type":"Point","coordinates":[11.9783108,57.6984084]}},{"type":"Feature","properties":{"name":"Apoteket","kind":"place"},"geometry":{"type":"Point","coordinates":[11.979085,57.6996249]}},{"type":"Feature","properties":{"name":"Da Matteo i viktoriapassagen","kind":"place"},"geometry":{"type":"Point","coordinates":[11.9654205,57.7033703]}},{"type":"Feature","properties":{"name":"Alysa Pub","kind":"place"},"geometry":{"type":"Point","coordinates":[11.9708383,57.7075573]}},{"type":"Feature","properties":{"name":"Drottningtorget","kind":"tram_stop"},"geometry":{"type":"Point","coordinates":[11.9730501,57.7080576]}},{"type":"Feature","properties":{"name":"Drottningtorget","kind":"tram_stop"},"geometry":{"type":"Point","coordinates":[11.9735271,57.7075969]}},{"type":"Feature","properties":{"name":"Drottningtorget","kind":"tram_stop"},"geometry":{"type":"Point","coordinates":[11.9731749,57.7077079]}},{"type":"Feature","properties":{"name":"Brunnsparken","kind":"tram_stop"},"geometry":{"type":"Point","coordinates":[11.9685359,57.7070626]}},{"type":"Feature","properties":{"name":"Meet","kind":"place"},"geometry":{"type":"Point","coordinates":[11.9776019,57.6975239]}},{"type":"Feature","properties":{"name":"Gezana","kind":"place"},"geometry":{"type":"Point","coordinates":[11.976534,57.700409]}},{"type":"Feature","properties":{"name":"Göteborgs Turistbyrå","kind":"place"},"geometry":{"type":"Point","coordinates":[11.9698618,57.704289]}},{"type":"Feature","properties":{"name":"Kungsfrukt","kind":"shop"},"geometry":{"type":"Point","coordinates":[11.9700144,57.7041767]}},{"type":"Feature","properties":{"name":"Lagerhaus","kind":"shop"},"geometry":{"type":"Point","coordinates":[11.9692258,57.7050817]}},{"type":"Feature","properties":{"name":"Synoptik","kind":"shop"},"geometry":{"type":"Point","coordinates":[11.9692375,57.7050398]}},{"type":"Feature","properties":{"name":"Telia butik","kind":"shop"},"geometry":{"type":"Point","coordinates":[11.9701574,57.7040859]}},{"type":"Feature","properties":{"name":"Breitling","kind":"shop"},"geometry":{"type":"Point","coordinates":[11.969133,57.705278]}},{"type":"Feature","properties":{"name":"Försäkringskassan","kind":"place"},"geometry":{"type":"Point","coordinates":[11.9668037,57.709695]}},{"type":"Feature","properties":{"name":"Kronofogden","kind":"place"},"geometry":{"type":"Point","coordinates":[11.9668186,57.7096696]}},{"type":"Feature","properties":{"name":"Skatteverket Göteborg Nordstan","kind":"place"},"geometry":{"type":"Point","coordinates":[11.9668103,57.7096838]}},{"type":"Feature","properties":{"name":"Valand","kind":"tram_stop"},"geometry":{"type":"Point","coordinates":[11.9750863,57.7003261]}},{"type":"Feature","properties":{"name":"Berzeliigatan","kind":"tram_stop"},"geometry":{"type":"Point","coordinates":[11.981542,57.6986577]}},{"type":"Feature","properties":{"name":"Ullevi Södra","kind":"tram_stop"},"geometry":{"type":"Point","coordinates":[11.9849463,57.7048367]}},{"type":"Feature","properties":{"name":"Kaffepåsen","kind":"shop"},"geometry":{"type":"Point","coordinates":[11.983979,57.709807]}},{"type":"Feature","properties":{"name":"Hair Palace","kind":"shop"},"geometry":{"type":"Point","coordinates":[11.9830724,57.7092312]}},{"type":"Feature","properties":{"name":"Edwins vitvaror","kind":"shop"},"geometry":{"type":"Point","coordinates":[11.9844031,57.7092042]}},{"type":"Feature","properties":{"name":"Polisen Göteborg City","kind":"place"},"geometry":{"type":"Point","coordinates":[11.9841449,57.7077164]}},{"type":"Feature","properties":{"name":"7-Eleven","kind":"shop"},"geometry":{"type":"Point","coordinates":[11.984139,57.699085]}},{"type":"Feature","properties":{"name":"Scandic Opalen","kind":"place"},"geometry":{"type":"Point","coordinates":[11.9848527,57.7014124]}},{"type":"Feature","properties":{"name":"Brunnsparken","kind":"tram_stop"},"geometry":{"type":"Point","coordinates":[11.9697852,57.7067075]}},{"type":"Feature","properties":{"name":"Jumper","kind":"shop"},"geometry":{"type":"Point","coordinates":[11.970199,57.706436]}},{"type":"Feature","properties":{"name":"Brunnsparken","kind":"tram_stop"},"geometry":{"type":"Point","coordinates":[11.9678056,57.70712]}},{"type":"Feature","properties":{"name":"Lilla Bommen","kind":"tram_stop"},"geometry":{"type":"Point","coordinates":[11.966751,57.7091497]}},{"type":"Feature","properties":{"name":"Vasaplatsen","kind":"tram_stop"},"geometry":{"type":"Point","coordinates":[11.9705111,57.6989398]}},{"type":"Feature","properties":{"name":"Vasaplatsen","kind":"tram_stop"},"geometry":{"type":"Point","coordinates":[11.9694221,57.6991712]}},{"type":"Feature","properties":{"name":"Vasaplatsen","kind":"tram_stop"},"geometry":{"type":"Point","coordinates":[11.9693282,57.6994174]}},{"type":"Feature","properties":{"name":"Kungsportsplatsen","kind":"tram_stop"},"geometry":{"type":"Point","coordinates":[11.9697972,57.7039668]}},{"type":"Feature","properties":{"name":"Kungsportsplatsen","kind":"tram_stop"},"geometry":{"type":"Point","coordinates":[11.9696182,57.7041317]}},{"type":"Feature","properties":{"name":"Kronans Apotek","kind":"place"},"geometry":{"type":"Point","coordinates":[11.968815,57.704334]}},{"type":"Feature","properties":{"name":"Andrum","kind":"place"},"geometry":{"type":"Point","coordinates":[11.9670556,57.7080532]}},{"type":"Feature","properties":{"name":"Bluhme","kind":"shop"},"geometry":{"type":"Point","coordinates":[11.9713449,57.699603]}},{"type":"Feature","properties":{"name":"Café Vasnova","kind":"place"},"geometry":{"type":"Point","coordinates":[11.9711487,57.6995141]}},{"type":"Feature","properties":{"name":"Champagnerian","kind":"place"},"geometry":{"type":"Point","coordinates":[11.9680802,57.7001719]}},{"type":"Feature","properties":{"name":"Viva","kind":"place"},"geometry":{"type":"Point","coordinates":[11.968429,57.700192]}},{"type":"Feature","properties":{"name":"Vasaplatsens Brygghus","kind":"place"},"geometry":{"type":"Point","coordinates":[11.969112,57.700374]}},{"type":"Feature","properties":{"name":"Clip Avance","kind":"shop"},"geometry":{"type":"Point","coordinates":[11.9685643,57.6999615]}},{"type":"Feature","properties":{"name":"Gain Trading Asien Livs","kind":"shop"},"geometry":{"type":"Point","coordinates":[11.9670001,57.7081683]}},{"type":"Feature","properties":{"name":"Garbo Café","kind":"place"},"geometry":{"type":"Point","coordinates":[11.9708772,57.6994005]}},{"type":"Feature","properties":{"name":"Löplabbet","kind":"shop"},"geometry":{"type":"Point","coordinates":[11.9665108,57.7090484]}},{"type":"Feature","properties":{"name":"Indian Bistro","kind":"place"},"geometry":{"type":"Point","coordinates":[11.9669163,57.7082578]}},{"type":"Feature","properties":{"name":"Medicinhistoriska museet","kind":"place"},"geometry":{"type":"Point","coordinates":[11.9665919,57.7088902]}},{"type":"Feature","properties":{"name":"Pensionsmyndigheten","kind":"place"},"geometry":{"type":"Point","coordinates":[11.9667952,57.7097096]}},{"type":"Feature","properties":{"name":"Pickles","kind":"shop"},"geometry":{"type":"Point","coordinates":[11.970495,57.6992601]}},{"type":"Feature","properties":{"name":"SEB","kind":"place"},"geometry":{"type":"Point","coordinates":[11.9676325,57.7081797]}},{"type":"Feature","properties":{"name":"Skål","kind":"place"},"geometry":{"type":"Point","coordinates":[11.9684345,57.6999465]}},{"type":"Feature","properties":{"name":"Fabel","kind":"place"},"geometry":{"type":"Point","coordinates":[11.9687882,57.6998046]}},{"type":"Feature","properties":{"name":"Lilly Nails","kind":"shop"},"geometry":{"type":"Point","coordinates":[11.967803,57.700111]}},{"type":"Feature","properties":{"name":"4-Gott","kind":"shop"},"geometry":{"type":"Point","coordinates":[11.966315,57.709379]}},{"type":"Feature","properties":{"name":"Amanda Boman","kind":"place"},"geometry":{"type":"Point","coordinates":[11.9673812,57.703534]}},{"type":"Feature","properties":{"name":"Avalon Hotel","kind":"place"},"geometry":{"type":"Point","coordinates":[11.9682213,57.703985]}},{"type":"Feature","properties":{"name":"Bee Kök & Bar","kind":"place"},"geometry":{"type":"Point","coordinates":[11.9679293,57.7037168]}},{"type":"Feature","properties":{"name":"Lakritsroten","kind":"shop"},"geometry":{"type":"Point","coordinates":[11.9684013,57.7053769]}},{"type":"Feature","properties":{"name":"Carpe Diem Beds","kind":"shop"},"geometry":{"type":"Point","coordinates":[11.9691745,57.7051961]}},{"type":"Feature","properties":{"name":"Condeco","kind":"place"},"geometry":{"type":"Point","coordinates":[11.9709144,57.7052015]}},{"type":"Feature","properties":{"name":"Elboden","kind":"shop"},"geometry":{"type":"Point","coordinates":[11.967902,57.705698]}},{"type":"Feature","properties":{"name":"7-Eleven","kind":"shop"},"geometry":{"type":"Point","coordinates":[11.9681156,57.7071621]}},{"type":"Feature","properties":{"name":"Gretas","kind":"place"},"geometry":{"type":"Point","coordinates":[11.967519,57.705616]}},{"type":"Feature","properties":{"name":"The Doner Factory","kind":"place"},"geometry":{"type":"Point","coordinates":[11.9692813,57.7034919]}},{"type":"Feature","properties":{"name":"Joe & The Juice","kind":"place"},"geometry":{"type":"Point","coordinates":[11.968355,57.7055038]}},{"type":"Feature","properties":{"name":"aimin","kind":"shop"},"geometry":{"type":"Point","coordinates":[11.968506,57.70516]}},{"type":"Feature","properties":{"name":"7-Eleven","kind":"shop"},"geometry":{"type":"Point","coordinates":[11.9691138,57.7053483]}},{"type":"Feature","properties":{"name":"Kungstorget","kind":"place"},"geometry":{"type":"Point","coordinates":[11.9679591,57.703921]}},{"type":"Feature","properties":{"name":"Stadsbiblioteket 300m²","kind":"place"},"geometry":{"type":"Point","coordinates":[11.9680365,57.7072926]}},{"type":"Feature","properties":{"name":"Naturkompaniet","kind":"shop"},"geometry":{"type":"Point","coordinates":[11.9681663,57.7058647]}},{"type":"Feature","properties":{"name":"Nordstan Sko & Lås AB","kind":"shop"},"geometry":{"type":"Point","coordinates":[11.968254,57.7088863]}},{"type":"Feature","properties":{"name":"Ost-Anders","kind":"shop"},"geometry":{"type":"Point","coordinates":[11.9680201,57.7033887]}},{"type":"Feature","properties":{"name":"Panduro","kind":"shop"},"geometry":{"type":"Point","coordinates":[11.9683088,57.7055906]}},{"type":"Feature","properties":{"name":"S.P.I.C.E","kind":"place"},"geometry":{"type":"Point","coordinates":[11.969144,57.703449]}},{"type":"Feature","properties":{"name":"Bastard Burgers","kind":"place"},"geometry":{"type":"Point","coordinates":[11.967969,57.707476]}},{"type":"Feature","properties":{"name":"Irish Embassy","kind":"place"},"geometry":{"type":"Point","coordinates":[11.9693154,57.7049394]}},{"type":"Feature","properties":{"name":"Ticket","kind":"shop"},"geometry":{"type":"Point","coordinates":[11.968471,57.705229]}},{"type":"Feature","properties":{"name":"Subway","kind":"place"},"geometry":{"type":"Point","coordinates":[11.968598,57.707129]}},{"type":"Feature","properties":{"name":"La Piccola Gondola","kind":"place"},"geometry":{"type":"Point","coordinates":[11.9684116,57.7035097]}},{"type":"Feature","properties":{"name":"Arket","kind":"shop"},"geometry":{"type":"Point","coordinates":[11.9687303,57.7048386]}},{"type":"Feature","properties":{"name":"Ölhallen 7:an","kind":"place"},"geometry":{"type":"Point","coordinates":[11.9676985,57.7038482]}},{"type":"Feature","properties":{"name":"14m2 Bao","kind":"place"},"geometry":{"type":"Point","coordinates":[11.9678451,57.7033345]}},{"type":"Feature","properties":{"name":"Restaurant Kometen","kind":"place"},"geometry":{"type":"Point","coordinates":[11.9751388,57.7011593]}},{"type":"Feature","properties":{"name":"Star Steakhouse","kind":"place"},"geometry":{"type":"Point","coordinates":[11.980152,57.709071]}},{"type":"Feature","properties":{"name":"Home Hotel Odin","kind":"place"},"geometry":{"type":"Point","coordinates":[11.9791458,57.7090456]}},{"type":"Feature","properties":{"name":"Piada Mia","kind":"place"},"geometry":{"type":"Point","coordinates":[11.9669728,57.7056686]}},{"type":"Feature","properties":{"name":"Naturkompaniet","kind":"shop"},"geometry":{"type":"Point","coordinates":[11.9711629,57.7041469]}},{"type":"Feature","properties":{"name":"mcs | Marlboro Classics","kind":"shop"},"geometry":{"type":"Point","coordinates":[11.970921,57.704188]}},{"type":"Feature","properties":{"name":"Park Lane","kind":"place"},"geometry":{"type":"Point","coordinates":[11.9784778,57.6983096]}},{"type":"Feature","properties":{"name":"Decerno","kind":"place"},"geometry":{"type":"Point","coordinates":[11.9759843,57.7010995]}},{"type":"Feature","properties":{"name":"Pressbyrån","kind":"shop"},"geometry":{"type":"Point","coordinates":[11.972762,57.70923]}},{"type":"Feature","properties":{"name":"Burger King","kind":"place"},"geometry":{"type":"Point","coordinates":[11.9727668,57.7090876]}},{"type":"Feature","properties":{"name":"Hemmakväll","kind":"shop"},"geometry":{"type":"Point","coordinates":[11.9838632,57.7096295]}},{"type":"Feature","properties":{"name":"Coop Odinsgatan","kind":"shop"},"geometry":{"type":"Point","coordinates":[11.9789977,57.7089149]}},{"type":"Feature","properties":{"name":"Odins Parkgrill","kind":"place"},"geometry":{"type":"Point","coordinates":[11.9847371,57.7098631]}},{"type":"Feature","properties":{"name":"La Vacca","kind":"place"},"geometry":{"type":"Point","coordinates":[11.9844311,57.7083742]}},{"type":"Feature","properties":{"name":"Franska Skolan","kind":"place"},"geometry":{"type":"Point","coordinates":[11.9770652,57.6951739]}},{"type":"Feature","properties":{"name":"Medborgarskolan","kind":"place"},"geometry":{"type":"Point","coordinates":[11.9771274,57.6950672]}},{"type":"Feature","properties":{"name":"Norda Bar & Grill","kind":"place"},"geometry":{"type":"Point","coordinates":[11.9745333,57.7082873]}},{"type":"Feature","properties":{"name":"Flickan och sjötrollen","kind":"place"},"geometry":{"type":"Point","coordinates":[11.9669081,57.7019833]}},{"type":"Feature","properties":{"name":"Incantatio","kind":"place"},"geometry":{"type":"Point","coordinates":[11.9828624,57.6960338]}},{"type":"Feature","properties":{"name":"Röhsska museet","kind":"place"},"geometry":{"type":"Point","coordinates":[11.9735149,57.699984]}},{"type":"Feature","properties":{"name":"Bar Centro","kind":"place"},"geometry":{"type":"Point","coordinates":[11.9697273,57.7054509]}},{"type":"Feature","properties":{"name":"Campusbokhandeln","kind":"shop"},"geometry":{"type":"Point","coordinates":[11.9748871,57.6968676]}},{"type":"Feature","properties":{"name":"Dröm","kind":"place"},"geometry":{"type":"Point","coordinates":[11.9738721,57.7080799]}},{"type":"Feature","properties":{"name":"Brunnsparken","kind":"tram_stop"},"geometry":{"type":"Point","coordinates":[11.9665574,57.706229]}},{"type":"Feature","properties":{"name":"Brunnsparken","kind":"tram_stop"},"geometry":{"type":"Point","coordinates":[11.9669441,57.7062623]}},{"type":"Feature","properties":{"name":"Socrates","kind":"shop"},"geometry":{"type":"Point","coordinates":[11.98189,57.709321]}},{"type":"Feature","properties":{"name":"Monia","kind":"shop"},"geometry":{"type":"Point","coordinates":[11.9808725,57.7091561]}},{"type":"Feature","properties":{"name":"Göteborgs Tobakshandel","kind":"shop"},"geometry":{"type":"Point","coordinates":[11.981449,57.709243]}},{"type":"Feature","properties":{"name":"Davids Sax","kind":"shop"},"geometry":{"type":"Point","coordinates":[11.9810306,57.7091713]}},{"type":"Feature","properties":{"name":"Hittegodscentralen","kind":"place"},"geometry":{"type":"Point","coordinates":[11.9834768,57.7095667]}},{"type":"Feature","properties":{"name":"Axelssons Massage","kind":"place"},"geometry":{"type":"Point","coordinates":[11.9828354,57.7094719]}},{"type":"Feature","properties":{"name":"Lycka Frisör & Butik","kind":"shop"},"geometry":{"type":"Point","coordinates":[11.9830979,57.7095049]}},{"type":"Feature","properties":{"name":"Laras Blommor","kind":"shop"},"geometry":{"type":"Point","coordinates":[11.9808939,57.7088604]}},{"type":"Feature","properties":{"name":"Foto Jubel","kind":"shop"},"geometry":{"type":"Point","coordinates":[11.9808109,57.7088471]}},{"type":"Feature","properties":{"name":"Fondkistan","kind":"shop"},"geometry":{"type":"Point","coordinates":[11.9833467,57.7092633]}},{"type":"Feature","properties":{"name":"Odin Pizza","kind":"place"},"geometry":{"type":"Point","coordinates":[11.9837116,57.7093074]}},{"type":"Feature","properties":{"name":"Odin familjefrisör","kind":"shop"},"geometry":{"type":"Point","coordinates":[11.9834772,57.7092813]}},{"type":"Feature","properties":{"name":"Barberos","kind":"shop"},"geometry":{"type":"Point","coordinates":[11.9840995,57.7093626]}},{"type":"Feature","properties":{"name":"Het Amsterdammertje","kind":"place"},"geometry":{"type":"Point","coordinates":[11.9831734,57.7092416]}},{"type":"Feature","properties":{"name":"Hair Studio","kind":"shop"},"geometry":{"type":"Point","coordinates":[11.9795162,57.7080757]}},{"type":"Feature","properties":{"name":"Ullevikliniken","kind":"shop"},"geometry":{"type":"Point","coordinates":[11.9795029,57.7082574]}},{"type":"Feature","properties":{"name":"Coop Konsum Avenyn","kind":"shop"},"geometry":{"type":"Point","coordinates":[11.9771721,57.6994062]}},{"type":"Feature","properties":{"name":"Hemköp Göteborg Vasagatan","kind":"shop"},"geometry":{"type":"Point","coordinates":[11.9680177,57.698613]}},{"type":"Feature","properties":{"name":"Vi Viet","kind":"place"},"geometry":{"type":"Point","coordinates":[11.9688342,57.6978992]}},{"type":"Feature","properties":{"name":"Scandic Rubinen","kind":"place"},"geometry":{"type":"Point","coordinates":[11.9762968,57.6997975]}},{"type":"Feature","properties":{"name":"Evas Paley","kind":"place"},"geometry":{"type":"Point","coordinates":[11.9774394,57.6983585]}},{"type":"Feature","properties":{"name":"Tre Små Rum","kind":"place"},"geometry":{"type":"Point","coordinates":[11.9735996,57.6989075]}},{"type":"Feature","properties":{"name":"Posto","kind":"place"},"geometry":{"type":"Point","coordinates":[11.9738023,57.6990147]}},{"type":"Feature","properties":{"name":"Hotell Maria Eriksson","kind":"place"},"geometry":{"type":"Point","coordinates":[11.9744986,57.6985246]}},{"type":"Feature","properties":{"name":"The Flying Barrel","kind":"place"},"geometry":{"type":"Point","coordinates":[11.9737337,57.6987456]}},{"type":"Feature","properties":{"name":"Sunset Falafel","kind":"place"},"geometry":{"type":"Point","coordinates":[11.967932,57.6996178]}},{"type":"Feature","properties":{"name":"Pita","kind":"place"},"geometry":{"type":"Point","coordinates":[11.9691203,57.6992381]}},{"type":"Feature","properties":{"name":"7-Eleven","kind":"shop"},"geometry":{"type":"Point","coordinates":[11.9693375,57.6988159]}},{"type":"Feature","properties":{"name":"Bergströms","kind":"shop"},"geometry":{"type":"Point","coordinates":[11.9688065,57.7046509]}},{"type":"Feature","properties":{"name":"Delphi","kind":"place"},"geometry":{"type":"Point","coordinates":[11.9682974,57.7056569]}},{"type":"Feature","properties":{"name":"Glitter","kind":"shop"},"geometry":{"type":"Point","coordinates":[11.969322,57.703912]}},{"type":"Feature","properties":{"name":"Gule Knut","kind":"shop"},"geometry":{"type":"Point","coordinates":[11.969283,57.703935]}},{"type":"Feature","properties":{"name":"Hallbergs Guld","kind":"shop"},"geometry":{"type":"Point","coordinates":[11.968772,57.7047248]}},{"type":"Feature","properties":{"name":"Danske Bank","kind":"place"},"geometry":{"type":"Point","coordinates":[11.968969,57.704416]}},{"type":"Feature","properties":{"name":"Peak Performance","kind":"shop"},"geometry":{"type":"Point","coordinates":[11.968859,57.704546]}},{"type":"Feature","properties":{"name":"Pocket Shop","kind":"shop"},"geometry":{"type":"Point","coordinates":[11.969201,57.703981]}},{"type":"Feature","properties":{"name":"The Body Shop","kind":"shop"},"geometry":{"type":"Point","coordinates":[11.969396,57.703863]}},{"type":"Feature","properties":{"name":"7-Eleven","kind":"shop"},"geometry":{"type":"Point","coordinates":[11.969449,57.703825]}},{"type":"Feature","properties":{"name":"Grace","kind":"place"},"geometry":{"type":"Point","coordinates":[11.9734192,57.7011054]}},{"type":"Feature","properties":{"name":"Koohyar","kind":"shop"},"geometry":{"type":"Point","coordinates":[11.9740122,57.7013897]}},{"type":"Feature","properties":{"name":"Cheri-lee","kind":"place"},"geometry":{"type":"Point","coordinates":[11.9739738,57.7014148]}},{"type":"Feature","properties":{"name":"Espresso House Avenyn","kind":"place"},"geometry":{"type":"Point","coordinates":[11.9735907,57.701689]}},{"type":"Feature","properties":{"name":"The Parlour","kind":"place"},"geometry":{"type":"Point","coordinates":[11.9731805,57.7018604]}},{"type":"Feature","properties":{"name":"Din sko","kind":"shop"},"geometry":{"type":"Point","coordinates":[11.9751324,57.7006208]}},{"type":"Feature","properties":{"name":"Forex Bank","kind":"place"},"geometry":{"type":"Point","coordinates":[11.9759033,57.7000772]}},{"type":"Feature","properties":{"name":"Joe & The Juice","kind":"place"},"geometry":{"type":"Point","coordinates":[11.97582,57.700121]}},{"type":"Feature","properties":{"name":"Hard Rock Cafe","kind":"place"},"geometry":{"type":"Point","coordinates":[11.974252,57.701228]}},{"type":"Feature","properties":{"name":"Ölstugan Tullen Avenyn","kind":"place"},"geometry":{"type":"Point","coordinates":[11.977159,57.699192]}},{"type":"Feature","properties":{"name":"Joe Farelli's","kind":"place"},"geometry":{"type":"Point","coordinates":[11.9743696,57.7011495]}},{"type":"Feature","properties":{"name":"KappAhl","kind":"shop"},"geometry":{"type":"Point","coordinates":[11.9765934,57.69959]}},{"type":"Feature","properties":{"name":"La Gondola Trattoria","kind":"place"},"geometry":{"type":"Point","coordinates":[11.973741,57.70158]}},{"type":"Feature","properties":{"name":"McDonald's","kind":"place"},"geometry":{"type":"Point","coordinates":[11.977103,57.69923]}},{"type":"Feature","properties":{"name":"Hotel Bellora","kind":"place"},"geometry":{"type":"Point","coordinates":[11.973828,57.701521]}},{"type":"Feature","properties":{"name":"Oscar Jacobson","kind":"shop"},"geometry":{"type":"Point","coordinates":[11.97607,57.69996]}},{"type":"Feature","properties":{"name":"SEB","kind":"place"},"geometry":{"type":"Point","coordinates":[11.975654,57.700259]}},{"type":"Feature","properties":{"name":"Handelsbanken","kind":"place"},"geometry":{"type":"Point","coordinates":[11.977328,57.69908]}},{"type":"Feature","properties":{"name":"Systembolaget","kind":"shop"},"geometry":{"type":"Point","coordinates":[11.975384,57.700452]}},{"type":"Feature","properties":{"name":"Flying Tiger Copenhagen","kind":"shop"},"geometry":{"type":"Point","coordinates":[11.9766581,57.699545]}},{"type":"Feature","properties":{"name":"Bellora","kind":"place"},"geometry":{"type":"Point","coordinates":[11.973906,57.701464]}},{"type":"Feature","properties":{"name":"Ecco","kind":"shop"},"geometry":{"type":"Point","coordinates":[11.9752109,57.700563]}},{"type":"Feature","properties":{"name":"8IGHT","kind":"place"},"geometry":{"type":"Point","coordinates":[11.973997,57.701399]}},{"type":"Feature","properties":{"name":"SMAJLA Avenyn","kind":"place"},"geometry":{"type":"Point","coordinates":[11.9772686,57.6991256]}},{"type":"Feature","properties":{"name":"7-Eleven","kind":"shop"},"geometry":{"type":"Point","coordinates":[11.9775251,57.6989671]}},{"type":"Feature","properties":{"name":"7-Eleven","kind":"shop"},"geometry":{"type":"Point","coordinates":[11.9746481,57.7009653]}},{"type":"Feature","properties":{"name":"Synsam","kind":"shop"},"geometry":{"type":"Point","coordinates":[11.9663667,57.7043381]}},{"type":"Feature","properties":{"name":"Apotek Hjärtat","kind":"place"},"geometry":{"type":"Point","coordinates":[11.9653953,57.7041893]}},{"type":"Feature","properties":{"name":"MQ","kind":"shop"},"geometry":{"type":"Point","coordinates":[11.9677821,57.7045665]}},{"type":"Feature","properties":{"name":"Creative Headz","kind":"shop"},"geometry":{"type":"Point","coordinates":[11.969873,57.704898]}},{"type":"Feature","properties":{"name":"Indiska","kind":"shop"},"geometry":{"type":"Point","coordinates":[11.9661447,57.7043111]}},{"type":"Feature","properties":{"name":"Scorett","kind":"shop"},"geometry":{"type":"Point","coordinates":[11.967369,57.704501]}},{"type":"Feature","properties":{"name":"Chelsea","kind":"shop"},"geometry":{"type":"Point","coordinates":[11.9703336,57.7049756]}},{"type":"Feature","properties":{"name":"Efva Attling","kind":"shop"},"geometry":{"type":"Point","coordinates":[11.9695278,57.7048448]}},{"type":"Feature","properties":{"name":"Evangeliska Brödraförsamlingen","kind":"place"},"geometry":{"type":"Point","coordinates":[11.9666995,57.7043949]}},{"type":"Feature","properties":{"name":"Muli Collection","kind":"shop"},"geometry":{"type":"Point","coordinates":[11.9704607,57.7049859]}},{"type":"Feature","properties":{"name":"Monki","kind":"shop"},"geometry":{"type":"Point","coordinates":[11.9668874,57.70442]}},{"type":"Feature","properties":{"name":"& Other Stories","kind":"shop"},"geometry":{"type":"Point","coordinates":[11.9656675,57.7042507]}},{"type":"Feature","properties":{"name":"Jarl Sandin","kind":"shop"},"geometry":{"type":"Point","coordinates":[11.9706771,57.7050232]}},{"type":"Feature","properties":{"name":"Condeco","kind":"place"},"geometry":{"type":"Point","coordinates":[11.9665902,57.7043704]}},{"type":"Feature","properties":{"name":"Massimo Dutti","kind":"shop"},"geometry":{"type":"Point","coordinates":[11.9696854,57.7048688]}},{"type":"Feature","properties":{"name":"Weekday","kind":"shop"},"geometry":{"type":"Point","coordinates":[11.9672181,57.7044813]}},{"type":"Feature","properties":{"name":"Synoptik","kind":"shop"},"geometry":{"type":"Point","coordinates":[11.9659877,57.7042932]}},{"type":"Feature","properties":{"name":"Vagabond","kind":"shop"},"geometry":{"type":"Point","coordinates":[11.9667935,57.7044074]}},{"type":"Feature","properties":{"name":"H&M","kind":"shop"},"geometry":{"type":"Point","coordinates":[11.9684289,57.7046563]}},{"type":"Feature","properties":{"name":"Åhléns","kind":"shop"},"geometry":{"type":"Point","coordinates":[11.9651502,57.7041589]}},{"type":"Feature","properties":{"name":"Tommy Hilfiger","kind":"shop"},"geometry":{"type":"Point","coordinates":[11.976456,57.699002]}},{"type":"Feature","properties":{"name":"Big Ben Ur","kind":"shop"},"geometry":{"type":"Point","coordinates":[11.9752192,57.699863]}},{"type":"Feature","properties":{"name":"Convendum","kind":"place"},"geometry":{"type":"Point","coordinates":[11.974895,57.700081]}},{"type":"Feature","properties":{"name":"Bryggeriet","kind":"place"},"geometry":{"type":"Point","coordinates":[11.9730546,57.7013562]}},{"type":"Feature","properties":{"name":"Lindex","kind":"shop"},"geometry":{"type":"Point","coordinates":[11.976299,57.699104]}},{"type":"Feature","properties":{"name":"Hovjuvelerare J. Martin Johansson","kind":"shop"},"geometry":{"type":"Point","coordinates":[11.975882,57.699409]}},{"type":"Feature","properties":{"name":"Jedviks","kind":"shop"},"geometry":{"type":"Point","coordinates":[11.9767149,57.6988263]}},{"type":"Feature","properties":{"name":"Johanssons","kind":"shop"},"geometry":{"type":"Point","coordinates":[11.9768577,57.6987061]}},{"type":"Feature","properties":{"name":"nau","kind":"place"},"geometry":{"type":"Point","coordinates":[11.973338,57.701168]}},{"type":"Feature","properties":{"name":"Polestar Gothenburg","kind":"place"},"geometry":{"type":"Point","coordinates":[11.975292,57.699808]}},{"type":"Feature","properties":{"name":"Ljunggrens Café","kind":"place"},"geometry":{"type":"Point","coordinates":[11.9766735,57.6988553]}},{"type":"Feature","properties":{"name":"Avenyns Hälsokost","kind":"shop"},"geometry":{"type":"Point","coordinates":[11.974742,57.700188]}},{"type":"Feature","properties":{"name":"Hunkemöller","kind":"shop"},"geometry":{"type":"Point","coordinates":[11.976088,57.699265]}},{"type":"Feature","properties":{"name":"John Scotts","kind":"place"},"geometry":{"type":"Point","coordinates":[11.9739581,57.7007181]}},{"type":"Feature","properties":{"name":"JOS","kind":"place"},"geometry":{"type":"Point","coordinates":[11.9750205,57.7000078]}},{"type":"Feature","properties":{"name":"Slettvoll","kind":"shop"},"geometry":{"type":"Point","coordinates":[11.976598,57.698905]}},{"type":"Feature","properties":{"name":"John Henric","kind":"shop"},"geometry":{"type":"Point","coordinates":[11.975048,57.699971]}},{"type":"Feature","properties":{"name":"Tvåkanten","kind":"place"},"geometry":{"type":"Point","coordinates":[11.975696,57.699519]}},{"type":"Feature","properties":{"name":"Accent","kind":"shop"},"geometry":{"type":"Point","coordinates":[11.973874,57.700785]}},{"type":"Feature","properties":{"name":"HiQ","kind":"place"},"geometry":{"type":"Point","coordinates":[11.9690678,57.7072319]}},{"type":"Feature","properties":{"name":"Avi & Lena Design","kind":"shop"},"geometry":{"type":"Point","coordinates":[11.9705494,57.7058062]}},{"type":"Feature","properties":{"name":"Fredsgatan optik","kind":"shop"},"geometry":{"type":"Point","coordinates":[11.9705165,57.7058592]}},{"type":"Feature","properties":{"name":"Flower Bar","kind":"shop"},"geometry":{"type":"Point","coordinates":[11.9702548,57.7062941]}},{"type":"Feature","properties":{"name":"Johanssons","kind":"shop"},"geometry":{"type":"Point","coordinates":[11.9705859,57.7057087]}},{"type":"Feature","properties":{"name":"Qué sera sera","kind":"shop"},"geometry":{"type":"Point","coordinates":[11.9704393,57.7059748]}},{"type":"Feature","properties":{"name":"Lundbergs","kind":"shop"},"geometry":{"type":"Point","coordinates":[11.970146,57.706501]}},{"type":"Feature","properties":{"name":"GANT","kind":"shop"},"geometry":{"type":"Point","coordinates":[11.970073,57.706623]}},{"type":"Feature","properties":{"name":"AntikWest","kind":"shop"},"geometry":{"type":"Point","coordinates":[11.9818744,57.6982498]}},{"type":"Feature","properties":{"name":"Downstairs","kind":"shop"},"geometry":{"type":"Point","coordinates":[11.9785354,57.6999548]}},{"type":"Feature","properties":{"name":"Bombay Palace","kind":"place"},"geometry":{"type":"Point","coordinates":[11.9768054,57.7007903]}},{"type":"Feature","properties":{"name":"Duo","kind":"shop"},"geometry":{"type":"Point","coordinates":[11.9825604,57.6979059]}},{"type":"Feature","properties":{"name":"Espoir, Amour et Bonheur","kind":"shop"},"geometry":{"type":"Point","coordinates":[11.9823274,57.6980437]}},{"type":"Feature","properties":{"name":"Folksam","kind":"place"},"geometry":{"type":"Point","coordinates":[11.9743361,57.7019951]}},{"type":"Feature","properties":{"name":"Ingrid Segerstedts Gymnasium","kind":"place"},"geometry":{"type":"Point","coordinates":[11.9783822,57.7000324]}},{"type":"Feature","properties":{"name":"Institut Harmoni","kind":"shop"},"geometry":{"type":"Point","coordinates":[11.9824774,57.6979476]}},{"type":"Feature","properties":{"name":"Jeans-specialisten","kind":"shop"},"geometry":{"type":"Point","coordinates":[11.9774075,57.7004942]}},{"type":"Feature","properties":{"name":"Just Nu","kind":"shop"},"geometry":{"type":"Point","coordinates":[11.9746253,57.7018752]}},{"type":"Feature","properties":{"name":"Alvhem","kind":"shop"},"geometry":{"type":"Point","coordinates":[11.9836746,57.6973646]}},{"type":"Feature","properties":{"name":"Larssons Skomakeri","kind":"shop"},"geometry":{"type":"Point","coordinates":[11.977741,57.700331]}},{"type":"Feature","properties":{"name":"Liss","kind":"shop"},"geometry":{"type":"Point","coordinates":[11.982418,57.6979794]}},{"type":"Feature","properties":{"name":"Nagel Mästarna","kind":"shop"},"geometry":{"type":"Point","coordinates":[11.9753029,57.7015461]}},{"type":"Feature","properties":{"name":"Nails & beauty No.1","kind":"shop"},"geometry":{"type":"Point","coordinates":[11.9749407,57.701739]}},{"type":"Feature","properties":{"name":"Oles Döttrar","kind":"shop"},"geometry":{"type":"Point","coordinates":[11.9821554,57.6980985]}},{"type":"Feature","properties":{"name":"IKEA","kind":"shop"},"geometry":{"type":"Point","coordinates":[11.9693377,57.7048063]}},{"type":"Feature","properties":{"name":"Resturang Mandarin","kind":"place"},"geometry":{"type":"Point","coordinates":[11.9838216,57.6972984]}},{"type":"Feature","properties":{"name":"Salong San Tropés","kind":"shop"},"geometry":{"type":"Point","coordinates":[11.9754419,57.7014728]}},{"type":"Feature","properties":{"name":"Steinbrenner & Nyberg","kind":"place"},"geometry":{"type":"Point","coordinates":[11.9830261,57.697665]}},{"type":"Feature","properties":{"name":"Swedbank","kind":"place"},"geometry":{"type":"Point","coordinates":[11.974715,57.701835]}},{"type":"Feature","properties":{"name":"DolceVia","kind":"place"},"geometry":{"type":"Point","coordinates":[11.975029,57.701683]}},{"type":"Feature","properties":{"name":"TillDittHem","kind":"shop"},"geometry":{"type":"Point","coordinates":[11.9831649,57.6976064]}},{"type":"Feature","properties":{"name":"Törnrosa","kind":"shop"},"geometry":{"type":"Point","coordinates":[11.9830905,57.6976306]}},{"type":"Feature","properties":{"name":"Berzelius Bar & Matsal","kind":"place"},"geometry":{"type":"Point","coordinates":[11.9825339,57.6984431]}},{"type":"Feature","properties":{"name":"Cream","kind":"shop"},"geometry":{"type":"Point","coordinates":[11.984446,57.6970997]}},{"type":"Feature","properties":{"name":"La Taqueria","kind":"place"},"geometry":{"type":"Point","coordinates":[11.98495,57.6973111]}},{"type":"Feature","properties":{"name":"Dinner 22","kind":"place"},"geometry":{"type":"Point","coordinates":[11.9829953,57.6982177]}},{"type":"Feature","properties":{"name":"Drinks 20","kind":"place"},"geometry":{"type":"Point","coordinates":[11.9827692,57.6983168]}},{"type":"Feature","properties":{"name":"Göteborgs Frisörskola","kind":"shop"},"geometry":{"type":"Point","coordinates":[11.9835428,57.697952]}},{"type":"Feature","properties":{"name":"Samara Lounge","kind":"place"},"geometry":{"type":"Point","coordinates":[11.9843064,57.6976111]}},{"type":"Feature","properties":{"name":"Klipper IA","kind":"shop"},"geometry":{"type":"Point","coordinates":[11.9841949,57.6976346]}},{"type":"Feature","properties":{"name":"Lilla Butiken","kind":"shop"},"geometry":{"type":"Point","coordinates":[11.984795,57.6969383]}},{"type":"Feature","properties":{"name":"Bistro Södra 32","kind":"place"},"geometry":{"type":"Point","coordinates":[11.98469,57.697425]}},{"type":"Feature","properties":{"name":"Wrapped Burrito Bar","kind":"place"},"geometry":{"type":"Point","coordinates":[11.9845416,57.6970614]}},{"type":"Feature","properties":{"name":"Nooliy","kind":"shop"},"geometry":{"type":"Point","coordinates":[11.984592,57.6970196]}},{"type":"Feature","properties":{"name":"Symaskinsagenturen AB","kind":"shop"},"geometry":{"type":"Point","coordinates":[11.9841932,57.697195]}},{"type":"Feature","properties":{"name":"Tara's","kind":"place"},"geometry":{"type":"Point","coordinates":[11.9832354,57.6980893]}},{"type":"Feature","properties":{"name":"Pergola Trattoria e Vino","kind":"place"},"geometry":{"type":"Point","coordinates":[11.983653,57.6979271]}},{"type":"Feature","properties":{"name":"Vino bar","kind":"place"},"geometry":{"type":"Point","coordinates":[11.9837791,57.6978368]}},{"type":"Feature","properties":{"name":"Swedish Souvenir","kind":"shop"},"geometry":{"type":"Point","coordinates":[11.9848783,57.6973281]}},{"type":"Feature","properties":{"name":"Akutläkarna Specialistkliniken Heden","kind":"place"},"geometry":{"type":"Point","coordinates":[11.9814894,57.7003541]}},{"type":"Feature","properties":{"name":"Aqua","kind":"shop"},"geometry":{"type":"Point","coordinates":[11.982579,57.7008225]}},{"type":"Feature","properties":{"name":"Athena","kind":"place"},"geometry":{"type":"Point","coordinates":[11.9805687,57.6999785]}},{"type":"Feature","properties":{"name":"Canela","kind":"shop"},"geometry":{"type":"Point","coordinates":[11.9798324,57.7037543]}},{"type":"Feature","properties":{"name":"Ditzinger","kind":"shop"},"geometry":{"type":"Point","coordinates":[11.971512,57.706879]}},{"type":"Feature","properties":{"name":"Christiane Inredning","kind":"shop"},"geometry":{"type":"Point","coordinates":[11.9820066,57.7005715]}},{"type":"Feature","properties":{"name":"Cocktailskolan","kind":"place"},"geometry":{"type":"Point","coordinates":[11.980446,57.7033655]}},{"type":"Feature","properties":{"name":"Direkten","kind":"shop"},"geometry":{"type":"Point","coordinates":[11.981243,57.7002466]}},{"type":"Feature","properties":{"name":"Elektric","kind":"shop"},"geometry":{"type":"Point","coordinates":[11.9802429,57.6998378]}},{"type":"Feature","properties":{"name":"Elite Smile","kind":"place"},"geometry":{"type":"Point","coordinates":[11.9803747,57.6994986]}},{"type":"Feature","properties":{"name":"Estétiqe","kind":"shop"},"geometry":{"type":"Point","coordinates":[11.980474,57.6994534]}},{"type":"Feature","properties":{"name":"Familjebostäder i Göteborg","kind":"place"},"geometry":{"type":"Point","coordinates":[11.981314,57.6990305]}},{"type":"Feature","properties":{"name":"Hedens Beauty Center","kind":"shop"},"geometry":{"type":"Point","coordinates":[11.9818033,57.7004716]}},{"type":"Feature","properties":{"name":"Hedens Fotvård","kind":"shop"},"geometry":{"type":"Point","coordinates":[11.9827564,57.7008942]}},{"type":"Feature","properties":{"name":"Hyaku - Sushi Heden","kind":"place"},"geometry":{"type":"Point","coordinates":[11.9824415,57.7007638]}},{"type":"Feature","properties":{"name":"Mr. Antipasti","kind":"place"},"geometry":{"type":"Point","coordinates":[11.9809702,57.7001405]}},{"type":"Feature","properties":{"name":"Köks Metropolen","kind":"shop"},"geometry":{"type":"Point","coordinates":[11.9829847,57.7009899]}},{"type":"Feature","properties":{"name":"Laura Ashley","kind":"shop"},"geometry":{"type":"Point","coordinates":[11.9809958,57.6991865]}},{"type":"Feature","properties":{"name":"NK","kind":"shop"},"geometry":{"type":"Point","coordinates":[11.9702824,57.7059151]}},{"type":"Feature","properties":{"name":"Noodle Master","kind":"place"},"geometry":{"type":"Point","coordinates":[11.980728,57.70005]}},{"type":"Feature","properties":{"name":"Nina F","kind":"shop"},"geometry":{"type":"Point","coordinates":[11.9799941,57.7036394]}},{"type":"Feature","properties":{"name":"Orientmattor","kind":"shop"},"geometry":{"type":"Point","coordinates":[11.9816334,57.6988825]}},{"type":"Feature","properties":{"name":"Pasta Plus","kind":"place"},"geometry":{"type":"Point","coordinates":[11.9803365,57.6995446]}},{"type":"Feature","properties":{"name":"Pressbyrån","kind":"shop"},"geometry":{"type":"Point","coordinates":[11.970542,57.70671]}},{"type":"Feature","properties":{"name":"Restaurang Söder","kind":"place"},"geometry":{"type":"Point","coordinates":[11.9806925,57.6993439]}},{"type":"Feature","properties":{"name":"Salong Nova","kind":"shop"},"geometry":{"type":"Point","coordinates":[11.9814202,57.6989757]}},{"type":"Feature","properties":{"name":"Samil","kind":"shop"},"geometry":{"type":"Point","coordinates":[11.9805922,57.6993936]}},{"type":"Feature","properties":{"name":"Samui Thai Kitchen","kind":"place"},"geometry":{"type":"Point","coordinates":[11.980438,57.6999282]}},{"type":"Feature","properties":{"name":"Skandia","kind":"place"},"geometry":{"type":"Point","coordinates":[11.9812447,57.7029067]}},{"type":"Feature","properties":{"name":"Soft","kind":"shop"},"geometry":{"type":"Point","coordinates":[11.9810858,57.6991356]}},{"type":"Feature","properties":{"name":"Restaurant Humm","kind":"place"},"geometry":{"type":"Point","coordinates":[11.9800772,57.6996793]}},{"type":"Feature","properties":{"name":"Chanel","kind":"shop"},"geometry":{"type":"Point","coordinates":[11.970393,57.705685]}},{"type":"Feature","properties":{"name":"Stenugnsbageriet","kind":"shop"},"geometry":{"type":"Point","coordinates":[11.9822447,57.7006671]}},{"type":"Feature","properties":{"name":"Ticalen","kind":"shop"},"geometry":{"type":"Point","coordinates":[11.9793335,57.7041223]}},{"type":"Feature","properties":{"name":"Violas Blomsteraffär","kind":"shop"},"geometry":{"type":"Point","coordinates":[11.9817988,57.6987868]}},{"type":"Feature","properties":{"name":"A.","kind":"shop"},"geometry":{"type":"Point","coordinates":[11.965671,57.7054627]}},{"type":"Feature","properties":{"name":"Hairlogic","kind":"shop"},"geometry":{"type":"Point","coordinates":[11.9709607,57.706156]}},{"type":"Feature","properties":{"name":"Vapes.se","kind":"shop"},"geometry":{"type":"Point","coordinates":[11.9728046,57.706467]}},{"type":"Feature","properties":{"name":"Pralinboden","kind":"shop"},"geometry":{"type":"Point","coordinates":[11.965766,57.705483]}},{"type":"Feature","properties":{"name":"Bellitudo Hudvård","kind":"shop"},"geometry":{"type":"Point","coordinates":[11.97121,57.706193]}},{"type":"Feature","properties":{"name":"Best Of Basic","kind":"shop"},"geometry":{"type":"Point","coordinates":[11.9660191,57.7054054]}},{"type":"Feature","properties":{"name":"Blixt Skomakeri","kind":"shop"},"geometry":{"type":"Point","coordinates":[11.9652612,57.7052977]}},{"type":"Feature","properties":{"name":"A tutti","kind":"shop"},"geometry":{"type":"Point","coordinates":[11.9662272,57.7054493]}},{"type":"Feature","properties":{"name":"Broderi & Garn","kind":"shop"},"geometry":{"type":"Point","coordinates":[11.9669379,57.7055539]}},{"type":"Feature","properties":{"name":"Kaffe-Majas","kind":"place"},"geometry":{"type":"Point","coordinates":[11.9658002,57.7053782]}},{"type":"Feature","properties":{"name":"Honō","kind":"place"},"geometry":{"type":"Point","coordinates":[11.966451,57.7055781]}},{"type":"Feature","properties":{"name":"Festkläder","kind":"shop"},"geometry":{"type":"Point","coordinates":[11.971772,57.7064473]}},{"type":"Feature","properties":{"name":"Hasselsson","kind":"place"},"geometry":{"type":"Point","coordinates":[11.9662863,57.7055499]}},{"type":"Feature","properties":{"name":"Diné Burgers","kind":"place"},"geometry":{"type":"Point","coordinates":[11.966786,57.705519]}},{"type":"Feature","properties":{"name":"Dinh's Lily Garden Spa","kind":"shop"},"geometry":{"type":"Point","coordinates":[11.9667549,57.7056387]}},{"type":"Feature","properties":{"name":"Hotel Royal","kind":"place"},"geometry":{"type":"Point","coordinates":[11.9722323,57.7063606]}},{"type":"Feature","properties":{"name":"MK Design& Smycken","kind":"shop"},"geometry":{"type":"Point","coordinates":[11.973069,57.707121]}},{"type":"Feature","properties":{"name":"La Chemiserie Traditionnelle","kind":"shop"},"geometry":{"type":"Point","coordinates":[11.9726937,57.7064525]}},{"type":"Feature","properties":{"name":"Moder Svea","kind":"shop"},"geometry":{"type":"Point","coordinates":[11.9731905,57.7071473]}},{"type":"Feature","properties":{"name":"Style","kind":"shop"},"geometry":{"type":"Point","coordinates":[11.973355,57.707175]}},{"type":"Feature","properties":{"name":"Zaffran","kind":"place"},"geometry":{"type":"Point","coordinates":[11.973948,57.707027]}},{"type":"Feature","properties":{"name":"Pantbanken","kind":"shop"},"geometry":{"type":"Point","coordinates":[11.9711005,57.7063133]}},{"type":"Feature","properties":{"name":"Paragon Resort","kind":"shop"},"geometry":{"type":"Point","coordinates":[11.9721973,57.7069782]}},{"type":"Feature","properties":{"name":"Pari","kind":"shop"},"geometry":{"type":"Point","coordinates":[11.96644,57.705475]}},{"type":"Feature","properties":{"name":"Press Stop","kind":"shop"},"geometry":{"type":"Point","coordinates":[11.9716798,57.7064348]}},{"type":"Feature","properties":{"name":"Deg","kind":"place"},"geometry":{"type":"Point","coordinates":[11.966572,57.705496]}},{"type":"Feature","properties":{"name":"Fixiphone","kind":"shop"},"geometry":{"type":"Point","coordinates":[11.9725273,57.7064448]}},{"type":"Feature","properties":{"name":"Scientologikyrkan","kind":"place"},"geometry":{"type":"Point","coordinates":[11.967418,57.7056262]}},{"type":"Feature","properties":{"name":"Steinbrenner & Nyberg","kind":"place"},"geometry":{"type":"Point","coordinates":[11.9723302,57.7065234]}},{"type":"Feature","properties":{"name":"Sushi Delux","kind":"place"},"geometry":{"type":"Point","coordinates":[11.971119,57.706179]}},{"type":"Feature","properties":{"name":"Tugg Burgers","kind":"place"},"geometry":{"type":"Point","coordinates":[11.9657062,57.7053677]}},{"type":"Feature","properties":{"name":"Zozaki","kind":"place"},"geometry":{"type":"Point","coordinates":[11.9739775,57.7069647]}},{"type":"Feature","properties":{"name":"a","kind":"place"},"geometry":{"type":"Point","coordinates":[11.9729318,57.7070445]}},{"type":"Feature","properties":{"name":"Prime Studio","kind":"shop"},"geometry":{"type":"Point","coordinates":[11.9653651,57.7053161]}},{"type":"Feature","properties":{"name":"SQLI Nordics","kind":"place"},"geometry":{"type":"Point","coordinates":[11.965199,57.704854]}},{"type":"Feature","properties":{"name":"Hairlogic","kind":"shop"},"geometry":{"type":"Point","coordinates":[11.967652,57.705233]}},{"type":"Feature","properties":{"name":"Bodega","kind":"shop"},"geometry":{"type":"Point","coordinates":[11.9676807,57.7051343]}},{"type":"Feature","properties":{"name":"John Scott's Stable","kind":"place"},"geometry":{"type":"Point","coordinates":[11.9700717,57.705518]}},{"type":"Feature","properties":{"name":"Butterick's","kind":"shop"},"geometry":{"type":"Point","coordinates":[11.9660013,57.7049852]}},{"type":"Feature","properties":{"name":"Frisörgruppen","kind":"shop"},"geometry":{"type":"Point","coordinates":[11.967945,57.705292]}},{"type":"Feature","properties":{"name":"Grace","kind":"shop"},"geometry":{"type":"Point","coordinates":[11.9698394,57.7054806]}},{"type":"Feature","properties":{"name":"Hanssons Skrädderi","kind":"shop"},"geometry":{"type":"Point","coordinates":[11.9712691,57.705687]}},{"type":"Feature","properties":{"name":"Restaurang Collage","kind":"place"},"geometry":{"type":"Point","coordinates":[11.9662489,57.7050172]}},{"type":"Feature","properties":{"name":"Kafé Vanilj","kind":"place"},"geometry":{"type":"Point","coordinates":[11.9670522,57.7051355]}},{"type":"Feature","properties":{"name":"Knapp-Carlsson","kind":"shop"},"geometry":{"type":"Point","coordinates":[11.9666103,57.7050685]}},{"type":"Feature","properties":{"name":"Klippoteket","kind":"shop"},"geometry":{"type":"Point","coordinates":[11.9656043,57.7049131]}},{"type":"Feature","properties":{"name":"asianails","kind":"shop"},"geometry":{"type":"Point","coordinates":[11.968168,57.705319]}},{"type":"Feature","properties":{"name":"Ma Cuisine","kind":"place"},"geometry":{"type":"Point","coordinates":[11.9658468,57.7049517]}},{"type":"Feature","properties":{"name":"Màs i Màs","kind":"shop"},"geometry":{"type":"Point","coordinates":[11.9682808,57.7052227]}},{"type":"Feature","properties":{"name":"Sharper of Sweden Barbershop","kind":"shop"},"geometry":{"type":"Point","coordinates":[11.969359,57.705399]}},{"type":"Feature","properties":{"name":"Dupes.se","kind":"shop"},"geometry":{"type":"Point","coordinates":[11.9674534,57.7051024]}},{"type":"Feature","properties":{"name":"Downtown Deli","kind":"shop"},"geometry":{"type":"Point","coordinates":[11.96734,57.70518]}},{"type":"Feature","properties":{"name":"Anna & Adriano","kind":"place"},"geometry":{"type":"Point","coordinates":[11.9679036,57.7051677]}},{"type":"Feature","properties":{"name":"39 Clipp","kind":"shop"},"geometry":{"type":"Point","coordinates":[11.967147,57.7051506]}},{"type":"Feature","properties":{"name":"Albrekts Guld","kind":"shop"},"geometry":{"type":"Point","coordinates":[11.9665164,57.7045168]}},{"type":"Feature","properties":{"name":"Dressmann","kind":"shop"},"geometry":{"type":"Point","coordinates":[11.9666661,57.7045328]}},{"type":"Feature","properties":{"name":"Guldfynd","kind":"shop"},"geometry":{"type":"Point","coordinates":[11.9676582,57.7046824]}},{"type":"Feature","properties":{"name":"Akademibokhandeln","kind":"shop"},"geometry":{"type":"Point","coordinates":[11.9670407,57.704597]}},{"type":"Feature","properties":{"name":"Lindex","kind":"shop"},"geometry":{"type":"Point","coordinates":[11.9682489,57.70477]}},{"type":"Feature","properties":{"name":"Kicks","kind":"shop"},"geometry":{"type":"Point","coordinates":[11.9678438,57.7047112]}},{"type":"Feature","properties":{"name":"Salong Kingstreet","kind":"shop"},"geometry":{"type":"Point","coordinates":[11.9681735,57.7047643]}},{"type":"Feature","properties":{"name":"Synsam","kind":"shop"},"geometry":{"type":"Point","coordinates":[11.970271,57.705082]}},{"type":"Feature","properties":{"name":"smarteyes","kind":"shop"},"geometry":{"type":"Point","coordinates":[11.9698686,57.7050195]}},{"type":"Feature","properties":{"name":"IQOS","kind":"shop"},"geometry":{"type":"Point","coordinates":[11.970211,57.705072]}},{"type":"Feature","properties":{"name":"Tinna","kind":"shop"},"geometry":{"type":"Point","coordinates":[11.9700055,57.7050362]}},{"type":"Feature","properties":{"name":"Twilfit","kind":"shop"},"geometry":{"type":"Point","coordinates":[11.9675243,57.7046649]}},{"type":"Feature","properties":{"name":"Urban Outfitters","kind":"shop"},"geometry":{"type":"Point","coordinates":[11.9673895,57.7046474]}},{"type":"Feature","properties":{"name":"Ecco","kind":"shop"},"geometry":{"type":"Point","coordinates":[11.9672469,57.7046249]}},{"type":"Feature","properties":{"name":"Pressbyrån","kind":"shop"},"geometry":{"type":"Point","coordinates":[11.9742897,57.7087424]}},{"type":"Feature","properties":{"name":"Gaiabianca","kind":"shop"},"geometry":{"type":"Point","coordinates":[11.968333,57.7042207]}},{"type":"Feature","properties":{"name":"Brödbutik da Matteo","kind":"shop"},"geometry":{"type":"Point","coordinates":[11.9652853,57.7036342]}},{"type":"Feature","properties":{"name":"Klara Teoretiska Gymnasium Vallgatan","kind":"place"},"geometry":{"type":"Point","coordinates":[11.9681628,57.7041934]}},{"type":"Feature","properties":{"name":"Espresso House","kind":"place"},"geometry":{"type":"Point","coordinates":[11.9663336,57.7037978]}},{"type":"Feature","properties":{"name":"Bitte Kai Rand","kind":"shop"},"geometry":{"type":"Point","coordinates":[11.9676239,57.704116]}},{"type":"Feature","properties":{"name":"Gobidust","kind":"shop"},"geometry":{"type":"Point","coordinates":[11.9654076,57.7036527]}},{"type":"Feature","properties":{"name":"Two Angels","kind":"shop"},"geometry":{"type":"Point","coordinates":[11.9674687,57.7040929]}},{"type":"Feature","properties":{"name":"Granit","kind":"shop"},"geometry":{"type":"Point","coordinates":[11.9651951,57.7036217]}},{"type":"Feature","properties":{"name":"H&M","kind":"shop"},"geometry":{"type":"Point","coordinates":[11.9684489,57.704246]}},{"type":"Feature","properties":{"name":"Hemtex","kind":"shop"},"geometry":{"type":"Point","coordinates":[11.9660699,57.7038664]}},{"type":"Feature","properties":{"name":"J.Lindeberg","kind":"shop"},"geometry":{"type":"Point","coordinates":[11.9665988,57.7038356]}},{"type":"Feature","properties":{"name":"Lagerhaus","kind":"shop"},"geometry":{"type":"Point","coordinates":[11.9652977,57.703745]}},{"type":"Feature","properties":{"name":"Le Pain Francais","kind":"place"},"geometry":{"type":"Point","coordinates":[11.9677202,57.7040217]}},{"type":"Feature","properties":{"name":"Magnussons Ur","kind":"shop"},"geometry":{"type":"Point","coordinates":[11.9667938,57.7039846]}},{"type":"Feature","properties":{"name":"Rapide","kind":"shop"},"geometry":{"type":"Point","coordinates":[11.9673719,57.7039636]}},{"type":"Feature","properties":{"name":"Marimekko","kind":"shop"},"geometry":{"type":"Point","coordinates":[11.9665644,57.7039453]}},{"type":"Feature","properties":{"name":"Milk and Honey","kind":"shop"},"geometry":{"type":"Point","coordinates":[11.9664777,57.703789]}},{"type":"Feature","properties":{"name":"Newhouse","kind":"shop"},"geometry":{"type":"Point","coordinates":[11.9663377,57.7039075]}},{"type":"Feature","properties":{"name":"Nudie Jeans","kind":"shop"},"geometry":{"type":"Point","coordinates":[11.9653972,57.7031948]}},{"type":"Feature","properties":{"name":"Nygårdsanna","kind":"shop"},"geometry":{"type":"Point","coordinates":[11.9656583,57.703689]}},{"type":"Feature","properties":{"name":"Luigi","kind":"shop"},"geometry":{"type":"Point","coordinates":[11.9655576,57.703784]}},{"type":"Feature","properties":{"name":"Moomin Arabia","kind":"shop"},"geometry":{"type":"Point","coordinates":[11.965635,57.703793]}},{"type":"Feature","properties":{"name":"Strikk","kind":"shop"},"geometry":{"type":"Point","coordinates":[11.9661338,57.7037609]}},{"type":"Feature","properties":{"name":"Aviani","kind":"shop"},"geometry":{"type":"Point","coordinates":[11.9670669,57.7039115]}},{"type":"Feature","properties":{"name":"k","kind":"shop"},"geometry":{"type":"Point","coordinates":[11.9651186,57.7036105]}},{"type":"Feature","properties":{"name":"minishop","kind":"shop"},"geometry":{"type":"Point","coordinates":[11.9660622,57.7037484]}},{"type":"Feature","properties":{"name":"Edblad","kind":"shop"},"geometry":{"type":"Point","coordinates":[11.966852,57.703871]}},{"type":"Feature","properties":{"name":"olars ulla","kind":"shop"},"geometry":{"type":"Point","coordinates":[11.9659251,57.7037306]}},{"type":"Feature","properties":{"name":"twist & tango","kind":"shop"},"geometry":{"type":"Point","coordinates":[11.9670204,57.7040148]}},{"type":"Feature","properties":{"name":"Åhléns","kind":"shop"},"geometry":{"type":"Point","coordinates":[11.9654153,57.7037754]}},{"type":"Feature","properties":{"name":"Aldardo","kind":"shop"},"geometry":{"type":"Point","coordinates":[11.9687074,57.7037954]}},{"type":"Feature","properties":{"name":"Deli and Coffee","kind":"place"},"geometry":{"type":"Point","coordinates":[11.968641,57.703752]}},{"type":"Feature","properties":{"name":"Dorsia","kind":"place"},"geometry":{"type":"Point","coordinates":[11.9716749,57.7046034]}},{"type":"Feature","properties":{"name":"Dorsia","kind":"place"},"geometry":{"type":"Point","coordinates":[11.9712557,57.7042664]}},{"type":"Feature","properties":{"name":"Erotica","kind":"shop"},"geometry":{"type":"Point","coordinates":[11.972365,57.705948]}},{"type":"Feature","properties":{"name":"Swedish Match","kind":"shop"},"geometry":{"type":"Point","coordinates":[11.96901,57.703919]}},{"type":"Feature","properties":{"name":"Kungsportshuset","kind":"place"},"geometry":{"type":"Point","coordinates":[11.9712003,57.7047939]}},{"type":"Feature","properties":{"name":"Göteborgs Perukmakeri","kind":"shop"},"geometry":{"type":"Point","coordinates":[11.9734211,57.7061775]}},{"type":"Feature","properties":{"name":"Johnny's Sax","kind":"shop"},"geometry":{"type":"Point","coordinates":[11.972036,57.7061346]}},{"type":"Feature","properties":{"name":"Light Elegance Göteborg","kind":"shop"},"geometry":{"type":"Point","coordinates":[11.9716807,57.7053781]}},{"type":"Feature","properties":{"name":"Mail Boxes Etc.","kind":"shop"},"geometry":{"type":"Point","coordinates":[11.9718537,57.7053434]}},{"type":"Feature","properties":{"name":"Napapijri","kind":"shop"},"geometry":{"type":"Point","coordinates":[11.97086,57.704233]}},{"type":"Feature","properties":{"name":"Trung Hoa Asien Livs","kind":"shop"},"geometry":{"type":"Point","coordinates":[11.969192,57.703412]}},{"type":"Feature","properties":{"name":"Salong Safari","kind":"shop"},"geometry":{"type":"Point","coordinates":[11.9719542,57.7060279]}},{"type":"Feature","properties":{"name":"uno form Studio Göteborg","kind":"shop"},"geometry":{"type":"Point","coordinates":[11.97068,57.704353]}},{"type":"Feature","properties":{"name":"Second Style","kind":"shop"},"geometry":{"type":"Point","coordinates":[11.972341,57.7060554]}},{"type":"Feature","properties":{"name":"Le Pain Francais","kind":"place"},"geometry":{"type":"Point","coordinates":[11.9708922,57.7047419]}},{"type":"Feature","properties":{"name":"Poké Corner","kind":"place"},"geometry":{"type":"Point","coordinates":[11.9701117,57.7044026]}},{"type":"Feature","properties":{"name":"Thehuset","kind":"shop"},"geometry":{"type":"Point","coordinates":[11.9690846,57.7039479]}},{"type":"Feature","properties":{"name":"Jesper","kind":"place"},"geometry":{"type":"Point","coordinates":[11.96878,57.7037]}},{"type":"Feature","properties":{"name":"Woolrich","kind":"shop"},"geometry":{"type":"Point","coordinates":[11.97058,57.704429]}},{"type":"Feature","properties":{"name":"Coozy","kind":"shop"},"geometry":{"type":"Point","coordinates":[11.9712628,57.7046495]}},{"type":"Feature","properties":{"name":"Subway","kind":"place"},"geometry":{"type":"Point","coordinates":[11.9704946,57.7048285]}},{"type":"Feature","properties":{"name":"Design Apartments","kind":"place"},"geometry":{"type":"Point","coordinates":[11.97189,57.7059552]}},{"type":"Feature","properties":{"name":"KFC","kind":"place"},"geometry":{"type":"Point","coordinates":[11.9713767,57.7052627]}},{"type":"Feature","properties":{"name":"Källarkrogen","kind":"place"},"geometry":{"type":"Point","coordinates":[11.9708713,57.7047518]}},{"type":"Feature","properties":{"name":"In Between","kind":"place"},"geometry":{"type":"Point","coordinates":[11.9712241,57.7050455]}},{"type":"Feature","properties":{"name":"Yo-Yan","kind":"shop"},"geometry":{"type":"Point","coordinates":[11.9720847,57.7068841]}},{"type":"Feature","properties":{"name":"Avalon Resturang","kind":"place"},"geometry":{"type":"Point","coordinates":[11.9685174,57.7041228]}},{"type":"Feature","properties":{"name":"Becasin","kind":"shop"},"geometry":{"type":"Point","coordinates":[11.967297,57.703724]}},{"type":"Feature","properties":{"name":"Skultuna","kind":"shop"},"geometry":{"type":"Point","coordinates":[11.9655467,57.7032147]}},{"type":"Feature","properties":{"name":"Aktiebolaget Bläck & Nål","kind":"shop"},"geometry":{"type":"Point","coordinates":[11.966194,57.7034]}},{"type":"Feature","properties":{"name":"Shaping New Tomorrow","kind":"shop"},"geometry":{"type":"Point","coordinates":[11.9659929,57.7033351]}},{"type":"Feature","properties":{"name":"Gudrun Sjödén","kind":"shop"},"geometry":{"type":"Point","coordinates":[11.966121,57.703387]}},{"type":"Feature","properties":{"name":"Jerkstrands","kind":"shop"},"geometry":{"type":"Point","coordinates":[11.9675378,57.7036096]}},{"type":"Feature","properties":{"name":"Adoore","kind":"shop"},"geometry":{"type":"Point","coordinates":[11.96671,57.7034057]}},{"type":"Feature","properties":{"name":"KlippCenter","kind":"shop"},"geometry":{"type":"Point","coordinates":[11.965079,57.703088]}},{"type":"Feature","properties":{"name":"Hedlunds havsbar","kind":"place"},"geometry":{"type":"Point","coordinates":[11.967689,57.7032896]}},{"type":"Feature","properties":{"name":"Kök etcetra","kind":"shop"},"geometry":{"type":"Point","coordinates":[11.967467,57.703758]}},{"type":"Feature","properties":{"name":"ICEBUG","kind":"shop"},"geometry":{"type":"Point","coordinates":[11.9653387,57.7030403]}},{"type":"Feature","properties":{"name":"Lush","kind":"shop"},"geometry":{"type":"Point","coordinates":[11.9676195,57.703818]}},{"type":"Feature","properties":{"name":"Leila's General Store","kind":"shop"},"geometry":{"type":"Point","coordinates":[11.966166,57.703249]}},{"type":"Feature","properties":{"name":"Sharper of Sweden","kind":"shop"},"geometry":{"type":"Point","coordinates":[11.96563,57.703233]}},{"type":"Feature","properties":{"name":"VY Brauty","kind":"shop"},"geometry":{"type":"Point","coordinates":[11.965497,57.703076]}},{"type":"Feature","properties":{"name":"By Malene Birger","kind":"shop"},"geometry":{"type":"Point","coordinates":[11.965777,57.7032709]}},{"type":"Feature","properties":{"name":"Södra Larm","kind":"place"},"geometry":{"type":"Point","coordinates":[11.965221,57.7030034]}},{"type":"Feature","properties":{"name":"Tiger","kind":"shop"},"geometry":{"type":"Point","coordinates":[11.9667516,57.7035565]}},{"type":"Feature","properties":{"name":"Victoria","kind":"shop"},"geometry":{"type":"Point","coordinates":[11.9652306,57.7031317]}},{"type":"Feature","properties":{"name":"Samsøe","kind":"shop"},"geometry":{"type":"Point","coordinates":[11.9662537,57.7032857]}},{"type":"Feature","properties":{"name":"Lexington","kind":"shop"},"geometry":{"type":"Point","coordinates":[11.965977,57.703199]}},{"type":"Feature","properties":{"name":"Oscar & den lille","kind":"place"},"geometry":{"type":"Point","coordinates":[11.9675338,57.7032724]}},{"type":"Feature","properties":{"name":"Ahlströms Konditori","kind":"shop"},"geometry":{"type":"Point","coordinates":[11.965831,57.705788]}},{"type":"Feature","properties":{"name":"SIA","kind":"shop"},"geometry":{"type":"Point","coordinates":[11.9671347,57.7029437]}},{"type":"Feature","properties":{"name":"rabalder","kind":"shop"},"geometry":{"type":"Point","coordinates":[11.966917,57.703724]}},{"type":"Feature","properties":{"name":"Broadway & Sons","kind":"shop"},"geometry":{"type":"Point","coordinates":[11.965895,57.705256]}},{"type":"Feature","properties":{"name":"60 garner nord","kind":"shop"},"geometry":{"type":"Point","coordinates":[11.965947,57.705126]}},{"type":"Feature","properties":{"name":"Yalla Habibi","kind":"place"},"geometry":{"type":"Point","coordinates":[11.971894,57.707075]}},{"type":"Feature","properties":{"name":"Gothia Antik","kind":"shop"},"geometry":{"type":"Point","coordinates":[11.9657265,57.7059605]}},{"type":"Feature","properties":{"name":"Sova","kind":"shop"},"geometry":{"type":"Point","coordinates":[11.9663232,57.7048011]}},{"type":"Feature","properties":{"name":"Godishuset","kind":"shop"},"geometry":{"type":"Point","coordinates":[11.9668806,57.7038094]}},{"type":"Feature","properties":{"name":"Guldsmedsmästar'n","kind":"shop"},"geometry":{"type":"Point","coordinates":[11.9660435,57.7053284]}},{"type":"Feature","properties":{"name":"Ikon","kind":"shop"},"geometry":{"type":"Point","coordinates":[11.965675,57.705672]}},{"type":"Feature","properties":{"name":"Göteborgs Pantbank AB","kind":"shop"},"geometry":{"type":"Point","coordinates":[11.965496,57.705943]}},{"type":"Feature","properties":{"name":"Gôttepôjkarna","kind":"shop"},"geometry":{"type":"Point","coordinates":[11.965846,57.705313]}},{"type":"Feature","properties":{"name":"Hairzone","kind":"shop"},"geometry":{"type":"Point","coordinates":[11.9657792,57.7058384]}},{"type":"Feature","properties":{"name":"Hinricssons","kind":"shop"},"geometry":{"type":"Point","coordinates":[11.9666821,57.7041646]}},{"type":"Feature","properties":{"name":"Indiska The & Kaffe Magasinet","kind":"shop"},"geometry":{"type":"Point","coordinates":[11.9659353,57.7051601]}},{"type":"Feature","properties":{"name":"Knut i Bazaren","kind":"shop"},"geometry":{"type":"Point","coordinates":[11.9669431,57.7033321]}},{"type":"Feature","properties":{"name":"Glitter","kind":"shop"},"geometry":{"type":"Point","coordinates":[11.966714,57.70411]}},{"type":"Feature","properties":{"name":"Hope","kind":"shop"},"geometry":{"type":"Point","coordinates":[11.96676,57.703669]}},{"type":"Feature","properties":{"name":"Naturkompaniet","kind":"shop"},"geometry":{"type":"Point","coordinates":[11.9661023,57.7052538]}},{"type":"Feature","properties":{"name":"Samsonite","kind":"shop"},"geometry":{"type":"Point","coordinates":[11.9667387,57.7040652]}},{"type":"Feature","properties":{"name":"Pelle P","kind":"shop"},"geometry":{"type":"Point","coordinates":[11.9669743,57.7036404]}},{"type":"Feature","properties":{"name":"Brothers","kind":"shop"},"geometry":{"type":"Point","coordinates":[11.9664959,57.7041041]}},{"type":"Feature","properties":{"name":"Salong Carneval","kind":"shop"},"geometry":{"type":"Point","coordinates":[11.968145,57.707798]}},{"type":"Feature","properties":{"name":"Slipsknuten","kind":"shop"},"geometry":{"type":"Point","coordinates":[11.9666046,57.7042972]}},{"type":"Feature","properties":{"name":"Direkt Optik","kind":"shop"},"geometry":{"type":"Point","coordinates":[11.971828,57.70719]}},{"type":"Feature","properties":{"name":"Systembolaget","kind":"shop"},"geometry":{"type":"Point","coordinates":[11.967148,57.7026579]}},{"type":"Feature","properties":{"name":"Miva Fine Art","kind":"place"},"geometry":{"type":"Point","coordinates":[11.9664071,57.7046812]}},{"type":"Feature","properties":{"name":"Yubi","kind":"place"},"geometry":{"type":"Point","coordinates":[11.9670152,57.7031319]}},{"type":"Feature","properties":{"name":"UVX Studio","kind":"shop"},"geometry":{"type":"Point","coordinates":[11.967918,57.707829]}},{"type":"Feature","properties":{"name":"Koll","kind":"shop"},"geometry":{"type":"Point","coordinates":[11.9656244,57.7057579]}},{"type":"Feature","properties":{"name":"Ur&Penn","kind":"shop"},"geometry":{"type":"Point","coordinates":[11.9666557,57.7042075]}},{"type":"Feature","properties":{"name":"Tehuset Java","kind":"shop"},"geometry":{"type":"Point","coordinates":[11.966532,57.704041]}},{"type":"Feature","properties":{"name":"Wolford","kind":"shop"},"geometry":{"type":"Point","coordinates":[11.9657364,57.7055475]}},{"type":"Feature","properties":{"name":"Café du Nord","kind":"place"},"geometry":{"type":"Point","coordinates":[11.9669521,57.7032457]}},{"type":"Feature","properties":{"name":"Studio Headpoint","kind":"shop"},"geometry":{"type":"Point","coordinates":[11.9661783,57.7078932]}},{"type":"Feature","properties":{"name":"Klippotek Dandy","kind":"shop"},"geometry":{"type":"Point","coordinates":[11.9669146,57.7079955]}},{"type":"Feature","properties":{"name":"Today Klinik","kind":"shop"},"geometry":{"type":"Point","coordinates":[11.9650438,57.7082465]}},{"type":"Feature","properties":{"name":"United Fashion","kind":"shop"},"geometry":{"type":"Point","coordinates":[11.9653429,57.7081928]}},{"type":"Feature","properties":{"name":"Wingård & Alex Hårdesign","kind":"shop"},"geometry":{"type":"Point","coordinates":[11.9654438,57.7083076]}},{"type":"Feature","properties":{"name":"Balders Hage","kind":"shop"},"geometry":{"type":"Point","coordinates":[11.9659403,57.7059666]}},{"type":"Feature","properties":{"name":"Gillis Edman Begravningsbyrå","kind":"shop"},"geometry":{"type":"Point","coordinates":[11.9847197,57.7022754]}},{"type":"Feature","properties":{"name":"ICA Nära Heden","kind":"shop"},"geometry":{"type":"Point","coordinates":[11.98241,57.7020582]}},{"type":"Feature","properties":{"name":"Pacs","kind":"shop"},"geometry":{"type":"Point","coordinates":[11.9839038,57.7018856]}},{"type":"Feature","properties":{"name":"Papa Joe's Pasta & Pizza","kind":"place"},"geometry":{"type":"Point","coordinates":[11.983045,57.7015336]}},{"type":"Feature","properties":{"name":"Persiska Huset","kind":"shop"},"geometry":{"type":"Point","coordinates":[11.9825824,57.7019466]}},{"type":"Feature","properties":{"name":"Salong Zaxe","kind":"shop"},"geometry":{"type":"Point","coordinates":[11.9834392,57.7016895]}},{"type":"Feature","properties":{"name":"Tommy Samuelssons Trafikskola","kind":"place"},"geometry":{"type":"Point","coordinates":[11.9835723,57.7017438]}},{"type":"Feature","properties":{"name":"Gelaterian","kind":"place"},"geometry":{"type":"Point","coordinates":[11.96506,57.7026777]}},{"type":"Feature","properties":{"name":"Eminent Hälsostudio","kind":"shop"},"geometry":{"type":"Point","coordinates":[11.9753253,57.7007961]}},{"type":"Feature","properties":{"name":"Vasa Bar","kind":"place"},"geometry":{"type":"Point","coordinates":[11.965898,57.697884]}},{"type":"Feature","properties":{"name":"Café Berlin","kind":"place"},"geometry":{"type":"Point","coordinates":[11.9716607,57.6997333]}},{"type":"Feature","properties":{"name":"Charlieś","kind":"place"},"geometry":{"type":"Point","coordinates":[11.9727655,57.6997223]}},{"type":"Feature","properties":{"name":"D&Co.","kind":"shop"},"geometry":{"type":"Point","coordinates":[11.969572,57.69843]}},{"type":"Feature","properties":{"name":"BLUE","kind":"place"},"geometry":{"type":"Point","coordinates":[11.9653579,57.6977573]}},{"type":"Feature","properties":{"name":"Fred’s Food & Coffee","kind":"place"},"geometry":{"type":"Point","coordinates":[11.9664259,57.6983358]}},{"type":"Feature","properties":{"name":"Excet","kind":"place"},"geometry":{"type":"Point","coordinates":[11.9735422,57.7005065]}},{"type":"Feature","properties":{"name":"GymGrossisten Butik","kind":"shop"},"geometry":{"type":"Point","coordinates":[11.968635,57.698319]}},{"type":"Feature","properties":{"name":"Hair Art","kind":"shop"},"geometry":{"type":"Point","coordinates":[11.9670202,57.6980622]}},{"type":"Feature","properties":{"name":"Hårmästarn","kind":"shop"},"geometry":{"type":"Point","coordinates":[11.9748798,57.7010423]}},{"type":"Feature","properties":{"name":"Italienska Skafferiet","kind":"place"},"geometry":{"type":"Point","coordinates":[11.9661742,57.6982948]}},{"type":"Feature","properties":{"name":"Jallajalla","kind":"place"},"geometry":{"type":"Point","coordinates":[11.9686688,57.6986899]}},{"type":"Feature","properties":{"name":"Kebaberia","kind":"place"},"geometry":{"type":"Point","coordinates":[11.975203,57.7007382]}},{"type":"Feature","properties":{"name":"Le Pain Francais","kind":"place"},"geometry":{"type":"Point","coordinates":[11.967518,57.698554]}},{"type":"Feature","properties":{"name":"Willy's Hemma","kind":"shop"},"geometry":{"type":"Point","coordinates":[11.9757732,57.7009905]}},{"type":"Feature","properties":{"name":"Lundin Fastighetsbyrå","kind":"place"},"geometry":{"type":"Point","coordinates":[11.967301,57.69853]}},{"type":"Feature","properties":{"name":"Pinchos","kind":"place"},"geometry":{"type":"Point","coordinates":[11.9755114,57.7008408]}},{"type":"Feature","properties":{"name":"Rumstid","kind":"shop"},"geometry":{"type":"Point","coordinates":[11.9691523,57.6984139]}},{"type":"Feature","properties":{"name":"Snus2","kind":"shop"},"geometry":{"type":"Point","coordinates":[11.9694179,57.6984435]}},{"type":"Feature","properties":{"name":"Sportson","kind":"shop"},"geometry":{"type":"Point","coordinates":[11.9657002,57.6982331]}},{"type":"Feature","properties":{"name":"Suprise","kind":"shop"},"geometry":{"type":"Point","coordinates":[11.9753289,57.7012295]}},{"type":"Feature","properties":{"name":"Thomas frisersalong","kind":"shop"},"geometry":{"type":"Point","coordinates":[11.969108,57.6987597]}},{"type":"Feature","properties":{"name":"Tobak Palatset","kind":"shop"},"geometry":{"type":"Point","coordinates":[11.9749393,57.7010636]}},{"type":"Feature","properties":{"name":"Valand","kind":"place"},"geometry":{"type":"Point","coordinates":[11.9741734,57.7003267]}},{"type":"Feature","properties":{"name":"JKS Beauty","kind":"shop"},"geometry":{"type":"Point","coordinates":[11.975881,57.7010511]}},{"type":"Feature","properties":{"name":"Vasastan Fashion","kind":"shop"},"geometry":{"type":"Point","coordinates":[11.9723215,57.699563]}},{"type":"Feature","properties":{"name":"Frank's Coffee","kind":"place"},"geometry":{"type":"Point","coordinates":[11.96897,57.698381]}},{"type":"Feature","properties":{"name":"Happy Me Kitchen","kind":"place"},"geometry":{"type":"Point","coordinates":[11.966696,57.698377]}},{"type":"Feature","properties":{"name":"Ögon Kontakt","kind":"shop"},"geometry":{"type":"Point","coordinates":[11.9665664,57.6979988]}},{"type":"Feature","properties":{"name":"11:ans Kiosk","kind":"shop"},"geometry":{"type":"Point","coordinates":[11.9654616,57.6977711]}},{"type":"Feature","properties":{"name":"Cong Thai","kind":"place"},"geometry":{"type":"Point","coordinates":[11.9652746,57.6977461]}},{"type":"Feature","properties":{"name":"Takame","kind":"place"},"geometry":{"type":"Point","coordinates":[11.965996,57.709766]}},{"type":"Feature","properties":{"name":"Espresso House","kind":"place"},"geometry":{"type":"Point","coordinates":[11.969254,57.7062686]}},{"type":"Feature","properties":{"name":"Rawfoodbaren","kind":"place"},"geometry":{"type":"Point","coordinates":[11.9660921,57.6974818]}},{"type":"Feature","properties":{"name":"Beerista Avenyn","kind":"place"},"geometry":{"type":"Point","coordinates":[11.9771343,57.7001393]}},{"type":"Feature","properties":{"name":"Rituals","kind":"shop"},"geometry":{"type":"Point","coordinates":[11.9672792,57.7044885]}},{"type":"Feature","properties":{"name":"Espresso House","kind":"place"},"geometry":{"type":"Point","coordinates":[11.9677347,57.704728]}},{"type":"Feature","properties":{"name":"Ching Palace","kind":"place"},"geometry":{"type":"Point","coordinates":[11.9710894,57.7070049]}},{"type":"Feature","properties":{"name":"Danske Bank","kind":"place"},"geometry":{"type":"Point","coordinates":[11.9665662,57.7060928]}},{"type":"Feature","properties":{"name":"Göteborgs Vinkällare","kind":"place"},"geometry":{"type":"Point","coordinates":[11.9730174,57.6987816]}},{"type":"Feature","properties":{"name":"Hotel Pigalle","kind":"place"},"geometry":{"type":"Point","coordinates":[11.970752,57.706954]}},{"type":"Feature","properties":{"name":"Swedbank","kind":"place"},"geometry":{"type":"Point","coordinates":[11.9662012,57.7060393]}},{"type":"Feature","properties":{"name":"V.I.P Hair Design","kind":"shop"},"geometry":{"type":"Point","coordinates":[11.9705665,57.7069266]}},{"type":"Feature","properties":{"name":"Masala Kitchen","kind":"place"},"geometry":{"type":"Point","coordinates":[11.981644,57.698163]}},{"type":"Feature","properties":{"name":"Espresso House","kind":"place"},"geometry":{"type":"Point","coordinates":[11.9728526,57.7089615]}},{"type":"Feature","properties":{"name":"Espresso House","kind":"place"},"geometry":{"type":"Point","coordinates":[11.973255,57.709349]}},{"type":"Feature","properties":{"name":"Forex","kind":"place"},"geometry":{"type":"Point","coordinates":[11.972791,57.7085877]}},{"type":"Feature","properties":{"name":"Pressbyrån","kind":"shop"},"geometry":{"type":"Point","coordinates":[11.9732387,57.708501]}},{"type":"Feature","properties":{"name":"Pressbyrån","kind":"shop"},"geometry":{"type":"Point","coordinates":[11.9732083,57.7090635]}},{"type":"Feature","properties":{"name":"Max","kind":"place"},"geometry":{"type":"Point","coordinates":[11.972478,57.708725]}},{"type":"Feature","properties":{"name":"SUN SUSHI & ASIAN WOK","kind":"place"},"geometry":{"type":"Point","coordinates":[11.972642,57.708749]}},{"type":"Feature","properties":{"name":"Kjell & Company","kind":"shop"},"geometry":{"type":"Point","coordinates":[11.9733054,57.7086908]}},{"type":"Feature","properties":{"name":"Galleri Nils Åberg","kind":"shop"},"geometry":{"type":"Point","coordinates":[11.9734056,57.6985589]}},{"type":"Feature","properties":{"name":"Betjänten","kind":"shop"},"geometry":{"type":"Point","coordinates":[11.9708965,57.7084762]}},{"type":"Feature","properties":{"name":"Apoteket","kind":"place"},"geometry":{"type":"Point","coordinates":[11.972446,57.709049]}},{"type":"Feature","properties":{"name":"Lilla London","kind":"place"},"geometry":{"type":"Point","coordinates":[11.972869,57.709027]}},{"type":"Feature","properties":{"name":"Ômani","kind":"place"},"geometry":{"type":"Point","coordinates":[11.97257,57.708565]}},{"type":"Feature","properties":{"name":"Taco Bar","kind":"place"},"geometry":{"type":"Point","coordinates":[11.9738217,57.7087774]}},{"type":"Feature","properties":{"name":"Designtorget","kind":"shop"},"geometry":{"type":"Point","coordinates":[11.973427,57.708851]}},{"type":"Feature","properties":{"name":"Europcar","kind":"place"},"geometry":{"type":"Point","coordinates":[11.9679252,57.7092492]}},{"type":"Feature","properties":{"name":"La Belle","kind":"shop"},"geometry":{"type":"Point","coordinates":[11.972544,57.709965]}},{"type":"Feature","properties":{"name":"Café Bistro Niwa","kind":"place"},"geometry":{"type":"Point","coordinates":[11.9726273,57.7093799]}},{"type":"Feature","properties":{"name":"Sefina pantbank","kind":"shop"},"geometry":{"type":"Point","coordinates":[11.972381,57.708867]}},{"type":"Feature","properties":{"name":"Lindex","kind":"shop"},"geometry":{"type":"Point","coordinates":[11.972542,57.709534]}},{"type":"Feature","properties":{"name":"O'Learys","kind":"place"},"geometry":{"type":"Point","coordinates":[11.9735309,57.7087278]}},{"type":"Feature","properties":{"name":"Lakrits Roten","kind":"shop"},"geometry":{"type":"Point","coordinates":[11.973258,57.7088214]}},{"type":"Feature","properties":{"name":"Pocket Shop","kind":"shop"},"geometry":{"type":"Point","coordinates":[11.9731269,57.7086635]}},{"type":"Feature","properties":{"name":"Praline","kind":"shop"},"geometry":{"type":"Point","coordinates":[11.9721417,57.7093168]}},{"type":"Feature","properties":{"name":"Pressbyrån","kind":"shop"},"geometry":{"type":"Point","coordinates":[11.972611,57.7098214]}},{"type":"Feature","properties":{"name":"Solresor","kind":"shop"},"geometry":{"type":"Point","coordinates":[11.972218,57.709194]}},{"type":"Feature","properties":{"name":"Swebus","kind":"shop"},"geometry":{"type":"Point","coordinates":[11.972282,57.709656]}},{"type":"Feature","properties":{"name":"Patcy's blommor","kind":"shop"},"geometry":{"type":"Point","coordinates":[11.973181,57.70857]}},{"type":"Feature","properties":{"name":"Metropolitan Brew Grill","kind":"place"},"geometry":{"type":"Point","coordinates":[11.97375,57.708906]}},{"type":"Feature","properties":{"name":"Oakberry Açai","kind":"place"},"geometry":{"type":"Point","coordinates":[11.972507,57.7088868]}},{"type":"Feature","properties":{"name":"Apoteket","kind":"place"},"geometry":{"type":"Point","coordinates":[11.973003,57.709431]}},{"type":"Feature","properties":{"name":"FOREX","kind":"place"},"geometry":{"type":"Point","coordinates":[11.973358,57.708612]}},{"type":"Feature","properties":{"name":"7-Eleven","kind":"shop"},"geometry":{"type":"Point","coordinates":[11.972024,57.709442]}},{"type":"Feature","properties":{"name":"Ansa","kind":"shop"},"geometry":{"type":"Point","coordinates":[11.9735648,57.6986634]}},{"type":"Feature","properties":{"name":"Antares","kind":"shop"},"geometry":{"type":"Point","coordinates":[11.974672,57.6991129]}},{"type":"Feature","properties":{"name":"Antiquaria","kind":"shop"},"geometry":{"type":"Point","coordinates":[11.9749716,57.6992353]}},{"type":"Feature","properties":{"name":"Café Lorensberg","kind":"place"},"geometry":{"type":"Point","coordinates":[11.9756936,57.6982186]}},{"type":"Feature","properties":{"name":"John Scott's","kind":"place"},"geometry":{"type":"Point","coordinates":[11.9763444,57.6981672]}},{"type":"Feature","properties":{"name":"Chopstia","kind":"place"},"geometry":{"type":"Point","coordinates":[11.9739424,57.69883]}},{"type":"Feature","properties":{"name":"Cornérs Material","kind":"shop"},"geometry":{"type":"Point","coordinates":[11.9760039,57.698039]}},{"type":"Feature","properties":{"name":"Visage Dinner Club","kind":"place"},"geometry":{"type":"Point","coordinates":[11.9767677,57.7002471]}},{"type":"Feature","properties":{"name":"Fregata","kind":"shop"},"geometry":{"type":"Point","coordinates":[11.978411,57.699339]}},{"type":"Feature","properties":{"name":"Guld & Konst","kind":"shop"},"geometry":{"type":"Point","coordinates":[11.9791111,57.6990569]}},{"type":"Feature","properties":{"name":"Högskolan för design och konsthantverk","kind":"place"},"geometry":{"type":"Point","coordinates":[11.9743211,57.699292]}},{"type":"Feature","properties":{"name":"Hairstyle","kind":"shop"},"geometry":{"type":"Point","coordinates":[11.975727,57.6982293]}},{"type":"Feature","properties":{"name":"Herr Karl","kind":"shop"},"geometry":{"type":"Point","coordinates":[11.975531,57.697835]}},{"type":"Feature","properties":{"name":"Hudterapeuten.se","kind":"shop"},"geometry":{"type":"Point","coordinates":[11.9745638,57.6977548]}},{"type":"Feature","properties":{"name":"Illum","kind":"shop"},"geometry":{"type":"Point","coordinates":[11.9756934,57.6978968]}},{"type":"Feature","properties":{"name":"Jens & Jaspis","kind":"shop"},"geometry":{"type":"Point","coordinates":[11.9761329,57.69841]}},{"type":"Feature","properties":{"name":"Kristinelundskliniken","kind":"place"},"geometry":{"type":"Point","coordinates":[11.9770539,57.7000937]}},{"type":"Feature","properties":{"name":"La Ros","kind":"shop"},"geometry":{"type":"Point","coordinates":[11.9745085,57.6990571]}},{"type":"Feature","properties":{"name":"Laila Second hand","kind":"shop"},"geometry":{"type":"Point","coordinates":[11.9731038,57.698716]}},{"type":"Feature","properties":{"name":"Laserkliniken","kind":"shop"},"geometry":{"type":"Point","coordinates":[11.9789015,57.6995317]}},{"type":"Feature","properties":{"name":"Lasermedicinska Kliniken","kind":"shop"},"geometry":{"type":"Point","coordinates":[11.9758876,57.6983]}},{"type":"Feature","properties":{"name":"Le Pain Français Cosmopolitan","kind":"place"},"geometry":{"type":"Point","coordinates":[11.9779721,57.6991412]}},{"type":"Feature","properties":{"name":"Lene Bjerre","kind":"shop"},"geometry":{"type":"Point","coordinates":[11.9753345,57.697761]}},{"type":"Feature","properties":{"name":"Locatelli","kind":"place"},"geometry":{"type":"Point","coordinates":[11.9780371,57.698703]}},{"type":"Feature","properties":{"name":"Lagaiphone.se Göteborg","kind":"shop"},"geometry":{"type":"Point","coordinates":[11.9785953,57.699406]}},{"type":"Feature","properties":{"name":"Merlot","kind":"place"},"geometry":{"type":"Point","coordinates":[11.9786685,57.6994376]}},{"type":"Feature","properties":{"name":"Mikado","kind":"place"},"geometry":{"type":"Point","coordinates":[11.9767316,57.6986445]}},{"type":"Feature","properties":{"name":"Moon","kind":"place"},"geometry":{"type":"Point","coordinates":[11.9752344,57.6993436]}},{"type":"Feature","properties":{"name":"Nakayoshi","kind":"place"},"geometry":{"type":"Point","coordinates":[11.9771981,57.7004014]}},{"type":"Feature","properties":{"name":"P-Hus Avenyn","kind":"place"},"geometry":{"type":"Point","coordinates":[11.9774321,57.7002854]}},{"type":"Feature","properties":{"name":"Parfymeri Björnen","kind":"shop"},"geometry":{"type":"Point","coordinates":[11.9782059,57.6992518]}},{"type":"Feature","properties":{"name":"QC","kind":"shop"},"geometry":{"type":"Point","coordinates":[11.9752098,57.6980318]}},{"type":"Feature","properties":{"name":"Rockbaren","kind":"place"},"geometry":{"type":"Point","coordinates":[11.9765627,57.7001445]}},{"type":"Feature","properties":{"name":"Ruby","kind":"place"},"geometry":{"type":"Point","coordinates":[11.9763813,57.6997864]}},{"type":"Feature","properties":{"name":"Studio Aroma","kind":"place"},"geometry":{"type":"Point","coordinates":[11.9743723,57.6989911]}},{"type":"Feature","properties":{"name":"Tien Tsin","kind":"place"},"geometry":{"type":"Point","coordinates":[11.9788424,57.6995036]}},{"type":"Feature","properties":{"name":"Café Tintin","kind":"place"},"geometry":{"type":"Point","coordinates":[11.974657,57.697789]}},{"type":"Feature","properties":{"name":"Tobakspalatset 2","kind":"shop"},"geometry":{"type":"Point","coordinates":[11.978387,57.699329]}},{"type":"Feature","properties":{"name":"Tusen Sköna Blommor","kind":"shop"},"geometry":{"type":"Point","coordinates":[11.978446,57.699355]}},{"type":"Feature","properties":{"name":"Twins","kind":"shop"},"geometry":{"type":"Point","coordinates":[11.9770144,57.6982248]}},{"type":"Feature","properties":{"name":"Unikt Glas","kind":"shop"},"geometry":{"type":"Point","coordinates":[11.9751554,57.6995546]}},{"type":"Feature","properties":{"name":"Cheers Pub","kind":"place"},"geometry":{"type":"Point","coordinates":[11.9654758,57.6986575]}},{"type":"Feature","properties":{"name":"Lai Wa","kind":"place"},"geometry":{"type":"Point","coordinates":[11.9655454,57.6992948]}},{"type":"Feature","properties":{"name":"Brunnsparken","kind":"tram_stop"},"geometry":{"type":"Point","coordinates":[11.9676673,57.7074908]}},{"type":"Feature","properties":{"name":"Hotell Göta Avenyn","kind":"place"},"geometry":{"type":"Point","coordinates":[11.9763177,57.7005524]}},{"type":"Feature","properties":{"name":"Karibia","kind":"place"},"geometry":{"type":"Point","coordinates":[11.9764244,57.7004832]}},{"type":"Feature","properties":{"name":"Sjöbaren","kind":"place"},"geometry":{"type":"Point","coordinates":[11.9775206,57.699705]}},{"type":"Feature","properties":{"name":"Baptistkyrkan Tabernaklet","kind":"place"},"geometry":{"type":"Point","coordinates":[11.9706585,57.7004655]}},{"type":"Feature","properties":{"name":"Bara Hårstudion","kind":"shop"},"geometry":{"type":"Point","coordinates":[11.9653987,57.6994617]}},{"type":"Feature","properties":{"name":"Butcher's Market","kind":"place"},"geometry":{"type":"Point","coordinates":[11.9726962,57.7013313]}},{"type":"Feature","properties":{"name":"Crowbar","kind":"place"},"geometry":{"type":"Point","coordinates":[11.9693609,57.700204]}},{"type":"Feature","properties":{"name":"Familjens jurist","kind":"place"},"geometry":{"type":"Point","coordinates":[11.97404,57.701893]}},{"type":"Feature","properties":{"name":"Frimärken","kind":"shop"},"geometry":{"type":"Point","coordinates":[11.9679279,57.6996615]}},{"type":"Feature","properties":{"name":"Stockyard","kind":"place"},"geometry":{"type":"Point","coordinates":[11.973779,57.701794]}},{"type":"Feature","properties":{"name":"GTIs Gymnasieskola","kind":"place"},"geometry":{"type":"Point","coordinates":[11.9662905,57.6993888]}},{"type":"Feature","properties":{"name":"Glitter Hair","kind":"shop"},"geometry":{"type":"Point","coordinates":[11.9680991,57.6997039]}},{"type":"Feature","properties":{"name":"Grafik i Väst","kind":"shop"},"geometry":{"type":"Point","coordinates":[11.9699252,57.7004389]}},{"type":"Feature","properties":{"name":"Guldsmedja Bengt Molander","kind":"shop"},"geometry":{"type":"Point","coordinates":[11.9701897,57.7003149]}},{"type":"Feature","properties":{"name":"Jabb.se","kind":"shop"},"geometry":{"type":"Point","coordinates":[11.9660534,57.6993699]}},{"type":"Feature","properties":{"name":"Klipplust","kind":"shop"},"geometry":{"type":"Point","coordinates":[11.9651925,57.6992244]}},{"type":"Feature","properties":{"name":"Mazi","kind":"shop"},"geometry":{"type":"Point","coordinates":[11.9710103,57.700885]}},{"type":"Feature","properties":{"name":"Näckrosen Bokhandel","kind":"shop"},"geometry":{"type":"Point","coordinates":[11.9667094,57.6996772]}},{"type":"Feature","properties":{"name":"Quomodo","kind":"shop"},"geometry":{"type":"Point","coordinates":[11.967561,57.6995994]}},{"type":"Feature","properties":{"name":"Red Rose Tattoo","kind":"shop"},"geometry":{"type":"Point","coordinates":[11.9713199,57.7007729]}},{"type":"Feature","properties":{"name":"Victorian Steampunk Lab","kind":"place"},"geometry":{"type":"Point","coordinates":[11.9651565,57.6994308]}},{"type":"Feature","properties":{"name":"Saxée","kind":"shop"},"geometry":{"type":"Point","coordinates":[11.9695349,57.7000336]}},{"type":"Feature","properties":{"name":"Sjölins Gymnasium","kind":"place"},"geometry":{"type":"Point","coordinates":[11.9673003,57.6997938]}},{"type":"Feature","properties":{"name":"Mäklarhuset","kind":"place"},"geometry":{"type":"Point","coordinates":[11.967992,57.699877]}},{"type":"Feature","properties":{"name":"Tobak Palatset","kind":"shop"},"geometry":{"type":"Point","coordinates":[11.9738969,57.7018406]}},{"type":"Feature","properties":{"name":"Vasa Tandklinik","kind":"place"},"geometry":{"type":"Point","coordinates":[11.9697327,57.700361]}},{"type":"Feature","properties":{"name":"Vintage","kind":"shop"},"geometry":{"type":"Point","coordinates":[11.9703015,57.7003509]}},{"type":"Feature","properties":{"name":"Yaki-Da","kind":"place"},"geometry":{"type":"Point","coordinates":[11.9727872,57.7013688]}},{"type":"Feature","properties":{"name":"Sofiana","kind":"shop"},"geometry":{"type":"Point","coordinates":[11.9780488,57.6993373]}},{"type":"Feature","properties":{"name":"Apotek Hjärtat","kind":"place"},"geometry":{"type":"Point","coordinates":[11.9770865,57.6992849]}},{"type":"Feature","properties":{"name":"Buffalo Barbershop","kind":"shop"},"geometry":{"type":"Point","coordinates":[11.9773286,57.6994389]}},{"type":"Feature","properties":{"name":"Espresso House","kind":"place"},"geometry":{"type":"Point","coordinates":[11.97705,57.699363]}},{"type":"Feature","properties":{"name":"KappAhl","kind":"shop"},"geometry":{"type":"Point","coordinates":[11.9771854,57.6994354]}},{"type":"Feature","properties":{"name":"Kicks","kind":"shop"},"geometry":{"type":"Point","coordinates":[11.977311,57.6994665]}},{"type":"Feature","properties":{"name":"Mister Minit","kind":"shop"},"geometry":{"type":"Point","coordinates":[11.9771207,57.6993554]}},{"type":"Feature","properties":{"name":"Tranquilo","kind":"place"},"geometry":{"type":"Point","coordinates":[11.9689143,57.7035746]}},{"type":"Feature","properties":{"name":"Roots","kind":"place"},"geometry":{"type":"Point","coordinates":[11.979057,57.6980064]}},{"type":"Feature","properties":{"name":"Agaton Sax","kind":"shop"},"geometry":{"type":"Point","coordinates":[11.981471,57.7000798]}},{"type":"Feature","properties":{"name":"Berzelii Begravningar","kind":"shop"},"geometry":{"type":"Point","coordinates":[11.9823016,57.6995742]}},{"type":"Feature","properties":{"name":"Brordata","kind":"shop"},"geometry":{"type":"Point","coordinates":[11.982023,57.6997681]}},{"type":"Feature","properties":{"name":"Fasai Thaimassage","kind":"shop"},"geometry":{"type":"Point","coordinates":[11.9826146,57.6993163]}},{"type":"Feature","properties":{"name":"Galleri Wadman","kind":"shop"},"geometry":{"type":"Point","coordinates":[11.9816782,57.6996803]}},{"type":"Feature","properties":{"name":"Hedens Pizza Butik","kind":"place"},"geometry":{"type":"Point","coordinates":[11.9815778,57.700011]}},{"type":"Feature","properties":{"name":"Wadmans Salonger","kind":"shop"},"geometry":{"type":"Point","coordinates":[11.9825673,57.6993518]}},{"type":"Feature","properties":{"name":"Wigab","kind":"shop"},"geometry":{"type":"Point","coordinates":[11.9818886,57.699864]}},{"type":"Feature","properties":{"name":"Meddo","kind":"shop"},"geometry":{"type":"Point","coordinates":[11.9822076,57.7004466]}},{"type":"Feature","properties":{"name":"Azam Skrädderi","kind":"shop"},"geometry":{"type":"Point","coordinates":[11.9831551,57.700106]}},{"type":"Feature","properties":{"name":"Femia","kind":"shop"},"geometry":{"type":"Point","coordinates":[11.9833452,57.6999703]}},{"type":"Feature","properties":{"name":"Körkortsspecialisten","kind":"place"},"geometry":{"type":"Point","coordinates":[11.9827586,57.7003785]}},{"type":"Feature","properties":{"name":"Peruk Toupé shopen","kind":"shop"},"geometry":{"type":"Point","coordinates":[11.9826167,57.7004325]}},{"type":"Feature","properties":{"name":"Warberg & Co","kind":"place"},"geometry":{"type":"Point","coordinates":[11.9837267,57.6993895]}},{"type":"Feature","properties":{"name":"Hedåsgatans Hårdesign","kind":"shop"},"geometry":{"type":"Point","coordinates":[11.9830021,57.7002153]}},{"type":"Feature","properties":{"name":"Galleri Scandinavia","kind":"shop"},"geometry":{"type":"Point","coordinates":[11.982325,57.6988896]}},{"type":"Feature","properties":{"name":"Panda Sushi","kind":"place"},"geometry":{"type":"Point","coordinates":[11.984398,57.699708]}},{"type":"Feature","properties":{"name":"Stage Door","kind":"place"},"geometry":{"type":"Point","coordinates":[11.9822729,57.6987967]}},{"type":"Feature","properties":{"name":"Barrique","kind":"place"},"geometry":{"type":"Point","coordinates":[11.983338,57.699239]}},{"type":"Feature","properties":{"name":"Glamour","kind":"shop"},"geometry":{"type":"Point","coordinates":[11.984518,57.699751]}},{"type":"Feature","properties":{"name":"La Terrazza","kind":"place"},"geometry":{"type":"Point","coordinates":[11.984655,57.699851]}},{"type":"Feature","properties":{"name":"Willys Hemma Göteborg Sten Sturegatan","kind":"shop"},"geometry":{"type":"Point","coordinates":[11.9841742,57.7008794]}},{"type":"Feature","properties":{"name":"Ristorante Angelo's","kind":"place"},"geometry":{"type":"Point","coordinates":[11.984603,57.699919]}},{"type":"Feature","properties":{"name":"Fyrklöverns Spel & Tobak","kind":"shop"},"geometry":{"type":"Point","coordinates":[11.984588,57.700515]}},{"type":"Feature","properties":{"name":"Vivaldi","kind":"place"},"geometry":{"type":"Point","coordinates":[11.9838482,57.6989675]}},{"type":"Feature","properties":{"name":"Antonio bar","kind":"place"},"geometry":{"type":"Point","coordinates":[11.983609,57.69886]}},{"type":"Feature","properties":{"name":"Hotel Lorensberg","kind":"place"},"geometry":{"type":"Point","coordinates":[11.9834285,57.6988108]}},{"type":"Feature","properties":{"name":"Aveny Frisersalong","kind":"shop"},"geometry":{"type":"Point","coordinates":[11.983788,57.698272]}},{"type":"Feature","properties":{"name":"Ullman artspace","kind":"shop"},"geometry":{"type":"Point","coordinates":[11.984372,57.697594]}},{"type":"Feature","properties":{"name":"Helenes Smörrebröd","kind":"place"},"geometry":{"type":"Point","coordinates":[11.982956,57.698618]}},{"type":"Feature","properties":{"name":"Grytan","kind":"place"},"geometry":{"type":"Point","coordinates":[11.983602,57.698206]}},{"type":"Feature","properties":{"name":"Hamlans Trafikskola","kind":"place"},"geometry":{"type":"Point","coordinates":[11.983744,57.698019]}},{"type":"Feature","properties":{"name":"Salong Picasso","kind":"shop"},"geometry":{"type":"Point","coordinates":[11.9846797,57.6976949]}},{"type":"Feature","properties":{"name":"Västtrafik","kind":"shop"},"geometry":{"type":"Point","coordinates":[11.972511,57.70975]}},{"type":"Feature","properties":{"name":"Subway","kind":"place"},"geometry":{"type":"Point","coordinates":[11.9728685,57.708793]}},{"type":"Feature","properties":{"name":"Hedens Guld","kind":"shop"},"geometry":{"type":"Point","coordinates":[11.9768985,57.7007376]}},{"type":"Feature","properties":{"name":"Le Mat B&B","kind":"place"},"geometry":{"type":"Point","coordinates":[11.976995,57.700083]}},{"type":"Feature","properties":{"name":"Bjurfors","kind":"place"},"geometry":{"type":"Point","coordinates":[11.976413,57.6985164]}},{"type":"Feature","properties":{"name":"Evanette","kind":"shop"},"geometry":{"type":"Point","coordinates":[11.9782597,57.6992739]}},{"type":"Feature","properties":{"name":"Arkadens klocka","kind":"place"},"geometry":{"type":"Point","coordinates":[11.969425,57.706571]}},{"type":"Feature","properties":{"name":"Gansu Köket","kind":"place"},"geometry":{"type":"Point","coordinates":[11.965116,57.708626]}},{"type":"Feature","properties":{"name":"Paprika","kind":"place"},"geometry":{"type":"Point","coordinates":[11.9692959,57.7076508]}},{"type":"Feature","properties":{"name":"Finlands honorära generalkonsulat, Göteborg","kind":"place"},"geometry":{"type":"Point","coordinates":[11.969473,57.708085]}},{"type":"Feature","properties":{"name":"Lettlands konsulat","kind":"place"},"geometry":{"type":"Point","coordinates":[11.969483,57.708073]}},{"type":"Feature","properties":{"name":"Espresso House","kind":"place"},"geometry":{"type":"Point","coordinates":[11.969457,57.708499]}},{"type":"Feature","properties":{"name":"Cristal Bar","kind":"place"},"geometry":{"type":"Point","coordinates":[11.972163,57.709277]}},{"type":"Feature","properties":{"name":"John Scott's","kind":"place"},"geometry":{"type":"Point","coordinates":[11.9703368,57.70701]}},{"type":"Feature","properties":{"name":"RepairStore","kind":"shop"},"geometry":{"type":"Point","coordinates":[11.97237,57.709181]}},{"type":"Feature","properties":{"name":"Wasatryckeriet","kind":"shop"},"geometry":{"type":"Point","coordinates":[11.983317,57.709975]}},{"type":"Feature","properties":{"name":"Hittegods Expedition","kind":"place"},"geometry":{"type":"Point","coordinates":[11.972223,57.707251]}},{"type":"Feature","properties":{"name":"Dumplings m.m.","kind":"place"},"geometry":{"type":"Point","coordinates":[11.967302,57.703521]}},{"type":"Feature","properties":{"name":"Vapiano","kind":"place"},"geometry":{"type":"Point","coordinates":[11.968514,57.70522]}},{"type":"Feature","properties":{"name":"Dönerbanken","kind":"place"},"geometry":{"type":"Point","coordinates":[11.97195,57.7079065]}},{"type":"Feature","properties":{"name":"Pressbyrån","kind":"shop"},"geometry":{"type":"Point","coordinates":[11.9704,57.709031]}},{"type":"Feature","properties":{"name":"Espresso House","kind":"place"},"geometry":{"type":"Point","coordinates":[11.9693886,57.7084703]}},{"type":"Feature","properties":{"name":"Cappuccino","kind":"place"},"geometry":{"type":"Point","coordinates":[11.9680248,57.7081426]}},{"type":"Feature","properties":{"name":"slimfood","kind":"place"},"geometry":{"type":"Point","coordinates":[11.968546,57.70822]}},{"type":"Feature","properties":{"name":"Espresso House","kind":"place"},"geometry":{"type":"Point","coordinates":[11.973521,57.70896]}},{"type":"Feature","properties":{"name":"Skandia Mäklarna","kind":"place"},"geometry":{"type":"Point","coordinates":[11.966576,57.706074]}},{"type":"Feature","properties":{"name":"Sensus","kind":"place"},"geometry":{"type":"Point","coordinates":[11.966734,57.706117]}},{"type":"Feature","properties":{"name":"Amano","kind":"place"},"geometry":{"type":"Point","coordinates":[11.967685,57.70566]}},{"type":"Feature","properties":{"name":"Sporting Salong","kind":"shop"},"geometry":{"type":"Point","coordinates":[11.967353,57.705604]}},{"type":"Feature","properties":{"name":"Stadsmissionens vägledning","kind":"place"},"geometry":{"type":"Point","coordinates":[11.967162,57.70556]}},{"type":"Feature","properties":{"name":"Goodztar","kind":"shop"},"geometry":{"type":"Point","coordinates":[11.968069,57.705737]}},{"type":"Feature","properties":{"name":"Pelote","kind":"shop"},"geometry":{"type":"Point","coordinates":[11.966131,57.7055289]}},{"type":"Feature","properties":{"name":"Frati","kind":"place"},"geometry":{"type":"Point","coordinates":[11.979936,57.709446]}},{"type":"Feature","properties":{"name":"Anadolu Resor","kind":"place"},"geometry":{"type":"Point","coordinates":[11.970739,57.707959]}},{"type":"Feature","properties":{"name":"Geppetto Skräderi","kind":"shop"},"geometry":{"type":"Point","coordinates":[11.970698,57.707908]}},{"type":"Feature","properties":{"name":"Uyghut Mobil & Data Service","kind":"shop"},"geometry":{"type":"Point","coordinates":[11.970638,57.707951]}},{"type":"Feature","properties":{"name":"Rifat's Salong","kind":"shop"},"geometry":{"type":"Point","coordinates":[11.970673,57.707949]}},{"type":"Feature","properties":{"name":"Daime","kind":"place"},"geometry":{"type":"Point","coordinates":[11.981934,57.70981]}},{"type":"Feature","properties":{"name":"Mr Shou","kind":"place"},"geometry":{"type":"Point","coordinates":[11.967082,57.703668]}},{"type":"Feature","properties":{"name":"Karltex.se","kind":"shop"},"geometry":{"type":"Point","coordinates":[11.968684,57.704312]}},{"type":"Feature","properties":{"name":"Christers Hårvård","kind":"shop"},"geometry":{"type":"Point","coordinates":[11.9713502,57.7054775]}},{"type":"Feature","properties":{"name":"Pressbyrån","kind":"shop"},"geometry":{"type":"Point","coordinates":[11.97273,57.709276]}},{"type":"Feature","properties":{"name":"Mini Bazar","kind":"shop"},"geometry":{"type":"Point","coordinates":[11.970649,57.707934]}},{"type":"Feature","properties":{"name":"CONVENDUM","kind":"place"},"geometry":{"type":"Point","coordinates":[11.9747835,57.7001612]}},{"type":"Feature","properties":{"name":"Yoghurt bar","kind":"place"},"geometry":{"type":"Point","coordinates":[11.966984,57.709573]}},{"type":"Feature","properties":{"name":"Bengans","kind":"shop"},"geometry":{"type":"Point","coordinates":[11.9692416,57.7050867]}},{"type":"Feature","properties":{"name":"7-Eleven","kind":"shop"},"geometry":{"type":"Point","coordinates":[11.9843512,57.7063954]}},{"type":"Feature","properties":{"name":"Erik Olsson","kind":"place"},"geometry":{"type":"Point","coordinates":[11.9780411,57.708726]}},{"type":"Feature","properties":{"name":"Dubbel Dubbel","kind":"place"},"geometry":{"type":"Point","coordinates":[11.977578,57.708912]}},{"type":"Feature","properties":{"name":"Merex Exchange","kind":"place"},"geometry":{"type":"Point","coordinates":[11.9807,57.709141]}},{"type":"Feature","properties":{"name":"Multimediashoppen","kind":"shop"},"geometry":{"type":"Point","coordinates":[11.980676,57.7095864]}},{"type":"Feature","properties":{"name":"Sancy Beauty","kind":"shop"},"geometry":{"type":"Point","coordinates":[11.980646,57.709291]}},{"type":"Feature","properties":{"name":"Centralens Däck & Bilservice","kind":"shop"},"geometry":{"type":"Point","coordinates":[11.9816201,57.7097626]}},{"type":"Feature","properties":{"name":"STR Trafikskola","kind":"place"},"geometry":{"type":"Point","coordinates":[11.9806706,57.7095076]}},{"type":"Feature","properties":{"name":"Scandic No. 25","kind":"place"},"geometry":{"type":"Point","coordinates":[11.98121,57.709684]}},{"type":"Feature","properties":{"name":"Citrus","kind":"shop"},"geometry":{"type":"Point","coordinates":[11.9844445,57.7086149]}},{"type":"Feature","properties":{"name":"Classic Nails","kind":"shop"},"geometry":{"type":"Point","coordinates":[11.972652,57.706589]}},{"type":"Feature","properties":{"name":"happy mango","kind":"place"},"geometry":{"type":"Point","coordinates":[11.971384,57.706221]}},{"type":"Feature","properties":{"name":"Gina Tricot","kind":"shop"},"geometry":{"type":"Point","coordinates":[11.970487,57.706045]}},{"type":"Feature","properties":{"name":"The Barber Shop","kind":"shop"},"geometry":{"type":"Point","coordinates":[11.967757,57.705273]}},{"type":"Feature","properties":{"name":"Comfort Hotel City","kind":"place"},"geometry":{"type":"Point","coordinates":[11.97179,57.706284]}},{"type":"Feature","properties":{"name":"Pure Cosmetic","kind":"shop"},"geometry":{"type":"Point","coordinates":[11.970848,57.706092]}},{"type":"Feature","properties":{"name":"Nudie Jeans","kind":"shop"},"geometry":{"type":"Point","coordinates":[11.97063,57.706065]}},{"type":"Feature","properties":{"name":"Bunchery","kind":"shop"},"geometry":{"type":"Point","coordinates":[11.970442,57.706007]}},{"type":"Feature","properties":{"name":"Ateljé Marie","kind":"shop"},"geometry":{"type":"Point","coordinates":[11.96897,57.699539]}},{"type":"Feature","properties":{"name":"Vasa Sax","kind":"shop"},"geometry":{"type":"Point","coordinates":[11.968948,57.699627]}},{"type":"Feature","properties":{"name":"Blomster Konstnären","kind":"shop"},"geometry":{"type":"Point","coordinates":[11.968905,57.699665]}},{"type":"Feature","properties":{"name":"Push","kind":"place"},"geometry":{"type":"Point","coordinates":[11.973629,57.700963]}},{"type":"Feature","properties":{"name":"Aveny Blommor","kind":"shop"},"geometry":{"type":"Point","coordinates":[11.975105,57.699929]}},{"type":"Feature","properties":{"name":"Wetterling Gallery","kind":"place"},"geometry":{"type":"Point","coordinates":[11.976207,57.699175]}},{"type":"Feature","properties":{"name":"Idevio AB","kind":"place"},"geometry":{"type":"Point","coordinates":[11.9706412,57.7063146]}},{"type":"Feature","properties":{"name":"Gröna Boden","kind":"shop"},"geometry":{"type":"Point","coordinates":[11.9693489,57.6988767]}},{"type":"Feature","properties":{"name":"Café Artisten","kind":"place"},"geometry":{"type":"Point","coordinates":[11.9829921,57.6964645]}},{"type":"Feature","properties":{"name":"ViktVäktarna","kind":"place"},"geometry":{"type":"Point","coordinates":[11.974129,57.701935]}},{"type":"Feature","properties":{"name":"Triumf","kind":"place"},"geometry":{"type":"Point","coordinates":[11.969555,57.704579]}},{"type":"Feature","properties":{"name":"Tonläget hifi","kind":"shop"},"geometry":{"type":"Point","coordinates":[11.9701114,57.6974389]}},{"type":"Feature","properties":{"name":"Salong sauqo","kind":"shop"},"geometry":{"type":"Point","coordinates":[11.970375,57.696929]}},{"type":"Feature","properties":{"name":"Salong underbart","kind":"shop"},"geometry":{"type":"Point","coordinates":[11.970429,57.696815]}},{"type":"Feature","properties":{"name":"Fast skomakeri nyckelservice","kind":"shop"},"geometry":{"type":"Point","coordinates":[11.9696634,57.6982161]}},{"type":"Feature","properties":{"name":"Sushi mamaya","kind":"place"},"geometry":{"type":"Point","coordinates":[11.969847,57.697953]}},{"type":"Feature","properties":{"name":"Mindstage","kind":"place"},"geometry":{"type":"Point","coordinates":[11.969984,57.69765]}},{"type":"Feature","properties":{"name":"La fleuriste","kind":"shop"},"geometry":{"type":"Point","coordinates":[11.970344,57.697036]}},{"type":"Feature","properties":{"name":"Hotel Vasa","kind":"place"},"geometry":{"type":"Point","coordinates":[11.965348,57.69893]}},{"type":"Feature","properties":{"name":"Alladin","kind":"place"},"geometry":{"type":"Point","coordinates":[11.983031,57.709142]}},{"type":"Feature","properties":{"name":"Worldex AB","kind":"place"},"geometry":{"type":"Point","coordinates":[11.981718,57.70929]}},{"type":"Feature","properties":{"name":"Niyom Thai","kind":"place"},"geometry":{"type":"Point","coordinates":[11.983028,57.709073]}},{"type":"Feature","properties":{"name":"Top Sushi","kind":"place"},"geometry":{"type":"Point","coordinates":[11.98304,57.708981]}},{"type":"Feature","properties":{"name":"Storköket | The Barn","kind":"place"},"geometry":{"type":"Point","coordinates":[11.970335,57.702701]}},{"type":"Feature","properties":{"name":"Trattoria la Strega","kind":"place"},"geometry":{"type":"Point","coordinates":[11.970995,57.696096]}},{"type":"Feature","properties":{"name":"Ottomania","kind":"place"},"geometry":{"type":"Point","coordinates":[11.97085,57.696273]}},{"type":"Feature","properties":{"name":"Levantine","kind":"place"},"geometry":{"type":"Point","coordinates":[11.971268,57.696494]}},{"type":"Feature","properties":{"name":"Main","kind":"shop"},"geometry":{"type":"Point","coordinates":[11.970793,57.700028]}},{"type":"Feature","properties":{"name":"the AGA cooker shop","kind":"shop"},"geometry":{"type":"Point","coordinates":[11.970668,57.700133]}},{"type":"Feature","properties":{"name":"Skönhetskliniken","kind":"shop"},"geometry":{"type":"Point","coordinates":[11.970543,57.700225]}},{"type":"Feature","properties":{"name":"Enoteca Signore il Missionario del Vino","kind":"place"},"geometry":{"type":"Point","coordinates":[11.969654,57.699918]}},{"type":"Feature","properties":{"name":"Betjänten Flickornas","kind":"shop"},"geometry":{"type":"Point","coordinates":[11.97028,57.699499]}},{"type":"Feature","properties":{"name":"Tony's Högtidskläder","kind":"shop"},"geometry":{"type":"Point","coordinates":[11.970086,57.69961]}},{"type":"Feature","properties":{"name":"Talang Café & Restaurang","kind":"place"},"geometry":{"type":"Point","coordinates":[11.966467,57.69913]}},{"type":"Feature","properties":{"name":"Viktoria Livs","kind":"shop"},"geometry":{"type":"Point","coordinates":[11.965159,57.6991848]}},{"type":"Feature","properties":{"name":"da Nino","kind":"place"},"geometry":{"type":"Point","coordinates":[11.965276,57.699073]}},{"type":"Feature","properties":{"name":"Steinbrenner & Nyberg","kind":"shop"},"geometry":{"type":"Point","coordinates":[11.973484,57.708796]}},{"type":"Feature","properties":{"name":"togogo","kind":"place"},"geometry":{"type":"Point","coordinates":[11.973257,57.708916]}},{"type":"Feature","properties":{"name":"Park aveny café","kind":"place"},"geometry":{"type":"Point","coordinates":[11.978422,57.698338]}},{"type":"Feature","properties":{"name":"4-gott","kind":"shop"},"geometry":{"type":"Point","coordinates":[11.9780227,57.6979168]}},{"type":"Feature","properties":{"name":"Deisy Design","kind":"shop"},"geometry":{"type":"Point","coordinates":[11.9776041,57.6982376]}},{"type":"Feature","properties":{"name":"Endorfin","kind":"shop"},"geometry":{"type":"Point","coordinates":[11.9777848,57.6981056]}},{"type":"Feature","properties":{"name":"Götaplatsens Foto","kind":"shop"},"geometry":{"type":"Point","coordinates":[11.9783065,57.697736]}},{"type":"Feature","properties":{"name":"Mobilplaneten","kind":"shop"},"geometry":{"type":"Point","coordinates":[11.9779041,57.6980244]}},{"type":"Feature","properties":{"name":"Plimsele.se","kind":"shop"},"geometry":{"type":"Point","coordinates":[11.9779607,57.6979858]}},{"type":"Feature","properties":{"name":"Retrorock","kind":"shop"},"geometry":{"type":"Point","coordinates":[11.9776932,57.6981783]}},{"type":"Feature","properties":{"name":"Skomakeri","kind":"shop"},"geometry":{"type":"Point","coordinates":[11.977639,57.6982092]}},{"type":"Feature","properties":{"name":"Uppsala auktionskammare","kind":"place"},"geometry":{"type":"Point","coordinates":[11.9778125,57.6980882]}},{"type":"Feature","properties":{"name":"Appello","kind":"place"},"geometry":{"type":"Point","coordinates":[11.9695843,57.6966007]}},{"type":"Feature","properties":{"name":"Restaurang Ullevigatan","kind":"place"},"geometry":{"type":"Point","coordinates":[11.9838625,57.7064122]}},{"type":"Feature","properties":{"name":"Rum För Papper","kind":"shop"},"geometry":{"type":"Point","coordinates":[11.9654966,57.7034477]}},{"type":"Feature","properties":{"name":"Bite me","kind":"place"},"geometry":{"type":"Point","coordinates":[11.974881,57.702267]}},{"type":"Feature","properties":{"name":"Pix & Pintxos Cocktails","kind":"place"},"geometry":{"type":"Point","coordinates":[11.965178,57.70257]}},{"type":"Feature","properties":{"name":"Hotel Flora","kind":"place"},"geometry":{"type":"Point","coordinates":[11.965605,57.702793]}},{"type":"Feature","properties":{"name":"Salon Gino","kind":"shop"},"geometry":{"type":"Point","coordinates":[11.96597,57.702972]}},{"type":"Feature","properties":{"name":"Sami Sushi","kind":"place"},"geometry":{"type":"Point","coordinates":[11.981461,57.698097]}},{"type":"Feature","properties":{"name":"Foajébaren","kind":"place"},"geometry":{"type":"Point","coordinates":[11.980064,57.697347]}},{"type":"Feature","properties":{"name":"The prime grill","kind":"place"},"geometry":{"type":"Point","coordinates":[11.9732236,57.7012408]}},{"type":"Feature","properties":{"name":"Lounge(s)","kind":"place"},"geometry":{"type":"Point","coordinates":[11.9731593,57.7012171]}},{"type":"Feature","properties":{"name":"Gustavigården","kind":"place"},"geometry":{"type":"Point","coordinates":[11.9653928,57.704896]}},{"type":"Feature","properties":{"name":"Wolford","kind":"shop"},"geometry":{"type":"Point","coordinates":[11.9712,57.706811]}},{"type":"Feature","properties":{"name":"Göta","kind":"place"},"geometry":{"type":"Point","coordinates":[11.9785335,57.6973893]}},{"type":"Feature","properties":{"name":"Gothenburg City B&B","kind":"place"},"geometry":{"type":"Point","coordinates":[11.9662359,57.7034068]}},{"type":"Feature","properties":{"name":"Gunnar Gren","kind":"place"},"geometry":{"type":"Point","coordinates":[11.9789759,57.7069316]}},{"type":"Feature","properties":{"name":"Blåvittshopen","kind":"shop"},"geometry":{"type":"Point","coordinates":[11.9792409,57.7062286]}},{"type":"Feature","properties":{"name":"Kungstorgets Brygghus","kind":"place"},"geometry":{"type":"Point","coordinates":[11.9689001,57.7038692]}},{"type":"Feature","properties":{"name":"Drottningtorget (5)","kind":"place"},"geometry":{"type":"Point","coordinates":[11.9730046,57.7077302]}},{"type":"Feature","properties":{"name":"Lejontrappan/Gustav Adolfs Torg (7)","kind":"place"},"geometry":{"type":"Point","coordinates":[11.9673129,57.7077764]}},{"type":"Feature","properties":{"name":"Valand/Avenyn (3)","kind":"place"},"geometry":{"type":"Point","coordinates":[11.9743157,57.7004633]}},{"type":"Feature","properties":{"name":"Andreasson Musik","kind":"shop"},"geometry":{"type":"Point","coordinates":[11.9798681,57.7086851]}},{"type":"Feature","properties":{"name":"Folktandvården","kind":"place"},"geometry":{"type":"Point","coordinates":[11.979935,57.7090189]}},{"type":"Feature","properties":{"name":"Klippotek Salo","kind":"shop"},"geometry":{"type":"Point","coordinates":[11.9820032,57.707756]}},{"type":"Feature","properties":{"name":"Excellent Beauty","kind":"shop"},"geometry":{"type":"Point","coordinates":[11.9815146,57.707725]}},{"type":"Feature","properties":{"name":"Skönhetsfabriken","kind":"shop"},"geometry":{"type":"Point","coordinates":[11.9750536,57.707755]}},{"type":"Feature","properties":{"name":"Mr P","kind":"place"},"geometry":{"type":"Point","coordinates":[11.9808268,57.6966206]}},{"type":"Feature","properties":{"name":"Toso","kind":"place"},"geometry":{"type":"Point","coordinates":[11.9809341,57.6969374]}},{"type":"Feature","properties":{"name":"Junperfabriken","kind":"shop"},"geometry":{"type":"Point","coordinates":[11.9662273,57.7037769]}},{"type":"Feature","properties":{"name":"Vasa Viktoriagatan","kind":"tram_stop"},"geometry":{"type":"Point","coordinates":[11.9653185,57.6985878]}},{"type":"Feature","properties":{"name":"Spiga | 3","kind":"shop"},"geometry":{"type":"Point","coordinates":[11.971581,57.704501]}},{"type":"Feature","properties":{"name":"Ägget","kind":"place"},"geometry":{"type":"Point","coordinates":[11.967585,57.7005426]}},{"type":"Feature","properties":{"name":"Mandala","kind":"place"},"geometry":{"type":"Point","coordinates":[11.974476,57.7066074]}},{"type":"Feature","properties":{"name":"Bältespännarna","kind":"place"},"geometry":{"type":"Point","coordinates":[11.971649,57.7029721]}},{"type":"Feature","properties":{"name":"St: Agnes","kind":"place"},"geometry":{"type":"Point","coordinates":[11.9757218,57.6989589]}},{"type":"Feature","properties":{"name":"Meltwater","kind":"place"},"geometry":{"type":"Point","coordinates":[11.9763625,57.6990648]}},{"type":"Feature","properties":{"name":"Cafe And The Bakery","kind":"shop"},"geometry":{"type":"Point","coordinates":[11.9661824,57.6973709]}},{"type":"Feature","properties":{"name":"Waffles café","kind":"place"},"geometry":{"type":"Point","coordinates":[11.9691443,57.6991362]}},{"type":"Feature","properties":{"name":"Hotell Allén","kind":"place"},"geometry":{"type":"Point","coordinates":[11.9765143,57.7036845]}},{"type":"Feature","properties":{"name":"Byredo","kind":"shop"},"geometry":{"type":"Point","coordinates":[11.9688135,57.7058467]}},{"type":"Feature","properties":{"name":"Filippa K","kind":"shop"},"geometry":{"type":"Point","coordinates":[11.9653683,57.7034564]}},{"type":"Feature","properties":{"name":"Sharper","kind":"shop"},"geometry":{"type":"Point","coordinates":[11.9655804,57.7033114]}},{"type":"Feature","properties":{"name":"Bunches","kind":"shop"},"geometry":{"type":"Point","coordinates":[11.965526,57.7033997]}},{"type":"Feature","properties":{"name":"Thulins Interior","kind":"shop"},"geometry":{"type":"Point","coordinates":[11.9655524,57.7033538]}},{"type":"Feature","properties":{"name":"GameStop","kind":"shop"},"geometry":{"type":"Point","coordinates":[11.9698548,57.7090865]}},{"type":"Feature","properties":{"name":"Sixt","kind":"place"},"geometry":{"type":"Point","coordinates":[11.9721591,57.7090962]}},{"type":"Feature","properties":{"name":"Bon","kind":"place"},"geometry":{"type":"Point","coordinates":[11.9770083,57.698017]}},{"type":"Feature","properties":{"name":"Resturang Natur","kind":"place"},"geometry":{"type":"Point","coordinates":[11.9774189,57.6975177]}},{"type":"Feature","properties":{"name":"Pivo bar & kök","kind":"place"},"geometry":{"type":"Point","coordinates":[11.9762513,57.6969109]}},{"type":"Feature","properties":{"name":"Synoptik","kind":"shop"},"geometry":{"type":"Point","coordinates":[11.968116,57.7059652]}},{"type":"Feature","properties":{"name":"Mercado Mexico","kind":"place"},"geometry":{"type":"Point","coordinates":[11.9819597,57.6987393]}},{"type":"Feature","properties":{"name":"Handelsbanken","kind":"place"},"geometry":{"type":"Point","coordinates":[11.9679896,57.7058526]}},{"type":"Feature","properties":{"name":"Lighty","kind":"shop"},"geometry":{"type":"Point","coordinates":[11.9680251,57.7061467]}},{"type":"Feature","properties":{"name":"Lejon","kind":"place"},"geometry":{"type":"Point","coordinates":[11.967769,57.7065513]}},{"type":"Feature","properties":{"name":"Lejon","kind":"place"},"geometry":{"type":"Point","coordinates":[11.9677027,57.7066734]}},{"type":"Feature","properties":{"name":"Johanna","kind":"place"},"geometry":{"type":"Point","coordinates":[11.9685879,57.706753]}},{"type":"Feature","properties":{"name":"St1","kind":"place"},"geometry":{"type":"Point","coordinates":[11.9789064,57.7045084]}},{"type":"Feature","properties":{"name":"SK Mat & Människor","kind":"place"},"geometry":{"type":"Point","coordinates":[11.9830794,57.6971249]}},{"type":"Feature","properties":{"name":"Odin","kind":"place"},"geometry":{"type":"Point","coordinates":[11.9787169,57.7090074]}},{"type":"Feature","properties":{"name":"Prometheus","kind":"place"},"geometry":{"type":"Point","coordinates":[11.9690793,57.7024066]}},{"type":"Feature","properties":{"name":"Pan","kind":"place"},"geometry":{"type":"Point","coordinates":[11.9734604,57.7047591]}},{"type":"Feature","properties":{"name":"Våren","kind":"place"},"geometry":{"type":"Point","coordinates":[11.9683911,57.7019644]}},{"type":"Feature","properties":{"name":"Amagicom AB","kind":"place"},"geometry":{"type":"Point","coordinates":[11.9760403,57.6984065]}},{"type":"Feature","properties":{"name":"Gourmetkorv","kind":"place"},"geometry":{"type":"Point","coordinates":[11.9834182,57.7038518]}},{"type":"Feature","properties":{"name":"Aqua Dental: Tandläkare City","kind":"place"},"geometry":{"type":"Point","coordinates":[11.9695456,57.7047718]}},{"type":"Feature","properties":{"name":"Göteborgs Konstförening","kind":"place"},"geometry":{"type":"Point","coordinates":[11.9803717,57.6995989]}},{"type":"Feature","properties":{"name":"Golinski’s cykeldepå","kind":"shop"},"geometry":{"type":"Point","coordinates":[11.9690486,57.697553]}},{"type":"Feature","properties":{"name":"Accure AB","kind":"place"},"geometry":{"type":"Point","coordinates":[11.9670566,57.7030657]}},{"type":"Feature","properties":{"name":"Hyres- och arrendenämnden i Göteborg","kind":"place"},"geometry":{"type":"Point","coordinates":[11.9830316,57.7067582]}},{"type":"Feature","properties":{"name":"Göteborgs åklagarkammare","kind":"place"},"geometry":{"type":"Point","coordinates":[11.9828439,57.7056433]}},{"type":"Feature","properties":{"name":"Dansk Generalkonsulat, Göteborg","kind":"place"},"geometry":{"type":"Point","coordinates":[11.968938,57.7044493]}},{"type":"Feature","properties":{"name":"Toui's Thai Kök","kind":"place"},"geometry":{"type":"Point","coordinates":[11.9703394,57.6963721]}},{"type":"Feature","properties":{"name":"Viktors Kaffe","kind":"place"},"geometry":{"type":"Point","coordinates":[11.9781111,57.6973988]}},{"type":"Feature","properties":{"name":"Bon Bon Bar","kind":"place"},"geometry":{"type":"Point","coordinates":[11.9746948,57.7078101]}},{"type":"Feature","properties":{"name":"Post Bar","kind":"place"},"geometry":{"type":"Point","coordinates":[11.9743485,57.7082787]}},{"type":"Feature","properties":{"name":"Jafaris Glasserian","kind":"shop"},"geometry":{"type":"Point","coordinates":[11.9736843,57.708092]}},{"type":"Feature","properties":{"name":"Picard","kind":"shop"},"geometry":{"type":"Point","coordinates":[11.9671641,57.7028599]}},{"type":"Feature","properties":{"name":"Arbetsförmedlingen Göteborg","kind":"place"},"geometry":{"type":"Point","coordinates":[11.9786409,57.7077]}},{"type":"Feature","properties":{"name":"Hvitfeldtska Gymnasiet Södra byggnaden","kind":"place"},"geometry":{"type":"Point","coordinates":[11.9759774,57.6950202]}},{"type":"Feature","properties":{"name":"Göteborgs tingsrätt","kind":"place"},"geometry":{"type":"Point","coordinates":[11.9823289,57.7066665]}},{"type":"Feature","properties":{"name":"Gymnasieakademin","kind":"place"},"geometry":{"type":"Point","coordinates":[11.9667667,57.7061281]}},{"type":"Feature","properties":{"name":"Oscar & den lille","kind":"place"},"geometry":{"type":"Point","coordinates":[11.9681883,57.7036571]}},{"type":"Feature","properties":{"name":"Odinsskolan","kind":"place"},"geometry":{"type":"Point","coordinates":[11.9821304,57.7090423]}},{"type":"Feature","properties":{"name":"Gaffelkonst","kind":"place"},"geometry":{"type":"Point","coordinates":[11.979088,57.7053556]}},{"type":"Feature","properties":{"name":"Hvitfeldtska/IHGR Bamba","kind":"place"},"geometry":{"type":"Point","coordinates":[11.9744625,57.6951221]}},{"type":"Feature","properties":{"name":"VasaNova","kind":"place"},"geometry":{"type":"Point","coordinates":[11.9764133,57.6968158]}},{"type":"Feature","properties":{"name":"Vasakliniken","kind":"place"},"geometry":{"type":"Point","coordinates":[11.9719259,57.6998327]}},{"type":"Feature","properties":{"name":"Förbundsrepubliken Tysklands honorärkonsul","kind":"place"},"geometry":{"type":"Point","coordinates":[11.9758233,57.6969759]}},{"type":"Feature","properties":{"name":"Bengans Göteborg City","kind":"shop"},"geometry":{"type":"Point","coordinates":[11.9712591,57.7063292]}},{"type":"Feature","properties":{"name":"Benjamins Bistro Café","kind":"place"},"geometry":{"type":"Point","coordinates":[11.9688621,57.7061508]}},{"type":"Feature","properties":{"name":"McKinsey & Company","kind":"place"},"geometry":{"type":"Point","coordinates":[11.9723184,57.701677]}},{"type":"Feature","properties":{"name":"John Scott´s","kind":"place"},"geometry":{"type":"Point","coordinates":[11.97924,57.7063044]}},{"type":"Feature","properties":{"name":"Poseidon","kind":"place"},"geometry":{"type":"Point","coordinates":[11.979591,57.6971779]}},{"type":"Feature","properties":{"name":"Förvaltningsrätten i Göteborg","kind":"place"},"geometry":{"type":"Point","coordinates":[11.982066,57.7025508]}},{"type":"Feature","properties":{"name":"Göta Energi","kind":"place"},"geometry":{"type":"Point","coordinates":[11.9811112,57.7030867]}},{"type":"Feature","properties":{"name":"Solringen","kind":"place"},"geometry":{"type":"Point","coordinates":[11.984653,57.6950781]}},{"type":"Feature","properties":{"name":"Liggande kvinna","kind":"place"},"geometry":{"type":"Point","coordinates":[11.9839591,57.6960911]}},{"type":"Feature","properties":{"name":"I am the camera","kind":"place"},"geometry":{"type":"Point","coordinates":[11.9798762,57.6967234]}},{"type":"Feature","properties":{"name":"Amoshi","kind":"place"},"geometry":{"type":"Point","coordinates":[11.9699446,57.7055027]}},{"type":"Feature","properties":{"name":"Bistro Brev","kind":"place"},"geometry":{"type":"Point","coordinates":[11.9654584,57.6987912]}},{"type":"Feature","properties":{"name":"Aliby","kind":"place"},"geometry":{"type":"Point","coordinates":[11.9668191,57.7097297]}},{"type":"Feature","properties":{"name":"Bang & Olufsen","kind":"shop"},"geometry":{"type":"Point","coordinates":[11.9754414,57.6997005]}},{"type":"Feature","properties":{"name":"Bostadsbolagets Bobutik","kind":"place"},"geometry":{"type":"Point","coordinates":[11.9828734,57.7017926]}},{"type":"Feature","properties":{"name":"Il Gambero","kind":"place"},"geometry":{"type":"Point","coordinates":[11.9652693,57.6992528]}},{"type":"Feature","properties":{"name":"Fighter centre","kind":"place"},"geometry":{"type":"Point","coordinates":[11.965966,57.6958828]}},{"type":"Feature","properties":{"name":"Lindex","kind":"shop"},"geometry":{"type":"Point","coordinates":[11.9680992,57.7047443]}},{"type":"Feature","properties":{"name":"Pozzetti Gelateria","kind":"place"},"geometry":{"type":"Point","coordinates":[11.9655701,57.704234]}},{"type":"Feature","properties":{"name":"Hemtex","kind":"shop"},"geometry":{"type":"Point","coordinates":[11.9658552,57.7042764]}},{"type":"Feature","properties":{"name":"Irish Embassy","kind":"place"},"geometry":{"type":"Point","coordinates":[11.9696531,57.704989]}},{"type":"Feature","properties":{"name":"Massimo Dutti","kind":"shop"},"geometry":{"type":"Point","coordinates":[11.9694559,57.704703]}},{"type":"Feature","properties":{"name":"Arkivet","kind":"shop"},"geometry":{"type":"Point","coordinates":[11.9701997,57.7049549]}},{"type":"Feature","properties":{"name":"Länsförsäkringar","kind":"place"},"geometry":{"type":"Point","coordinates":[11.9701465,57.7050518]}},{"type":"Feature","properties":{"name":"Volt","kind":"shop"},"geometry":{"type":"Point","coordinates":[11.9704117,57.7051181]}},{"type":"Feature","properties":{"name":"Olivia","kind":"place"},"geometry":{"type":"Point","coordinates":[11.9726,57.701706]}},{"type":"Feature","properties":{"name":"Grebban","kind":"place"},"geometry":{"type":"Point","coordinates":[11.9659563,57.6978348]}},{"type":"Feature","properties":{"name":"Bastard Burgers","kind":"place"},"geometry":{"type":"Point","coordinates":[11.965749,57.7031464]}},{"type":"Feature","properties":{"name":"Nils Ericsonsplatsen","kind":"tram_stop"},"geometry":{"type":"Point","coordinates":[11.9711554,57.708939]}},{"type":"Feature","properties":{"name":"Nils Ericsonsplatsen","kind":"tram_stop"},"geometry":{"type":"Point","coordinates":[11.9710133,57.7093126]}},{"type":"Feature","properties":{"name":"Montessoriskolan Elyseum","kind":"place"},"geometry":{"type":"Point","coordinates":[11.981083,57.7044682]}},{"type":"Feature","properties":{"name":"Office Food","kind":"place"},"geometry":{"type":"Point","coordinates":[11.9653103,57.7082694]}},{"type":"Feature","properties":{"name":"Boqueria","kind":"place"},"geometry":{"type":"Point","coordinates":[11.9785832,57.6973065]}},{"type":"Feature","properties":{"name":"CampusPharma","kind":"place"},"geometry":{"type":"Point","coordinates":[11.9671999,57.6999402]}},{"type":"Feature","properties":{"name":"Jimmy & Joans","kind":"place"},"geometry":{"type":"Point","coordinates":[11.9744781,57.6998387]}},{"type":"Feature","properties":{"name":"Bik Bok","kind":"shop"},"geometry":{"type":"Point","coordinates":[11.9706184,57.7052971]}},{"type":"Feature","properties":{"name":"Levi's","kind":"shop"},"geometry":{"type":"Point","coordinates":[11.9705906,57.7053533]}},{"type":"Feature","properties":{"name":"Søstrene Grene","kind":"shop"},"geometry":{"type":"Point","coordinates":[11.9705607,57.7054139]}},{"type":"Feature","properties":{"name":"Levi's","kind":"shop"},"geometry":{"type":"Point","coordinates":[11.9705369,57.705462]}},{"type":"Feature","properties":{"name":"Uniqlo","kind":"shop"},"geometry":{"type":"Point","coordinates":[11.9706757,57.7055329]}},{"type":"Feature","properties":{"name":"Junkyard","kind":"shop"},"geometry":{"type":"Point","coordinates":[11.9707316,57.7054753]}},{"type":"Feature","properties":{"name":"Vans","kind":"shop"},"geometry":{"type":"Point","coordinates":[11.9707719,57.7053885]}},{"type":"Feature","properties":{"name":"Carlings","kind":"shop"},"geometry":{"type":"Point","coordinates":[11.9708315,57.7052858]}},{"type":"Feature","properties":{"name":"Wagners Bristo","kind":"place"},"geometry":{"type":"Point","coordinates":[11.9711357,57.7049484]}},{"type":"Feature","properties":{"name":"Göteborgs universitets studentkårer","kind":"place"},"geometry":{"type":"Point","coordinates":[11.9747767,57.6969573]}},{"type":"Feature","properties":{"name":"Lejon","kind":"place"},"geometry":{"type":"Point","coordinates":[11.971017,57.6986303]}},{"type":"Feature","properties":{"name":"Lejon","kind":"place"},"geometry":{"type":"Point","coordinates":[11.9712533,57.6987259]}},{"type":"Feature","properties":{"name":"Bohuslän","kind":"place"},"geometry":{"type":"Point","coordinates":[11.9720258,57.7086969]}},{"type":"Feature","properties":{"name":"Cicero","kind":"place"},"geometry":{"type":"Point","coordinates":[11.9685555,57.6986764]}},{"type":"Feature","properties":{"name":"Acceleration","kind":"place"},"geometry":{"type":"Point","coordinates":[11.9713023,57.6976233]}},{"type":"Feature","properties":{"name":"Manniny","kind":"place"},"geometry":{"type":"Point","coordinates":[11.965954,57.6982677]}},{"type":"Feature","properties":{"name":"Brunnsparken","kind":"tram_stop"},"geometry":{"type":"Point","coordinates":[11.9694639,57.7071764]}},{"type":"Feature","properties":{"name":"Vasa Viktoriagatan","kind":"tram_stop"},"geometry":{"type":"Point","coordinates":[11.9653351,57.6984459]}},{"type":"Feature","properties":{"name":"We App","kind":"place"},"geometry":{"type":"Point","coordinates":[11.9693123,57.7060321]}},{"type":"Feature","properties":{"name":"Angelini","kind":"place"},"geometry":{"type":"Point","coordinates":[11.9712647,57.7079858]}},{"type":"Feature","properties":{"name":"Ramis Spel och Tobak","kind":"shop"},"geometry":{"type":"Point","coordinates":[11.9680434,57.6967231]}},{"type":"Feature","properties":{"name":"Mister York","kind":"place"},"geometry":{"type":"Point","coordinates":[11.9792423,57.7060759]}},{"type":"Feature","properties":{"name":"Brunchoteket","kind":"place"},"geometry":{"type":"Point","coordinates":[11.9670756,57.7030093]}},{"type":"Feature","properties":{"name":"Navico-Group","kind":"place"},"geometry":{"type":"Point","coordinates":[11.9663925,57.6950084]}},{"type":"Feature","properties":{"name":"St Agnes kafé","kind":"place"},"geometry":{"type":"Point","coordinates":[11.9731222,57.699781]}},{"type":"Feature","properties":{"name":"Oraklet","kind":"place"},"geometry":{"type":"Point","coordinates":[11.9660717,57.704907]}},{"type":"Feature","properties":{"name":"Vattenfall InCharge","kind":"place"},"geometry":{"type":"Point","coordinates":[11.975612,57.708938]}},{"type":"Feature","properties":{"name":"Mer","kind":"place"},"geometry":{"type":"Point","coordinates":[11.97798,57.70818]}},{"type":"Feature","properties":{"name":"Cykelfiket Heden","kind":"shop"},"geometry":{"type":"Point","coordinates":[11.979854,57.7028095]}},{"type":"Feature","properties":{"name":"Holy Greens","kind":"place"},"geometry":{"type":"Point","coordinates":[11.9714786,57.7058244]}},{"type":"Feature","properties":{"name":"Wasa optik","kind":"shop"},"geometry":{"type":"Point","coordinates":[11.9690734,57.6993309]}},{"type":"Feature","properties":{"name":"Våren","kind":"place"},"geometry":{"type":"Point","coordinates":[11.9731396,57.7034314]}},{"type":"Feature","properties":{"name":"Artspace: Rubin","kind":"place"},"geometry":{"type":"Point","coordinates":[11.9782356,57.6984681]}},{"type":"Feature","properties":{"name":"Artspace: Koralie Och Supakitch","kind":"place"},"geometry":{"type":"Point","coordinates":[11.969339,57.704088]}},{"type":"Feature","properties":{"name":"Artspace: Rubin","kind":"place"},"geometry":{"type":"Point","coordinates":[11.9788553,57.698204]}},{"type":"Feature","properties":{"name":"Designgymnasiet","kind":"place"},"geometry":{"type":"Point","coordinates":[11.9650468,57.7058325]}},{"type":"Feature","properties":{"name":"Anariagymnasiet","kind":"place"},"geometry":{"type":"Point","coordinates":[11.9682943,57.7054063]}},{"type":"Feature","properties":{"name":"JENSEN Gymnasium","kind":"place"},"geometry":{"type":"Point","coordinates":[11.9723308,57.7046193]}},{"type":"Feature","properties":{"name":"LBS Kreativa Gymnasiet","kind":"place"},"geometry":{"type":"Point","coordinates":[11.9666596,57.7087155]}},{"type":"Feature","properties":{"name":"Olof Wijk","kind":"place"},"geometry":{"type":"Point","coordinates":[11.9724046,57.7027006]}},{"type":"Feature","properties":{"name":"Stående","kind":"place"},"geometry":{"type":"Point","coordinates":[11.9672301,57.695703]}},{"type":"Feature","properties":{"name":"Victoria","kind":"place"},"geometry":{"type":"Point","coordinates":[11.9663211,57.6959749]}},{"type":"Feature","properties":{"name":"Erik Dahlberg","kind":"place"},"geometry":{"type":"Point","coordinates":[11.9714817,57.6950588]}},{"type":"Feature","properties":{"name":"Krokusflickan","kind":"place"},"geometry":{"type":"Point","coordinates":[11.9687753,57.7006157]}},{"type":"Feature","properties":{"name":"Studiohanna","kind":"shop"},"geometry":{"type":"Point","coordinates":[11.9713106,57.7062174]}},{"type":"Feature","properties":{"name":"Instabox","kind":"place"},"geometry":{"type":"Point","coordinates":[11.9693566,57.6988245]}},{"type":"Feature","properties":{"name":"A day's march","kind":"shop"},"geometry":{"type":"Point","coordinates":[11.9664434,57.7033306]}},{"type":"Feature","properties":{"name":"Paddan Sightseeing","kind":"shop"},"geometry":{"type":"Point","coordinates":[11.9699783,57.7036141]}},{"type":"Feature","properties":{"name":"Blackstone Steakhouse","kind":"place"},"geometry":{"type":"Point","coordinates":[11.9668968,57.7033892]}},{"type":"Feature","properties":{"name":"Gelateria Positano","kind":"place"},"geometry":{"type":"Point","coordinates":[11.9759922,57.7000556]}},{"type":"Feature","properties":{"name":"Kågebaren","kind":"place"},"geometry":{"type":"Point","coordinates":[11.9679879,57.7035834]}},{"type":"Feature","properties":{"name":"Hasselsons Macklucka","kind":"place"},"geometry":{"type":"Point","coordinates":[11.9679154,57.7035114]}},{"type":"Feature","properties":{"name":"Brogyllen","kind":"place"},"geometry":{"type":"Point","coordinates":[11.9678993,57.703564]}},{"type":"Feature","properties":{"name":"Mille i Hallen","kind":"shop"},"geometry":{"type":"Point","coordinates":[11.9679725,57.7035233]}},{"type":"Feature","properties":{"name":"Hugo Ericson Ost","kind":"shop"},"geometry":{"type":"Point","coordinates":[11.9678044,57.7035158]}},{"type":"Feature","properties":{"name":"Banh Mi Shop","kind":"place"},"geometry":{"type":"Point","coordinates":[11.9682706,57.7036396]}},{"type":"Feature","properties":{"name":"Kajakbryggan","kind":"place"},"geometry":{"type":"Point","coordinates":[11.9720608,57.7037089]}},{"type":"Feature","properties":{"name":"Paddan","kind":"place"},"geometry":{"type":"Point","coordinates":[11.9700026,57.7035878]}},{"type":"Feature","properties":{"name":"7-Eleven","kind":"shop"},"geometry":{"type":"Point","coordinates":[11.9714148,57.7076369]}},{"type":"Feature","properties":{"name":"Österrikes honorära generalkonsulat","kind":"place"},"geometry":{"type":"Point","coordinates":[11.9758176,57.6969848]}},{"type":"Feature","properties":{"name":"Cervera","kind":"shop"},"geometry":{"type":"Point","coordinates":[11.9702305,57.7090971]}},{"type":"Feature","properties":{"name":"Buono Pizzeria","kind":"place"},"geometry":{"type":"Point","coordinates":[11.9751307,57.6991211]}},{"type":"Feature","properties":{"name":"Kvarterskliniken Lorensberg","kind":"place"},"geometry":{"type":"Point","coordinates":[11.976266,57.6991417]}},{"type":"Feature","properties":{"name":"Vårdcentralen Läkarhuset","kind":"place"},"geometry":{"type":"Point","coordinates":[11.9785864,57.699929]}},{"type":"Feature","properties":{"name":"Kvarterskliniken Avenyn","kind":"place"},"geometry":{"type":"Point","coordinates":[11.9757428,57.6994925]}},{"type":"Feature","properties":{"name":"Vinge","kind":"place"},"geometry":{"type":"Point","coordinates":[11.968891,57.7099579]}},{"type":"Feature","properties":{"name":"Lindahl","kind":"place"},"geometry":{"type":"Point","coordinates":[11.9689819,57.7064747]}},{"type":"Feature","properties":{"name":"Bror och Bord","kind":"place"},"geometry":{"type":"Point","coordinates":[11.9838404,57.7039658]}},{"type":"Feature","properties":{"name":"Jinx Dynasty","kind":"place"},"geometry":{"type":"Point","coordinates":[11.9658067,57.7035983]}},{"type":"Feature","properties":{"name":"Brisket & Friends","kind":"place"},"geometry":{"type":"Point","coordinates":[11.9655921,57.703559]}},{"type":"Feature","properties":{"name":"Lundhags","kind":"shop"},"geometry":{"type":"Point","coordinates":[11.9683885,57.7054293]}},{"type":"Feature","properties":{"name":"Dahls Bageributik","kind":"shop"},"geometry":{"type":"Point","coordinates":[11.9680045,57.7073873]}},{"type":"Feature","properties":{"name":"Kungsportplatsen/Stora teatern (1)","kind":"place"},"geometry":{"type":"Point","coordinates":[11.9712644,57.7027842]}},{"type":"Feature","properties":{"name":"Bar El Guiri","kind":"place"},"geometry":{"type":"Point","coordinates":[11.9695284,57.7037588]}},{"type":"Feature","properties":{"name":"Nike's Göteborg","kind":"place"},"geometry":{"type":"Point","coordinates":[11.9688285,57.704197]}},{"type":"Feature","properties":{"name":"Let's Boat","kind":"place"},"geometry":{"type":"Point","coordinates":[11.9674391,57.706481]}},{"type":"Feature","properties":{"name":"Lekia","kind":"shop"},"geometry":{"type":"Point","coordinates":[11.967126,57.7044638]}},{"type":"Feature","properties":{"name":"Den hemlighetsfulla porten","kind":"place"},"geometry":{"type":"Point","coordinates":[11.9737032,57.7055212]}},{"type":"Feature","properties":{"name":"Skopunkten","kind":"shop"},"geometry":{"type":"Point","coordinates":[11.9703399,57.7088858]}},{"type":"Feature","properties":{"name":"Blickpunkten","kind":"shop"},"geometry":{"type":"Point","coordinates":[11.9699264,57.7090331]}},{"type":"Feature","properties":{"name":"Jo & the juice","kind":"place"},"geometry":{"type":"Point","coordinates":[11.9693686,57.7085051]}},{"type":"Feature","properties":{"name":"Polhemsplatsen","kind":"place"},"geometry":{"type":"Point","coordinates":[11.9772966,57.7079413]}},{"type":"Feature","properties":{"name":"Centralstationen","kind":"place"},"geometry":{"type":"Point","coordinates":[11.9735427,57.7076649]}},{"type":"Feature","properties":{"name":"Centralstationen","kind":"place"},"geometry":{"type":"Point","coordinates":[11.9730128,57.7076908]}},{"type":"Feature","properties":{"name":"Centralstationen","kind":"place"},"geometry":{"type":"Point","coordinates":[11.9729311,57.7075274]}},{"type":"Feature","properties":{"name":"Instabox","kind":"place"},"geometry":{"type":"Point","coordinates":[11.9724045,57.7094882]}},{"type":"Feature","properties":{"name":"Sultan Barbershop","kind":"shop"},"geometry":{"type":"Point","coordinates":[11.973136,57.7065136]}},{"type":"Feature","properties":{"name":"The Right Cut","kind":"shop"},"geometry":{"type":"Point","coordinates":[11.9728069,57.7066367]}},{"type":"Feature","properties":{"name":"Sushi Yama","kind":"place"},"geometry":{"type":"Point","coordinates":[11.9659171,57.7038429]}},{"type":"Feature","properties":{"name":"Stranger","kind":"place"},"geometry":{"type":"Point","coordinates":[11.9688719,57.7036089]}},{"type":"Feature","properties":{"name":"Lidl","kind":"shop"},"geometry":{"type":"Point","coordinates":[11.9701192,57.7087235]}},{"type":"Feature","properties":{"name":"Oris Dental","kind":"place"},"geometry":{"type":"Point","coordinates":[11.9807226,57.7088389]}},{"type":"Feature","properties":{"name":"Momentum","kind":"place"},"geometry":{"type":"Point","coordinates":[11.9812948,57.7089337]}},{"type":"Feature","properties":{"name":"Akai Koi Sushi","kind":"place"},"geometry":{"type":"Point","coordinates":[11.9693144,57.7005032]}},{"type":"Feature","properties":{"name":"Porta via","kind":"place"},"geometry":{"type":"Point","coordinates":[11.9729987,57.7088039]}},{"type":"Feature","properties":{"name":"Instabox","kind":"place"},"geometry":{"type":"Point","coordinates":[11.9681541,57.7088601]}},{"type":"Feature","properties":{"name":"Mahogny","kind":"place"},"geometry":{"type":"Point","coordinates":[11.9664541,57.7078144]}},{"type":"Feature","properties":{"name":"Adrianas Danshus","kind":"place"},"geometry":{"type":"Point","coordinates":[11.9659551,57.7089908]}},{"type":"Feature","properties":{"name":"Edo Sushi","kind":"place"},"geometry":{"type":"Point","coordinates":[11.9678438,57.7052575]}},{"type":"Feature","properties":{"name":"Am Thuc Viet","kind":"place"},"geometry":{"type":"Point","coordinates":[11.9751723,57.7016364]}},{"type":"Feature","properties":{"name":"Wallenstam","kind":"place"},"geometry":{"type":"Point","coordinates":[11.9733341,57.7019669]}},{"type":"Feature","properties":{"name":"Phở Kim","kind":"place"},"geometry":{"type":"Point","coordinates":[11.9715966,57.7062663]}},{"type":"Feature","properties":{"name":"KIKU KÖKET","kind":"place"},"geometry":{"type":"Point","coordinates":[11.9677933,57.7092275]}},{"type":"Feature","properties":{"name":"RUM för PAPPER","kind":"shop"},"geometry":{"type":"Point","coordinates":[11.965612,57.703487]}},{"type":"Feature","properties":{"name":"abiti","kind":"shop"},"geometry":{"type":"Point","coordinates":[11.9657335,57.7034151]}},{"type":"Feature","properties":{"name":"SHAPING NEW TOMORROW","kind":"shop"},"geometry":{"type":"Point","coordinates":[11.9658539,57.7034355]}},{"type":"Feature","properties":{"name":"LIVLY","kind":"shop"},"geometry":{"type":"Point","coordinates":[11.9657959,57.7036165]}},{"type":"Feature","properties":{"name":"Skomakare","kind":"shop"},"geometry":{"type":"Point","coordinates":[11.9658644,57.7035218]}},{"type":"Feature","properties":{"name":"Församlingsfakulteten","kind":"place"},"geometry":{"type":"Point","coordinates":[11.9782649,57.6957988]}},{"type":"Feature","properties":{"name":"Normal","kind":"shop"},"geometry":{"type":"Point","coordinates":[11.970347,57.705551]}},{"type":"Feature","properties":{"name":"Studio 34","kind":"shop"},"geometry":{"type":"Point","coordinates":[11.9721244,57.6953877]}},{"type":"Feature","properties":{"name":"Etheral nailstudio","kind":"shop"},"geometry":{"type":"Point","coordinates":[11.9721518,57.6953569]}},{"type":"Feature","properties":{"name":"Point blank tattoo","kind":"shop"},"geometry":{"type":"Point","coordinates":[11.97174,57.6958512]}},{"type":"Feature","properties":{"name":"Guld&CO","kind":"shop"},"geometry":{"type":"Point","coordinates":[11.9715281,57.6961041]}},{"type":"Feature","properties":{"name":"Florabar","kind":"shop"},"geometry":{"type":"Point","coordinates":[11.9720846,57.6954359]}},{"type":"Feature","properties":{"name":"Miss Miso","kind":"place"},"geometry":{"type":"Point","coordinates":[11.9716986,57.6959145]}},{"type":"Feature","properties":{"name":"Fair fashion room","kind":"shop"},"geometry":{"type":"Point","coordinates":[11.9714797,57.6961576]}},{"type":"Feature","properties":{"name":"Niki Beuty studio","kind":"shop"},"geometry":{"type":"Point","coordinates":[11.9716463,57.6959661]}},{"type":"Feature","properties":{"name":"Y Nyman Hantverk & Design","kind":"shop"},"geometry":{"type":"Point","coordinates":[11.9717762,57.6957995]}},{"type":"Feature","properties":{"name":"Elli kliniken","kind":"shop"},"geometry":{"type":"Point","coordinates":[11.9719083,57.6956433]}},{"type":"Feature","properties":{"name":"Hos Karolina","kind":"shop"},"geometry":{"type":"Point","coordinates":[11.97157,57.6960494]}},{"type":"Feature","properties":{"name":"Instabox","kind":"place"},"geometry":{"type":"Point","coordinates":[11.967778,57.6985931]}},{"type":"Feature","properties":{"name":"Offline Board Game Cafe","kind":"place"},"geometry":{"type":"Point","coordinates":[11.9734397,57.6992801]}},{"type":"Feature","properties":{"name":"Norrøna","kind":"shop"},"geometry":{"type":"Point","coordinates":[11.9671423,57.7046046]}},{"type":"Feature","properties":{"name":"Victors Kaffe","kind":"place"},"geometry":{"type":"Point","coordinates":[11.9691361,57.7067192]}},{"type":"Feature","properties":{"name":"Totale","kind":"place"},"geometry":{"type":"Point","coordinates":[11.9740207,57.6988564]}},{"type":"Feature","properties":{"name":"Arket Café","kind":"place"},"geometry":{"type":"Point","coordinates":[11.968635,57.7049785]}},{"type":"Feature","properties":{"name":"Gilda Skolan","kind":"place"},"geometry":{"type":"Point","coordinates":[11.9755744,57.7003398]}},{"type":"Feature","properties":{"name":"Togogo","kind":"place"},"geometry":{"type":"Point","coordinates":[11.9683592,57.7091231]}},{"type":"Feature","properties":{"name":"SJ lounge","kind":"place"},"geometry":{"type":"Point","coordinates":[11.9729606,57.709292]}},{"type":"Feature","properties":{"name":"Candela Coffee","kind":"place"},"geometry":{"type":"Point","coordinates":[11.9672277,57.7089689]}},{"type":"Feature","properties":{"name":"Objektiv","kind":"place"},"geometry":{"type":"Point","coordinates":[11.9655711,57.7097313]}},{"type":"Feature","properties":{"name":"Smile Tandvård Göteborg Ett4","kind":"place"},"geometry":{"type":"Point","coordinates":[11.9683712,57.6987957]}},{"type":"Feature","properties":{"name":"Svarta Hästen","kind":"place"},"geometry":{"type":"Point","coordinates":[11.9745541,57.7029332]}},{"type":"Feature","properties":{"name":"Cellutions","kind":"shop"},"geometry":{"type":"Point","coordinates":[11.9679733,57.6995442]}},{"type":"Feature","properties":{"name":"Kc galleri","kind":"place"},"geometry":{"type":"Point","coordinates":[11.9680576,57.6994031]}},{"type":"Feature","properties":{"name":"Mystery Shack","kind":"shop"},"geometry":{"type":"Point","coordinates":[11.9821648,57.7093558]}},{"type":"Feature","properties":{"name":"Ost & Deli","kind":"shop"},"geometry":{"type":"Point","coordinates":[11.972432,57.6950864]}},{"type":"Feature","properties":{"name":"Franska Skolan","kind":"place"},"geometry":{"type":"Point","coordinates":[11.9723342,57.6960167]}},{"type":"Feature","properties":{"name":"Otto's Market","kind":"shop"},"geometry":{"type":"Point","coordinates":[11.9724708,57.6950239]}},{"type":"Feature","properties":{"name":"miss Print","kind":"shop"},"geometry":{"type":"Point","coordinates":[11.9724876,57.6958757]}},{"type":"Feature","properties":{"name":"Tanja Unlimited","kind":"shop"},"geometry":{"type":"Point","coordinates":[11.9727755,57.6956339]}},{"type":"Feature","properties":{"name":"Michael.Persson.Carling Jewellery","kind":"shop"},"geometry":{"type":"Point","coordinates":[11.9721966,57.6962717]}},{"type":"Feature","properties":{"name":"Studio MLI","kind":"shop"},"geometry":{"type":"Point","coordinates":[11.9722428,57.6952812]}},{"type":"Feature","properties":{"name":"Prost","kind":"place"},"geometry":{"type":"Point","coordinates":[11.9650202,57.6996716]}},{"type":"Feature","properties":{"name":"MQ","kind":"shop"},"geometry":{"type":"Point","coordinates":[11.968045,57.7041769]}},{"type":"Feature","properties":{"name":"you had me at hello","kind":"shop"},"geometry":{"type":"Point","coordinates":[11.9679703,57.7041697]}},{"type":"Feature","properties":{"name":"Bistro Tuppen","kind":"place"},"geometry":{"type":"Point","coordinates":[11.9743678,57.6999143]}},{"type":"Feature","properties":{"name":"GMA Pianoskola","kind":"place"},"geometry":{"type":"Point","coordinates":[11.9733218,57.695071]}},{"type":"Feature","properties":{"name":"Salong Trappa Ner","kind":"shop"},"geometry":{"type":"Point","coordinates":[11.9702602,57.69592]}},{"type":"Feature","properties":{"name":"Innerstadens Arkitekten","kind":"place"},"geometry":{"type":"Point","coordinates":[11.970374,57.6965063]}},{"type":"Feature","properties":{"name":"Open Sun","kind":"shop"},"geometry":{"type":"Point","coordinates":[11.9701811,57.6962247]}},{"type":"Feature","properties":{"name":"Thailänds Massage","kind":"shop"},"geometry":{"type":"Point","coordinates":[11.9704444,57.6966442]}},{"type":"Feature","properties":{"name":"Bar La Lune","kind":"place"},"geometry":{"type":"Point","coordinates":[11.9719211,57.6963793]}},{"type":"Feature","properties":{"name":"Salong Damon","kind":"shop"},"geometry":{"type":"Point","coordinates":[11.9717344,57.6964171]}},{"type":"Feature","properties":{"name":"Vasa Pizza & Bar","kind":"place"},"geometry":{"type":"Point","coordinates":[11.9702556,57.6962805]}},{"type":"Feature","properties":{"name":"da Matteo Handel","kind":"shop"},"geometry":{"type":"Point","coordinates":[11.9749824,57.6995006]}},{"type":"Feature","properties":{"name":"Hakata","kind":"place"},"geometry":{"type":"Point","coordinates":[11.9693103,57.7035441]}},{"type":"Feature","properties":{"name":"Nespresso","kind":"shop"},"geometry":{"type":"Point","coordinates":[11.9686983,57.7064303]}},{"type":"Feature","properties":{"name":"Desingtorget","kind":"shop"},"geometry":{"type":"Point","coordinates":[11.9682527,57.7057438]}},{"type":"Feature","properties":{"name":"Pressbyrån","kind":"shop"},"geometry":{"type":"Point","coordinates":[11.9689121,57.706483]}},{"type":"Feature","properties":{"name":"Kvänum Townhouse","kind":"shop"},"geometry":{"type":"Point","coordinates":[11.9705844,57.7061224]}},{"type":"Feature","properties":{"name":"Nelly","kind":"shop"},"geometry":{"type":"Point","coordinates":[11.9703912,57.706089]}},{"type":"Feature","properties":{"name":"Jalla Habibi","kind":"place"},"geometry":{"type":"Point","coordinates":[11.9716498,57.7071301]}},{"type":"Feature","properties":{"name":"Essnce Carashmellow","kind":"shop"},"geometry":{"type":"Point","coordinates":[11.968761,57.7059612]}},{"type":"Feature","properties":{"name":"Pressbyrån","kind":"shop"},"geometry":{"type":"Point","coordinates":[11.9711093,57.7069716]}},{"type":"Feature","properties":{"name":"Caroline Svedbom Jewelry","kind":"shop"},"geometry":{"type":"Point","coordinates":[11.9688368,57.7058876]}},{"type":"Feature","properties":{"name":"Bellitudo","kind":"shop"},"geometry":{"type":"Point","coordinates":[11.9711967,57.7062435]}},{"type":"Feature","properties":{"name":"Nk Sushi Takame","kind":"place"},"geometry":{"type":"Point","coordinates":[11.9691224,57.7059214]}},{"type":"Feature","properties":{"name":"Beets","kind":"place"},"geometry":{"type":"Point","coordinates":[11.9706236,57.706127]}},{"type":"Feature","properties":{"name":"Master Kebab","kind":"place"},"geometry":{"type":"Point","coordinates":[11.9692247,57.7060255]}},{"type":"Feature","properties":{"name":"Nio","kind":"shop"},"geometry":{"type":"Point","coordinates":[11.9687644,57.7059565]}},{"type":"Feature","properties":{"name":"Sephora","kind":"shop"},"geometry":{"type":"Point","coordinates":[11.97014,57.7061994]}},{"type":"Feature","properties":{"name":"Noot","kind":"place"},"geometry":{"type":"Point","coordinates":[11.9720251,57.7069152]}},{"type":"Feature","properties":{"name":"Cecil Coworking","kind":"place"},"geometry":{"type":"Point","coordinates":[11.9702021,57.7067092]}},{"type":"Feature","properties":{"name":"La Belle","kind":"place"},"geometry":{"type":"Point","coordinates":[11.9700698,57.706033]}},{"type":"Feature","properties":{"name":"Drottning Kliniken","kind":"place"},"geometry":{"type":"Point","coordinates":[11.9698223,57.7061098]}},{"type":"Feature","properties":{"name":"Cecil Coworking","kind":"place"},"geometry":{"type":"Point","coordinates":[11.9715917,57.7068895]}},{"type":"Feature","properties":{"name":"Pressbyrån","kind":"shop"},"geometry":{"type":"Point","coordinates":[11.9690409,57.707255]}},{"type":"Feature","properties":{"name":"Cosentino","kind":"place"},"geometry":{"type":"Point","coordinates":[11.9705049,57.7044589]}},{"type":"Feature","properties":{"name":"Göteborgs Pantbank","kind":"shop"},"geometry":{"type":"Point","coordinates":[11.9707512,57.7042946]}},{"type":"Feature","properties":{"name":"Bolia","kind":"shop"},"geometry":{"type":"Point","coordinates":[11.9704051,57.70457]}},{"type":"Feature","properties":{"name":"Jedviks","kind":"shop"},"geometry":{"type":"Point","coordinates":[11.9711394,57.7057907]}},{"type":"Feature","properties":{"name":"Warhammer","kind":"shop"},"geometry":{"type":"Point","coordinates":[11.9731559,57.7066529]}},{"type":"Feature","properties":{"name":"Joe & The Juice","kind":"place"},"geometry":{"type":"Point","coordinates":[11.9702564,57.7047669]}},{"type":"Feature","properties":{"name":"South Indian","kind":"place"},"geometry":{"type":"Point","coordinates":[11.9718178,57.7052874]}},{"type":"Feature","properties":{"name":"Black Sliver","kind":"shop"},"geometry":{"type":"Point","coordinates":[11.9720295,57.70598]}},{"type":"Feature","properties":{"name":"Cultum Clinique Dinjection","kind":"shop"},"geometry":{"type":"Point","coordinates":[11.9707231,57.7042677]}},{"type":"Feature","properties":{"name":"Subdued","kind":"shop"},"geometry":{"type":"Point","coordinates":[11.9706026,57.7053828]}},{"type":"Feature","properties":{"name":"De svarta","kind":"place"},"geometry":{"type":"Point","coordinates":[11.9741625,57.7059361]}},{"type":"Feature","properties":{"name":"Etoli Laser","kind":"shop"},"geometry":{"type":"Point","coordinates":[11.9730323,57.6995809]}},{"type":"Feature","properties":{"name":"KFUM Second Hand Vasa","kind":"shop"},"geometry":{"type":"Point","coordinates":[11.9721222,57.6994776]}},{"type":"Feature","properties":{"name":"Asian Food","kind":"place"},"geometry":{"type":"Point","coordinates":[11.974579,57.6984701]}},{"type":"Feature","properties":{"name":"Brams Burger","kind":"place"},"geometry":{"type":"Point","coordinates":[11.9759383,57.6993771]}},{"type":"Feature","properties":{"name":"Elindesign Jewellry","kind":"shop"},"geometry":{"type":"Point","coordinates":[11.9744283,57.698583]}},{"type":"Feature","properties":{"name":"Mormors","kind":"shop"},"geometry":{"type":"Point","coordinates":[11.9727927,57.6989521]}},{"type":"Feature","properties":{"name":"Lorensberg","kind":"place"},"geometry":{"type":"Point","coordinates":[11.9742879,57.6986587]}},{"type":"Feature","properties":{"name":"Royal Pizzeria","kind":"place"},"geometry":{"type":"Point","coordinates":[11.974907,57.6982429]}},{"type":"Feature","properties":{"name":"Isabella Hair","kind":"shop"},"geometry":{"type":"Point","coordinates":[11.9732045,57.6993978]}},{"type":"Feature","properties":{"name":"Benjamin Tattoo","kind":"shop"},"geometry":{"type":"Point","coordinates":[11.9689388,57.6995682]}},{"type":"Feature","properties":{"name":"Fancys","kind":"place"},"geometry":{"type":"Point","coordinates":[11.9749381,57.6982386]}},{"type":"Feature","properties":{"name":"Göteborgs Kök I Bar","kind":"place"},"geometry":{"type":"Point","coordinates":[11.9726602,57.699049]}},{"type":"Feature","properties":{"name":"Saint Heaven","kind":"shop"},"geometry":{"type":"Point","coordinates":[11.9741312,57.6979866]}},{"type":"Feature","properties":{"name":"Sjöbergh Optik","kind":"shop"},"geometry":{"type":"Point","coordinates":[11.9734062,57.6993301]}},{"type":"Feature","properties":{"name":"Salong de la Vasa","kind":"shop"},"geometry":{"type":"Point","coordinates":[11.9723765,57.7000352]}},{"type":"Feature","properties":{"name":"Blondify Salong","kind":"shop"},"geometry":{"type":"Point","coordinates":[11.9728343,57.6989001]}},{"type":"Feature","properties":{"name":"C O","kind":"shop"},"geometry":{"type":"Point","coordinates":[11.9725314,57.6991057]}},{"type":"Feature","properties":{"name":"Durgés Trafikskola","kind":"place"},"geometry":{"type":"Point","coordinates":[11.9751335,57.6980931]}},{"type":"Feature","properties":{"name":"Wasa Foto","kind":"shop"},"geometry":{"type":"Point","coordinates":[11.9691074,57.6992646]}},{"type":"Feature","properties":{"name":"Vasaplatsens Högtidskläder","kind":"shop"},"geometry":{"type":"Point","coordinates":[11.9690691,57.6992982]}},{"type":"Feature","properties":{"name":"Lorensbergs Fisk & Bar","kind":"place"},"geometry":{"type":"Point","coordinates":[11.9812931,57.6980057]}},{"type":"Feature","properties":{"name":"Pressbyrån","kind":"shop"},"geometry":{"type":"Point","coordinates":[11.9764035,57.7085823]}},{"type":"Feature","properties":{"name":"Glenn Sportsbar","kind":"place"},"geometry":{"type":"Point","coordinates":[11.9843373,57.7056176]}},{"type":"Feature","properties":{"name":"Sweet Burger","kind":"place"},"geometry":{"type":"Point","coordinates":[11.9669298,57.7056649]}},{"type":"Feature","properties":{"name":"Götaplatsens Foto","kind":"shop"},"geometry":{"type":"Point","coordinates":[11.9778737,57.6975602]}},{"type":"Feature","properties":{"name":"Lorensbergs Tandvård","kind":"place"},"geometry":{"type":"Point","coordinates":[11.9816785,57.697816]}},{"type":"Feature","properties":{"name":"Me & Tea","kind":"place"},"geometry":{"type":"Point","coordinates":[11.9669002,57.7050149]}},{"type":"Feature","properties":{"name":"Carpe diem beds","kind":"shop"},"geometry":{"type":"Point","coordinates":[11.9695245,57.7054312]}},{"type":"Feature","properties":{"name":"Wei Wei Asian Eatery","kind":"place"},"geometry":{"type":"Point","coordinates":[11.9691762,57.7087565]}},{"type":"Feature","properties":{"name":"Göteborgs Tandvård","kind":"place"},"geometry":{"type":"Point","coordinates":[11.9769213,57.7007509]}},{"type":"Feature","properties":{"name":"Klättermusen","kind":"shop"},"geometry":{"type":"Point","coordinates":[11.9685651,57.706405]}},{"type":"Feature","properties":{"name":"Capgemini","kind":"place"},"geometry":{"type":"Point","coordinates":[11.9687498,57.706437]}},{"type":"Feature","properties":{"name":"Göteborgs domkyrka","kind":"place"},"geometry":{"type":"Point","coordinates":[11.9653,57.7045375]}},{"type":"Feature","properties":{"name":"Nordstan","kind":"shop"},"geometry":{"type":"Point","coordinates":[11.969115,57.708622]}},{"type":"Feature","properties":{"name":"Göteborgs Stadsteater","kind":"place"},"geometry":{"type":"Point","coordinates":[11.9807865,57.6974976]}},{"type":"Feature","properties":{"name":"Lorensbergsteatern","kind":"place"},"geometry":{"type":"Point","coordinates":[11.9800623,57.6982063]}},{"type":"Feature","properties":{"name":"Saluhallen","kind":"place"},"geometry":{"type":"Point","coordinates":[11.9678919,57.7035373]}},{"type":"Feature","properties":{"name":"Trädgår'n","kind":"place"},"geometry":{"type":"Point","coordinates":[11.9757352,57.7044398]}},{"type":"Feature","properties":{"name":"P-hus Nordstan","kind":"place"},"geometry":{"type":"Point","coordinates":[11.9684339,57.7096765]}},{"type":"Feature","properties":{"name":"Tyska kyrkan","kind":"place"},"geometry":{"type":"Point","coordinates":[11.9648841,57.706713]}},{"type":"Feature","properties":{"name":"Stora Teatern","kind":"place"},"geometry":{"type":"Point","coordinates":[11.9706652,57.7025378]}},{"type":"Feature","properties":{"name":"Poseidonbrunnen","kind":"place"},"geometry":{"type":"Point","coordinates":[11.9795924,57.6971798]}},{"type":"Feature","properties":{"name":"Humanistiska biblioteket","kind":"place"},"geometry":{"type":"Point","coordinates":[11.9853327,57.6954167]}},{"type":"Feature","properties":{"name":"Göteborg Organ Art Center","kind":"place"},"geometry":{"type":"Point","coordinates":[11.980111,57.6953539]}},{"type":"Feature","properties":{"name":"Institutionen för filosofi, lingvistik och vetenskapsteori","kind":"place"},"geometry":{"type":"Point","coordinates":[11.9800773,57.69574]}},{"type":"Feature","properties":{"name":"Målarnas Hus","kind":"place"},"geometry":{"type":"Point","coordinates":[11.9798183,57.6959429]}},{"type":"Feature","properties":{"name":"Kinesiska generalkonsulatet","kind":"place"},"geometry":{"type":"Point","coordinates":[11.9661988,57.7028395]}},{"type":"Feature","properties":{"name":"Heden","kind":"place"},"geometry":{"type":"Point","coordinates":[11.9806462,57.7004422]}},{"type":"Feature","properties":{"name":"Lasse på Heden","kind":"place"},"geometry":{"type":"Point","coordinates":[11.9795483,57.7000404]}},{"type":"Feature","properties":{"name":"Odd Fellow Orden","kind":"place"},"geometry":{"type":"Point","coordinates":[11.9648753,57.6975869]}},{"type":"Feature","properties":{"name":"Clarion Hotel Post","kind":"place"},"geometry":{"type":"Point","coordinates":[11.975053,57.7081329]}},{"type":"Feature","properties":{"name":"Börsen","kind":"place"},"geometry":{"type":"Point","coordinates":[11.9669867,57.7076996]}},{"type":"Feature","properties":{"name":"Werners bistro","kind":"place"},"geometry":{"type":"Point","coordinates":[11.9780691,57.7040068]}},{"type":"Feature","properties":{"name":"Göteborgs synagoga","kind":"place"},"geometry":{"type":"Point","coordinates":[11.9722595,57.7056088]}},{"type":"Feature","properties":{"name":"Pressbyrån","kind":"shop"},"geometry":{"type":"Point","coordinates":[11.9703475,57.7040292]}},{"type":"Feature","properties":{"name":"Arkaden","kind":"shop"},"geometry":{"type":"Point","coordinates":[11.96933,57.7062872]}},{"type":"Feature","properties":{"name":"Sankt Jakobs kyrka","kind":"place"},"geometry":{"type":"Point","coordinates":[11.9748303,57.7031434]}},{"type":"Feature","properties":{"name":"Kristus Konungens katolska kyrka","kind":"place"},"geometry":{"type":"Point","coordinates":[11.9778419,57.7042933]}},{"type":"Feature","properties":{"name":"Floating Saigon","kind":"place"},"geometry":{"type":"Point","coordinates":[11.9697302,57.7034133]}},{"type":"Feature","properties":{"name":"Hotel Poseidon","kind":"place"},"geometry":{"type":"Point","coordinates":[11.969919,57.700138]}},{"type":"Feature","properties":{"name":"Knut Ströms Plats","kind":"place"},"geometry":{"type":"Point","coordinates":[11.9811209,57.6977275]}},{"type":"Feature","properties":{"name":"Artisten","kind":"place"},"geometry":{"type":"Point","coordinates":[11.9824943,57.6965433]}},{"type":"Feature","properties":{"name":"Sultan Döner","kind":"place"},"geometry":{"type":"Point","coordinates":[11.9771204,57.6984999]}},{"type":"Feature","properties":{"name":"Cafe Grindstugan","kind":"place"},"geometry":{"type":"Point","coordinates":[11.97268,57.7033476]}},{"type":"Feature","properties":{"name":"Pressbyrån","kind":"shop"},"geometry":{"type":"Point","coordinates":[11.9739686,57.7005168]}},{"type":"Feature","properties":{"name":"Göteborgs stadshus","kind":"place"},"geometry":{"type":"Point","coordinates":[11.9666056,57.7074622]}},{"type":"Feature","properties":{"name":"Akademibokhandeln","kind":"shop"},"geometry":{"type":"Point","coordinates":[11.9692804,57.707343]}},{"type":"Feature","properties":{"name":"Apotek Hjärtat","kind":"place"},"geometry":{"type":"Point","coordinates":[11.9697102,57.7079785]}},{"type":"Feature","properties":{"name":"Lekia","kind":"shop"},"geometry":{"type":"Point","coordinates":[11.9699999,57.7076544]}},{"type":"Feature","properties":{"name":"Saigon Food","kind":"shop"},"geometry":{"type":"Point","coordinates":[11.968385,57.709477]}},{"type":"Feature","properties":{"name":"Brothers","kind":"shop"},"geometry":{"type":"Point","coordinates":[11.969665,57.7077859]}},{"type":"Feature","properties":{"name":"Glasskiosken","kind":"place"},"geometry":{"type":"Point","coordinates":[11.9695617,57.7077382]}},{"type":"Feature","properties":{"name":"Clas Ohlson","kind":"shop"},"geometry":{"type":"Point","coordinates":[11.9681357,57.7098422]}},{"type":"Feature","properties":{"name":"Cubus","kind":"shop"},"geometry":{"type":"Point","coordinates":[11.9693403,57.7075283]}},{"type":"Feature","properties":{"name":"Dressmann","kind":"shop"},"geometry":{"type":"Point","coordinates":[11.9693817,57.7082416]}},{"type":"Feature","properties":{"name":"Scorett","kind":"shop"},"geometry":{"type":"Point","coordinates":[11.9691095,57.7076651]}},{"type":"Feature","properties":{"name":"Din sko","kind":"shop"},"geometry":{"type":"Point","coordinates":[11.9692791,57.7089699]}},{"type":"Feature","properties":{"name":"Hemtex","kind":"shop"},"geometry":{"type":"Point","coordinates":[11.9690436,57.7080514]}},{"type":"Feature","properties":{"name":"Zeekr","kind":"shop"},"geometry":{"type":"Point","coordinates":[11.9691074,57.7092233]}},{"type":"Feature","properties":{"name":"Hemköp","kind":"shop"},"geometry":{"type":"Point","coordinates":[11.96846,57.7089999]}},{"type":"Feature","properties":{"name":"Intersport","kind":"shop"},"geometry":{"type":"Point","coordinates":[11.9703735,57.7076701]}},{"type":"Feature","properties":{"name":"Din Sko","kind":"shop"},"geometry":{"type":"Point","coordinates":[11.9685493,57.7078361]}},{"type":"Feature","properties":{"name":"KappAhl","kind":"shop"},"geometry":{"type":"Point","coordinates":[11.9688217,57.7080808]}},{"type":"Feature","properties":{"name":"Kjell & Company","kind":"shop"},"geometry":{"type":"Point","coordinates":[11.96854,57.7075977]}},{"type":"Feature","properties":{"name":"Barberoni","kind":"shop"},"geometry":{"type":"Point","coordinates":[11.9682775,57.7096828]}},{"type":"Feature","properties":{"name":"Lindex","kind":"shop"},"geometry":{"type":"Point","coordinates":[11.969559,57.7081424]}},{"type":"Feature","properties":{"name":"McDonald's","kind":"place"},"geometry":{"type":"Point","coordinates":[11.9698415,57.7075388]}},{"type":"Feature","properties":{"name":"P-hus Nordstan","kind":"place"},"geometry":{"type":"Point","coordinates":[11.9683886,57.709231]}},{"type":"Feature","properties":{"name":"Papeterie","kind":"shop"},"geometry":{"type":"Point","coordinates":[11.96836,57.7095242]}},{"type":"Feature","properties":{"name":"Volt","kind":"shop"},"geometry":{"type":"Point","coordinates":[11.9691199,57.7078555]}},{"type":"Feature","properties":{"name":"Butterick's","kind":"shop"},"geometry":{"type":"Point","coordinates":[11.9688276,57.7094217]}},{"type":"Feature","properties":{"name":"Stjärnurmakarna","kind":"shop"},"geometry":{"type":"Point","coordinates":[11.9692679,57.7087667]}},{"type":"Feature","properties":{"name":"Stadium Run","kind":"shop"},"geometry":{"type":"Point","coordinates":[11.9688934,57.7078123]}},{"type":"Feature","properties":{"name":"Stadium","kind":"shop"},"geometry":{"type":"Point","coordinates":[11.9697161,57.7075567]}},{"type":"Feature","properties":{"name":"Elon","kind":"shop"},"geometry":{"type":"Point","coordinates":[11.9686301,57.7095067]}},{"type":"Feature","properties":{"name":"Synoptik","kind":"shop"},"geometry":{"type":"Point","coordinates":[11.9696741,57.707706]}},{"type":"Feature","properties":{"name":"Systembolaget","kind":"shop"},"geometry":{"type":"Point","coordinates":[11.9686911,57.7096922]}},{"type":"Feature","properties":{"name":"Lilla Rummet","kind":"shop"},"geometry":{"type":"Point","coordinates":[11.968655,57.7094576]}},{"type":"Feature","properties":{"name":"Tele2","kind":"shop"},"geometry":{"type":"Point","coordinates":[11.9697789,57.7073797]}},{"type":"Feature","properties":{"name":"Telenor","kind":"shop"},"geometry":{"type":"Point","coordinates":[11.9692983,57.7076067]}},{"type":"Feature","properties":{"name":"Pressbyrån","kind":"shop"},"geometry":{"type":"Point","coordinates":[11.96909,57.7079115]}},{"type":"Feature","properties":{"name":"Souvenirs and Gifts","kind":"shop"},"geometry":{"type":"Point","coordinates":[11.9683397,57.7095629]}},{"type":"Feature","properties":{"name":"Elgiganten","kind":"shop"},"geometry":{"type":"Point","coordinates":[11.9682024,57.7097684]}},{"type":"Feature","properties":{"name":"Toalett & Lounge","kind":"place"},"geometry":{"type":"Point","coordinates":[11.9680837,57.7099786]}},{"type":"Feature","properties":{"name":"PicaDeli","kind":"place"},"geometry":{"type":"Point","coordinates":[11.9682473,57.7077431]}},{"type":"Feature","properties":{"name":"Bunchery by Blomrum","kind":"shop"},"geometry":{"type":"Point","coordinates":[11.9692938,57.7076778]}},{"type":"Feature","properties":{"name":"Ur&Penn","kind":"shop"},"geometry":{"type":"Point","coordinates":[11.9692706,57.7085297]}},{"type":"Feature","properties":{"name":"Vero Moda Jack & Jones","kind":"shop"},"geometry":{"type":"Point","coordinates":[11.9693891,57.7074367]}},{"type":"Feature","properties":{"name":"Verner & Verner","kind":"shop"},"geometry":{"type":"Point","coordinates":[11.9683124,57.709615]}},{"type":"Feature","properties":{"name":"newbie","kind":"shop"},"geometry":{"type":"Point","coordinates":[11.9691791,57.7090527]}},{"type":"Feature","properties":{"name":"H&M Home","kind":"shop"},"geometry":{"type":"Point","coordinates":[11.9692301,57.7086276]}},{"type":"Feature","properties":{"name":"Åhléns","kind":"shop"},"geometry":{"type":"Point","coordinates":[11.9679908,57.7087941]}},{"type":"Feature","properties":{"name":"Espresso House","kind":"place"},"geometry":{"type":"Point","coordinates":[11.9696572,57.7076224]}},{"type":"Feature","properties":{"name":"The Body Shop","kind":"shop"},"geometry":{"type":"Point","coordinates":[11.9687794,57.7076341]}},{"type":"Feature","properties":{"name":"Eyes + More","kind":"shop"},"geometry":{"type":"Point","coordinates":[11.9682513,57.7097331]}},{"type":"Feature","properties":{"name":"Lagerhaus","kind":"shop"},"geometry":{"type":"Point","coordinates":[11.9677108,57.7083246]}},{"type":"Feature","properties":{"name":"Rut m. fl.","kind":"shop"},"geometry":{"type":"Point","coordinates":[11.970202,57.7066211]}},{"type":"Feature","properties":{"name":"United Colors of Benetton","kind":"shop"},"geometry":{"type":"Point","coordinates":[11.9688606,57.7063507]}},{"type":"Feature","properties":{"name":"Björn Borg","kind":"shop"},"geometry":{"type":"Point","coordinates":[11.9689874,57.7060324]}},{"type":"Feature","properties":{"name":"Brobergs","kind":"shop"},"geometry":{"type":"Point","coordinates":[11.9691119,57.706361]}},{"type":"Feature","properties":{"name":"Change","kind":"shop"},"geometry":{"type":"Point","coordinates":[11.9690122,57.7060173]}},{"type":"Feature","properties":{"name":"Design Only","kind":"shop"},"geometry":{"type":"Point","coordinates":[11.9698525,57.7062701]}},{"type":"Feature","properties":{"name":"Design Only","kind":"shop"},"geometry":{"type":"Point","coordinates":[11.9698501,57.706214]}},{"type":"Feature","properties":{"name":"Envy","kind":"shop"},"geometry":{"type":"Point","coordinates":[11.9687535,57.7060718]}},{"type":"Feature","properties":{"name":"Face","kind":"shop"},"geometry":{"type":"Point","coordinates":[11.9688971,57.7059796]}},{"type":"Feature","properties":{"name":"Flash","kind":"shop"},"geometry":{"type":"Point","coordinates":[11.9688942,57.7062107]}},{"type":"Feature","properties":{"name":"Glitter","kind":"shop"},"geometry":{"type":"Point","coordinates":[11.969119,57.7063756]}},{"type":"Feature","properties":{"name":"Khau Geng","kind":"place"},"geometry":{"type":"Point","coordinates":[11.9695093,57.706215]}},{"type":"Feature","properties":{"name":"MQ11","kind":"shop"},"geometry":{"type":"Point","coordinates":[11.9699456,57.7061599]}},{"type":"Feature","properties":{"name":"Mango","kind":"shop"},"geometry":{"type":"Point","coordinates":[11.9698363,57.7064282]}},{"type":"Feature","properties":{"name":"Mango","kind":"shop"},"geometry":{"type":"Point","coordinates":[11.9698716,57.7064656]}},{"type":"Feature","properties":{"name":"Nilson Shoes","kind":"shop"},"geometry":{"type":"Point","coordinates":[11.9698453,57.7063478]}},{"type":"Feature","properties":{"name":"One Piece","kind":"shop"},"geometry":{"type":"Point","coordinates":[11.9691441,57.7060813]}},{"type":"Feature","properties":{"name":"Peak Performance","kind":"shop"},"geometry":{"type":"Point","coordinates":[11.9692755,57.70615]}},{"type":"Feature","properties":{"name":"Raglady","kind":"shop"},"geometry":{"type":"Point","coordinates":[11.9692317,57.7063821]}},{"type":"Feature","properties":{"name":"Tara","kind":"shop"},"geometry":{"type":"Point","coordinates":[11.9691406,57.7060557]}},{"type":"Feature","properties":{"name":"Teknikmagasinet","kind":"shop"},"geometry":{"type":"Point","coordinates":[11.9690658,57.7064782]}},{"type":"Feature","properties":{"name":"The North Face","kind":"shop"},"geometry":{"type":"Point","coordinates":[11.9687535,57.706341]}},{"type":"Feature","properties":{"name":"Tommy Hilfiger","kind":"shop"},"geometry":{"type":"Point","coordinates":[11.968807,57.7060867]}},{"type":"Feature","properties":{"name":"Pressbyrån","kind":"shop"},"geometry":{"type":"Point","coordinates":[11.9689687,57.7064122]}},{"type":"Feature","properties":{"name":"Zara","kind":"shop"},"geometry":{"type":"Point","coordinates":[11.9694354,57.7064853]}},{"type":"Feature","properties":{"name":"Zara","kind":"shop"},"geometry":{"type":"Point","coordinates":[11.9693254,57.7064656]}},{"type":"Feature","properties":{"name":"Kungstorget","kind":"place"},"geometry":{"type":"Point","coordinates":[11.9677432,57.7032428]}},{"type":"Feature","properties":{"name":"Burger King","kind":"place"},"geometry":{"type":"Point","coordinates":[11.9700225,57.7083304]}},{"type":"Feature","properties":{"name":"Normal","kind":"shop"},"geometry":{"type":"Point","coordinates":[11.9699015,57.708219]}},{"type":"Feature","properties":{"name":"Guldfynd","kind":"shop"},"geometry":{"type":"Point","coordinates":[11.9695683,57.7082693]}},{"type":"Feature","properties":{"name":"Hallbergs Guld","kind":"shop"},"geometry":{"type":"Point","coordinates":[11.969713,57.7082624]}},{"type":"Feature","properties":{"name":"Pizza Hut","kind":"place"},"geometry":{"type":"Point","coordinates":[11.9702238,57.7083922]}},{"type":"Feature","properties":{"name":"Le Pain Français","kind":"place"},"geometry":{"type":"Point","coordinates":[11.9697284,57.708395]}},{"type":"Feature","properties":{"name":"Engelbrektsgatan 34 E Förskola","kind":"place"},"geometry":{"type":"Point","coordinates":[11.9804153,57.7009894]}},{"type":"Feature","properties":{"name":"Vasakyrkan","kind":"place"},"geometry":{"type":"Point","coordinates":[11.9734267,57.6969604]}},{"type":"Feature","properties":{"name":"Vattensnäcka","kind":"place"},"geometry":{"type":"Point","coordinates":[11.9768725,57.7066492]}},{"type":"Feature","properties":{"name":"Victoriaskolan","kind":"place"},"geometry":{"type":"Point","coordinates":[11.9671918,57.6963411]}},{"type":"Feature","properties":{"name":"Schillerska Gymnasiet","kind":"place"},"geometry":{"type":"Point","coordinates":[11.9683425,57.6972723]}},{"type":"Feature","properties":{"name":"Hvitfeldtska gymnasiet","kind":"place"},"geometry":{"type":"Point","coordinates":[11.9743062,57.6958311]}},{"type":"Feature","properties":{"name":"Vasagrillen","kind":"place"},"geometry":{"type":"Point","coordinates":[11.9700637,57.6985822]}},{"type":"Feature","properties":{"name":"Franks","kind":"place"},"geometry":{"type":"Point","coordinates":[11.9744842,57.7087774]}},{"type":"Feature","properties":{"name":"Nils Ericson Terminalen","kind":"place"},"geometry":{"type":"Point","coordinates":[11.9716575,57.7100569]}},{"type":"Feature","properties":{"name":"Göteborg Anno 1644","kind":"place"},"geometry":{"type":"Point","coordinates":[11.9665457,57.7069798]}},{"type":"Feature","properties":{"name":"Hotel Opera","kind":"place"},"geometry":{"type":"Point","coordinates":[11.9711344,57.7078125]}},{"type":"Feature","properties":{"name":"Seppo Soonsoo","kind":"shop"},"geometry":{"type":"Point","coordinates":[11.9700778,57.7086936]}},{"type":"Feature","properties":{"name":"Nordstans Kebab & Grill","kind":"place"},"geometry":{"type":"Point","coordinates":[11.9684664,57.7072115]}},{"type":"Feature","properties":{"name":"Espresso House","kind":"place"},"geometry":{"type":"Point","coordinates":[11.9683585,57.7071687]}},{"type":"Feature","properties":{"name":"Pressbyrån","kind":"shop"},"geometry":{"type":"Point","coordinates":[11.9691283,57.707271]}},{"type":"Feature","properties":{"name":"Brödernas","kind":"place"},"geometry":{"type":"Point","coordinates":[11.9689062,57.7072872]}},{"type":"Feature","properties":{"name":"Max","kind":"place"},"geometry":{"type":"Point","coordinates":[11.9686075,57.7073311]}},{"type":"Feature","properties":{"name":"Tandoori Kitchen","kind":"place"},"geometry":{"type":"Point","coordinates":[11.9705223,57.7079018]}},{"type":"Feature","properties":{"name":"Calzedonia","kind":"shop"},"geometry":{"type":"Point","coordinates":[11.970078,57.7085621]}},{"type":"Feature","properties":{"name":"Forex Bank","kind":"place"},"geometry":{"type":"Point","coordinates":[11.9701695,57.7085935]}},{"type":"Feature","properties":{"name":"Euronics","kind":"shop"},"geometry":{"type":"Point","coordinates":[11.9702616,57.7086075]}},{"type":"Feature","properties":{"name":"7-Eleven","kind":"shop"},"geometry":{"type":"Point","coordinates":[11.9698775,57.7085317]}},{"type":"Feature","properties":{"name":"Intimissimi","kind":"shop"},"geometry":{"type":"Point","coordinates":[11.9694834,57.7084837]}},{"type":"Feature","properties":{"name":"MQ","kind":"shop"},"geometry":{"type":"Point","coordinates":[11.9696779,57.7085769]}},{"type":"Feature","properties":{"name":"Bik Bok","kind":"shop"},"geometry":{"type":"Point","coordinates":[11.9697279,57.7087112]}},{"type":"Feature","properties":{"name":"Pandora","kind":"shop"},"geometry":{"type":"Point","coordinates":[11.9697543,57.7088247]}},{"type":"Feature","properties":{"name":"DRM-LND","kind":"shop"},"geometry":{"type":"Point","coordinates":[11.9699038,57.7088442]}},{"type":"Feature","properties":{"name":"Indiska","kind":"shop"},"geometry":{"type":"Point","coordinates":[11.9700359,57.7088555]}},{"type":"Feature","properties":{"name":"Deichmann","kind":"shop"},"geometry":{"type":"Point","coordinates":[11.9704922,57.7087991]}},{"type":"Feature","properties":{"name":"Lyko","kind":"shop"},"geometry":{"type":"Point","coordinates":[11.9698093,57.7091796]}},{"type":"Feature","properties":{"name":"Eurosko","kind":"shop"},"geometry":{"type":"Point","coordinates":[11.9696201,57.7091982]}},{"type":"Feature","properties":{"name":"Arken Zoo","kind":"shop"},"geometry":{"type":"Point","coordinates":[11.9699835,57.7093431]}},{"type":"Feature","properties":{"name":"Götheborgs Te & Kaffehandel","kind":"shop"},"geometry":{"type":"Point","coordinates":[11.9704719,57.7083937]}},{"type":"Feature","properties":{"name":"Oishi Express","kind":"place"},"geometry":{"type":"Point","coordinates":[11.9703741,57.7083952]}},{"type":"Feature","properties":{"name":"Le Pain Français","kind":"place"},"geometry":{"type":"Point","coordinates":[11.9705551,57.7083843]}},{"type":"Feature","properties":{"name":"Hälsokosten","kind":"shop"},"geometry":{"type":"Point","coordinates":[11.9706533,57.708404]}},{"type":"Feature","properties":{"name":"3Butiken","kind":"shop"},"geometry":{"type":"Point","coordinates":[11.9708417,57.7084308]}},{"type":"Feature","properties":{"name":"Hälsa & Fitness","kind":"shop"},"geometry":{"type":"Point","coordinates":[11.9710963,57.7075891]}},{"type":"Feature","properties":{"name":"Viet Beauty","kind":"shop"},"geometry":{"type":"Point","coordinates":[11.9709547,57.7075662]}},{"type":"Feature","properties":{"name":"City Kebab","kind":"place"},"geometry":{"type":"Point","coordinates":[11.9708519,57.707548]}},{"type":"Feature","properties":{"name":"Pantbanken Sverige","kind":"shop"},"geometry":{"type":"Point","coordinates":[11.9707269,57.7075289]}},{"type":"Feature","properties":{"name":"Webhallen","kind":"shop"},"geometry":{"type":"Point","coordinates":[11.9700717,57.7091927]}},{"type":"Feature","properties":{"name":"Kicks","kind":"shop"},"geometry":{"type":"Point","coordinates":[11.9706211,57.7086919]}},{"type":"Feature","properties":{"name":"VILA","kind":"shop"},"geometry":{"type":"Point","coordinates":[11.9680588,57.7083301]}},{"type":"Feature","properties":{"name":"H&M","kind":"shop"},"geometry":{"type":"Point","coordinates":[11.9684896,57.7083507]}},{"type":"Feature","properties":{"name":"Synsam","kind":"shop"},"geometry":{"type":"Point","coordinates":[11.9680127,57.7077061]}},{"type":"Feature","properties":{"name":"Pressbyrån","kind":"shop"},"geometry":{"type":"Point","coordinates":[11.9678421,57.7078543]}},{"type":"Feature","properties":{"name":"Apoteket Express","kind":"place"},"geometry":{"type":"Point","coordinates":[11.9678122,57.7079308]}},{"type":"Feature","properties":{"name":"Flying Tiger Copenhagen","kind":"shop"},"geometry":{"type":"Point","coordinates":[11.9677713,57.7080125]}},{"type":"Feature","properties":{"name":"Cassels","kind":"shop"},"geometry":{"type":"Point","coordinates":[11.9680228,57.7079673]}},{"type":"Feature","properties":{"name":"157","kind":"shop"},"geometry":{"type":"Point","coordinates":[11.9682264,57.7080244]}},{"type":"Feature","properties":{"name":"Missay","kind":"shop"},"geometry":{"type":"Point","coordinates":[11.9684412,57.7080379]}},{"type":"Feature","properties":{"name":"Telia","kind":"shop"},"geometry":{"type":"Point","coordinates":[11.9686867,57.7081353]}},{"type":"Feature","properties":{"name":"Snabbvaccin","kind":"shop"},"geometry":{"type":"Point","coordinates":[11.9700976,57.7080274]}},{"type":"Feature","properties":{"name":"Glitter","kind":"shop"},"geometry":{"type":"Point","coordinates":[11.9703107,57.7083483]}},{"type":"Feature","properties":{"name":"Hunkemöller","kind":"shop"},"geometry":{"type":"Point","coordinates":[11.9702219,57.7083072]}},{"type":"Feature","properties":{"name":"Heden","kind":"place"},"geometry":{"type":"Point","coordinates":[11.9820562,57.7009525]}},{"type":"Feature","properties":{"name":"Hyatt Place Gothenburg Central","kind":"place"},"geometry":{"type":"Point","coordinates":[11.9724461,57.7091245]}},{"type":"Feature","properties":{"name":"Åkareplatsen","kind":"place"},"geometry":{"type":"Point","coordinates":[11.9765025,57.7082288]}},{"type":"Feature","properties":{"name":"Institutionen för filosofi, lingvistik och vetenskapsteori","kind":"place"},"geometry":{"type":"Point","coordinates":[11.9840273,57.6961007]}},{"type":"Feature","properties":{"name":"Hotel Liseberg Heden","kind":"place"},"geometry":{"type":"Point","coordinates":[11.9813433,57.7016448]}},{"type":"Feature","properties":{"name":"Hotel Eggers","kind":"place"},"geometry":{"type":"Point","coordinates":[11.9721747,57.7080814]}},{"type":"Feature","properties":{"name":"Polisen Göteborg","kind":"place"},"geometry":{"type":"Point","coordinates":[11.9823012,57.7059237]}},{"type":"Feature","properties":{"name":"Kammarrätten i Göteborg","kind":"place"},"geometry":{"type":"Point","coordinates":[11.9721199,57.7047787]}},{"type":"Feature","properties":{"name":"Göteborgs rådhus","kind":"place"},"geometry":{"type":"Point","coordinates":[11.9656554,57.7069237]}},{"type":"Feature","properties":{"name":"Heden","kind":"place"},"geometry":{"type":"Point","coordinates":[11.9755232,57.7027231]}},{"type":"Feature","properties":{"name":"Lorensberg","kind":"place"},"geometry":{"type":"Point","coordinates":[11.9807541,57.6985292]}},{"type":"Feature","properties":{"name":"Nils Ericson Terminalen","kind":"place"},"geometry":{"type":"Point","coordinates":[11.9722664,57.7101935]}},{"type":"Feature","properties":{"name":"Hvilla Medici","kind":"place"},"geometry":{"type":"Point","coordinates":[11.9804217,57.6951537]}},{"type":"Feature","properties":{"name":"Göteborgs Konserthus","kind":"place"},"geometry":{"type":"Point","coordinates":[11.9786221,57.6967338]}},{"type":"Feature","properties":{"name":"Göteborgs konstmuseum","kind":"place"},"geometry":{"type":"Point","coordinates":[11.9808058,57.6965697]}},{"type":"Feature","properties":{"name":"Göteborgs konsthall","kind":"place"},"geometry":{"type":"Point","coordinates":[11.9796779,57.6964939]}},{"type":"Feature","properties":{"name":"Stadsbiblioteket på Götaplatsen","kind":"place"},"geometry":{"type":"Point","coordinates":[11.9795702,57.6978979]}},{"type":"Feature","properties":{"name":"Göteborgs universitet","kind":"place"},"geometry":{"type":"Point","coordinates":[11.9631818,57.6912759]}}]}